identifier	propertyfile	expected_result	sources	fingerprint
../bench-defs/sv-benchmarks/java/jayhorn-recursive/Ackermann01.yml	../bench-defs/sv-benchmarks/java/properties/valid-assert.prp	false	['../bench-defs/sv-benchmarks/java/common', '../bench-defs/sv-benchmarks/java/jayhorn-recursive/Ackermann01']	bf365311dbc0916fb56ecd4c4cb259b12e35f86b39b1120a669736a6500fe3ca
../bench-defs/sv-benchmarks/java/jayhorn-recursive/Addition.yml	../bench-defs/sv-benchmarks/java/properties/valid-assert.prp	true	['../bench-defs/sv-benchmarks/java/common', '../bench-defs/sv-benchmarks/java/jayhorn-recursive/Addition']	e1c095fa1fd51ba7b5b29241e7bee03147c0d739e490aa76971f2e233b0c725b
../bench-defs/sv-benchmarks/java/jayhorn-recursive/InfiniteLoop.yml	../bench-defs/sv-benchmarks/java/properties/valid-assert.prp	false	['../bench-defs/sv-benchmarks/java/common', '../bench-defs/sv-benchmarks/java/jayhorn-recursive/InfiniteLoop']	9aa0ab23a34afbde3161272525a283ba5158b8dbcf2c7a2094a8d89a321cfc67
../bench-defs/sv-benchmarks/java/jayhorn-recursive/SatAckermann01.yml	../bench-defs/sv-benchmarks/java/properties/valid-assert.prp	true	['../bench-defs/sv-benchmarks/java/common', '../bench-defs/sv-benchmarks/java/jayhorn-recursive/SatAckermann01']	91f2903e90d25c15b45b7844a613dd1ddae09de793b35a73251d0828cd559c81
../bench-defs/sv-benchmarks/java/jayhorn-recursive/SatAckermann02.yml	../bench-defs/sv-benchmarks/java/properties/valid-assert.prp	true	['../bench-defs/sv-benchmarks/java/common', '../bench-defs/sv-benchmarks/java/jayhorn-recursive/SatAckermann02']	8bc1b38e33ea48c3eb95712cad3e6a224e417a82043aa700d0017f30f14934b9
../bench-defs/sv-benchmarks/java/jayhorn-recursive/SatAckermann03.yml	../bench-defs/sv-benchmarks/java/properties/valid-assert.prp	true	['../bench-defs/sv-benchmarks/java/common', '../bench-defs/sv-benchmarks/java/jayhorn-recursive/SatAckermann03']	90bbbe12195fa440b0ecb85745554b04a7007d842a375b20b9ce81fdc075a4e2
../bench-defs/sv-benchmarks/java/jayhorn-recursive/SatAddition01.yml	../bench-defs/sv-benchmarks/java/properties/valid-assert.prp	true	['../bench-defs/sv-benchmarks/java/common', '../bench-defs/sv-benchmarks/java/jayhorn-recursive/SatAddition01']	fa3ca5b7f1ca034ad202c53e59c4a1ab26ef6cc74c0a524611e9934bb3c61f06
../bench-defs/sv-benchmarks/java/jayhorn-recursive/SatEvenOdd01.yml	../bench-defs/sv-benchmarks/java/properties/valid-assert.prp	true	['../bench-defs/sv-benchmarks/java/common', '../bench-defs/sv-benchmarks/java/jayhorn-recursive/SatEvenOdd01']	9da8393b2baf3f9356a4b08de264811d49d9a35ebdb833ea78605abe088e5d95
../bench-defs/sv-benchmarks/java/jayhorn-recursive/SatFibonacci01.yml	../bench-defs/sv-benchmarks/java/properties/valid-assert.prp	true	['../bench-defs/sv-benchmarks/java/common', '../bench-defs/sv-benchmarks/java/jayhorn-recursive/SatFibonacci01']	040ffbaa7d92719487c6c7d7f54d3949bd7c90626e2f3f219669d023ab5368af
../bench-defs/sv-benchmarks/java/jayhorn-recursive/SatFibonacci02.yml	../bench-defs/sv-benchmarks/java/properties/valid-assert.prp	true	['../bench-defs/sv-benchmarks/java/common', '../bench-defs/sv-benchmarks/java/jayhorn-recursive/SatFibonacci02']	9408afccf5d9ac2f72a25aa79f1827b07ad6690718675bca565c701a0b295539
../bench-defs/sv-benchmarks/java/jayhorn-recursive/SatFibonacci03.yml	../bench-defs/sv-benchmarks/java/properties/valid-assert.prp	true	['../bench-defs/sv-benchmarks/java/common', '../bench-defs/sv-benchmarks/java/jayhorn-recursive/SatFibonacci03']	0c7c12311b3c2e8a61ca452876501fc7ca9fb6dc22e9af05f40aede41214be59
../bench-defs/sv-benchmarks/java/jayhorn-recursive/SatGcd.yml	../bench-defs/sv-benchmarks/java/properties/valid-assert.prp	true	['../bench-defs/sv-benchmarks/java/common', '../bench-defs/sv-benchmarks/java/jayhorn-recursive/SatGcd']	c03eb7d9a1948c0379a12b7916658f0e4bd2f2f082cfa79ee8b06335546f97a5
../bench-defs/sv-benchmarks/java/jayhorn-recursive/SatHanoi01.yml	../bench-defs/sv-benchmarks/java/properties/valid-assert.prp	true	['../bench-defs/sv-benchmarks/java/common', '../bench-defs/sv-benchmarks/java/jayhorn-recursive/SatHanoi01']	053fd002f515ab555c254defde0eccb43182708be9d60203fe892c0df7bd130f
../bench-defs/sv-benchmarks/java/jayhorn-recursive/SatMccarthy91.yml	../bench-defs/sv-benchmarks/java/properties/valid-assert.prp	true	['../bench-defs/sv-benchmarks/java/common', '../bench-defs/sv-benchmarks/java/jayhorn-recursive/SatMccarthy91']	ec4d5c3d68a0e105dcaaf6c3f2d0a2c5de40f4f28ce330bcdd4a417ffe894f20
../bench-defs/sv-benchmarks/java/jayhorn-recursive/SatMultCommutative01.yml	../bench-defs/sv-benchmarks/java/properties/valid-assert.prp	true	['../bench-defs/sv-benchmarks/java/common', '../bench-defs/sv-benchmarks/java/jayhorn-recursive/SatMultCommutative01']	5e4fd508a76411ab4041f657b580851133db1ae839bc1c9a74e189e3a4bbb2c3
../bench-defs/sv-benchmarks/java/jayhorn-recursive/SatPrimes01.yml	../bench-defs/sv-benchmarks/java/properties/valid-assert.prp	true	['../bench-defs/sv-benchmarks/java/common', '../bench-defs/sv-benchmarks/java/jayhorn-recursive/SatPrimes01']	57e815b2b3c2a32ab17679a65e21d3cb66cb9b60fd00b008420682e4b1d2fdcf
../bench-defs/sv-benchmarks/java/jayhorn-recursive/UnsatAckermann01.yml	../bench-defs/sv-benchmarks/java/properties/valid-assert.prp	false	['../bench-defs/sv-benchmarks/java/common', '../bench-defs/sv-benchmarks/java/jayhorn-recursive/UnsatAckermann01']	83bcb5b4aef963ca07b73e5c7a37237a37f8329c04ce52a1d886a09fd48cbfdd
../bench-defs/sv-benchmarks/java/jayhorn-recursive/UnsatAddition01.yml	../bench-defs/sv-benchmarks/java/properties/valid-assert.prp	false	['../bench-defs/sv-benchmarks/java/common', '../bench-defs/sv-benchmarks/java/jayhorn-recursive/UnsatAddition01']	fe8660af8f288ac86eb58c1a577f27dcded2d3ec67c5cef91fb42412ab1ae8a7
../bench-defs/sv-benchmarks/java/jayhorn-recursive/UnsatAddition02.yml	../bench-defs/sv-benchmarks/java/properties/valid-assert.prp	false	['../bench-defs/sv-benchmarks/java/common', '../bench-defs/sv-benchmarks/java/jayhorn-recursive/UnsatAddition02']	6d5c5c9b67d6cc4ff2317490857d38714125dbfb8c45a612c281f05feba5c9da
../bench-defs/sv-benchmarks/java/jayhorn-recursive/UnsatEvenOdd01.yml	../bench-defs/sv-benchmarks/java/properties/valid-assert.prp	false	['../bench-defs/sv-benchmarks/java/common', '../bench-defs/sv-benchmarks/java/jayhorn-recursive/UnsatEvenOdd01']	0a4eeb8ae2ffbbb28d10320829247c2686ff1bc32c98819011f384aab936e316
../bench-defs/sv-benchmarks/java/jayhorn-recursive/UnsatFibonacci01.yml	../bench-defs/sv-benchmarks/java/properties/valid-assert.prp	false	['../bench-defs/sv-benchmarks/java/common', '../bench-defs/sv-benchmarks/java/jayhorn-recursive/UnsatFibonacci01']	968a8377fa1d912291ee6d6d4e4ad069d7ea80b08398a62b66449f460aa1e66d
../bench-defs/sv-benchmarks/java/jayhorn-recursive/UnsatFibonacci02.yml	../bench-defs/sv-benchmarks/java/properties/valid-assert.prp	false	['../bench-defs/sv-benchmarks/java/common', '../bench-defs/sv-benchmarks/java/jayhorn-recursive/UnsatFibonacci02']	8980ca7b7eb96a2e97655d5caabbee6da165eb731a98d67eccf967e5884b0d6d
../bench-defs/sv-benchmarks/java/jayhorn-recursive/UnsatMccarthy91.yml	../bench-defs/sv-benchmarks/java/properties/valid-assert.prp	false	['../bench-defs/sv-benchmarks/java/common', '../bench-defs/sv-benchmarks/java/jayhorn-recursive/UnsatMccarthy91']	b552c0d6865d8f2a7e03dc3f945935c76e27bf9a38dcc0d9de40d663a3ac649b
../bench-defs/sv-benchmarks/java/jbmc-regression/ArithmeticException1.yml	../bench-defs/sv-benchmarks/java/properties/valid-assert.prp	false	['../bench-defs/sv-benchmarks/java/common', '../bench-defs/sv-benchmarks/java/jbmc-regression/ArithmeticException1']	66a1b5a819eb2a3ce56a9742a88046a2ad97b66296bc27ce1163cb2dbf9c9c7d
../bench-defs/sv-benchmarks/java/jbmc-regression/ArithmeticException5.yml	../bench-defs/sv-benchmarks/java/properties/valid-assert.prp	true	['../bench-defs/sv-benchmarks/java/common', '../bench-defs/sv-benchmarks/java/jbmc-regression/ArithmeticException5']	c1b16102131f642ace585cb76a9d5e49b2927a2c49f375a141c60288c90497ad
../bench-defs/sv-benchmarks/java/jbmc-regression/ArithmeticException6.yml	../bench-defs/sv-benchmarks/java/properties/valid-assert.prp	false	['../bench-defs/sv-benchmarks/java/common', '../bench-defs/sv-benchmarks/java/jbmc-regression/ArithmeticException6']	aba755074efb9732163b4f1fd8abbfdddc182a5c559419ec3ae739a4e8c7f577
../bench-defs/sv-benchmarks/java/jbmc-regression/ArrayIndexOutOfBoundsException1.yml	../bench-defs/sv-benchmarks/java/properties/valid-assert.prp	false	['../bench-defs/sv-benchmarks/java/common', '../bench-defs/sv-benchmarks/java/jbmc-regression/ArrayIndexOutOfBoundsException1']	ffa79d6632188f6d17ea6f3bbd0c7f70c7733cb7529c053b127a6ccd0a9eeb91
../bench-defs/sv-benchmarks/java/jbmc-regression/ArrayIndexOutOfBoundsException2.yml	../bench-defs/sv-benchmarks/java/properties/valid-assert.prp	false	['../bench-defs/sv-benchmarks/java/common', '../bench-defs/sv-benchmarks/java/jbmc-regression/ArrayIndexOutOfBoundsException2']	51f71db17d27921776959e5e4666cb5620c39949d36f137c3ee3e81d57358041
../bench-defs/sv-benchmarks/java/jbmc-regression/ArrayIndexOutOfBoundsException3.yml	../bench-defs/sv-benchmarks/java/properties/valid-assert.prp	false	['../bench-defs/sv-benchmarks/java/common', '../bench-defs/sv-benchmarks/java/jbmc-regression/ArrayIndexOutOfBoundsException3']	97dc986f4dd5c26e2f6021dc9529ff69f3de42e1f670450992e7e64a4d63317a
../bench-defs/sv-benchmarks/java/jbmc-regression/BufferedReaderReadLine.yml	../bench-defs/sv-benchmarks/java/properties/valid-assert.prp	false	['../bench-defs/sv-benchmarks/java/common', '../bench-defs/sv-benchmarks/java/jbmc-regression/BufferedReaderReadLine']	281be0b17c730601d0f8e0cd48262ca6cd75d230fb5905811eec4b938fdf7a2f
../bench-defs/sv-benchmarks/java/jbmc-regression/CharSequenceBug.yml	../bench-defs/sv-benchmarks/java/properties/valid-assert.prp	false	['../bench-defs/sv-benchmarks/java/common', '../bench-defs/sv-benchmarks/java/jbmc-regression/CharSequenceBug']	dd4f335bf69e940e1a0826655fcdc396c38dbd7e8fc37f220c7f97410cec436a
../bench-defs/sv-benchmarks/java/jbmc-regression/CharSequenceToString.yml	../bench-defs/sv-benchmarks/java/properties/valid-assert.prp	true	['../bench-defs/sv-benchmarks/java/common', '../bench-defs/sv-benchmarks/java/jbmc-regression/CharSequenceToString']	f3294772acc6bed294dc52f14e44ddd79089e83575b77c51c640e22ffc7a2b95
../bench-defs/sv-benchmarks/java/jbmc-regression/ClassCastException1.yml	../bench-defs/sv-benchmarks/java/properties/valid-assert.prp	false	['../bench-defs/sv-benchmarks/java/common', '../bench-defs/sv-benchmarks/java/jbmc-regression/ClassCastException1']	b91142e0f38b0c62fb0908dbc7792c09551e5614ccb245f230361b32ecb4ceb9
../bench-defs/sv-benchmarks/java/jbmc-regression/ClassCastException2.yml	../bench-defs/sv-benchmarks/java/properties/valid-assert.prp	true	['../bench-defs/sv-benchmarks/java/common', '../bench-defs/sv-benchmarks/java/jbmc-regression/ClassCastException2']	a79e95ee631c325dfed32dbb44e8a63e7a47f57369672bc8a8ec63e2cde17ad8
../bench-defs/sv-benchmarks/java/jbmc-regression/ClassCastException3.yml	../bench-defs/sv-benchmarks/java/properties/valid-assert.prp	false	['../bench-defs/sv-benchmarks/java/common', '../bench-defs/sv-benchmarks/java/jbmc-regression/ClassCastException3']	ff4a55b2c7738af78a4aa6cefc33b026544366da83baebca756885b180c4dca2
../bench-defs/sv-benchmarks/java/jbmc-regression/Class_method1.yml	../bench-defs/sv-benchmarks/java/properties/valid-assert.prp	true	['../bench-defs/sv-benchmarks/java/common', '../bench-defs/sv-benchmarks/java/jbmc-regression/Class_method1']	834c50d837bf2216f86956babfbee6c71dfef7e210a261acf32b3931ce6fa126
../bench-defs/sv-benchmarks/java/jbmc-regression/Inheritance1.yml	../bench-defs/sv-benchmarks/java/properties/valid-assert.prp	true	['../bench-defs/sv-benchmarks/java/common', '../bench-defs/sv-benchmarks/java/jbmc-regression/Inheritance1']	d7d5c50e045fb0b1fc29691ad8851d1e4a62817d7f63889573c091a5c631129c
../bench-defs/sv-benchmarks/java/jbmc-regression/NegativeArraySizeException1.yml	../bench-defs/sv-benchmarks/java/properties/valid-assert.prp	false	['../bench-defs/sv-benchmarks/java/common', '../bench-defs/sv-benchmarks/java/jbmc-regression/NegativeArraySizeException1']	8e145b9a4466206c8cd33a0ed78aec589f9d2073a67606882ba3a2b29f2838a6
../bench-defs/sv-benchmarks/java/jbmc-regression/NegativeArraySizeException2.yml	../bench-defs/sv-benchmarks/java/properties/valid-assert.prp	false	['../bench-defs/sv-benchmarks/java/common', '../bench-defs/sv-benchmarks/java/jbmc-regression/NegativeArraySizeException2']	aff6458cfc5e06a078226d91d00deec56d8c4b4691915a509181bd492a774096
../bench-defs/sv-benchmarks/java/jbmc-regression/NullPointerException1.yml	../bench-defs/sv-benchmarks/java/properties/valid-assert.prp	true	['../bench-defs/sv-benchmarks/java/common', '../bench-defs/sv-benchmarks/java/jbmc-regression/NullPointerException1']	cc9d7e395a13dee98048444ac2116b4a72c6157eb0ac8b3054a2d8b8b0df28a4
../bench-defs/sv-benchmarks/java/jbmc-regression/NullPointerException2.yml	../bench-defs/sv-benchmarks/java/properties/valid-assert.prp	false	['../bench-defs/sv-benchmarks/java/common', '../bench-defs/sv-benchmarks/java/jbmc-regression/NullPointerException2']	406ae2ffbcc8e2fa2b30efe4f41114bf44d7702e0c32ee67e6fa601d3b33677b
../bench-defs/sv-benchmarks/java/jbmc-regression/NullPointerException3.yml	../bench-defs/sv-benchmarks/java/properties/valid-assert.prp	false	['../bench-defs/sv-benchmarks/java/common', '../bench-defs/sv-benchmarks/java/jbmc-regression/NullPointerException3']	4aac07b0696194815e7269940780155fa2350a5dfa8c705e63b53ea65e2eea66
../bench-defs/sv-benchmarks/java/jbmc-regression/NullPointerException4.yml	../bench-defs/sv-benchmarks/java/properties/valid-assert.prp	false	['../bench-defs/sv-benchmarks/java/common', '../bench-defs/sv-benchmarks/java/jbmc-regression/NullPointerException4']	18eba74becaa9aeaee9fe78dfccd6cef1ef372ec6c6e1acaf99da3b05c2de061
../bench-defs/sv-benchmarks/java/jbmc-regression/RegexMatches01.yml	../bench-defs/sv-benchmarks/java/properties/valid-assert.prp	true	['../bench-defs/sv-benchmarks/java/common', '../bench-defs/sv-benchmarks/java/jbmc-regression/RegexMatches01']	f386c3a28c2f49ee0ed7950825942589ee4a1af87d0d00018b2255e4df7ddd6f
../bench-defs/sv-benchmarks/java/jbmc-regression/RegexMatches02.yml	../bench-defs/sv-benchmarks/java/properties/valid-assert.prp	false	['../bench-defs/sv-benchmarks/java/common', '../bench-defs/sv-benchmarks/java/jbmc-regression/RegexMatches02']	57d4b08c359e8d73ce8cded43b7f65e64b277d504effc42c0e12e98afef49f0f
../bench-defs/sv-benchmarks/java/jbmc-regression/RegexSubstitution01.yml	../bench-defs/sv-benchmarks/java/properties/valid-assert.prp	true	['../bench-defs/sv-benchmarks/java/common', '../bench-defs/sv-benchmarks/java/jbmc-regression/RegexSubstitution01']	216acc84a5d44da1cc2570d41abad3ab3d55e69786a1ebcda7e409fd7d6fccbe
../bench-defs/sv-benchmarks/java/jbmc-regression/RegexSubstitution02.yml	../bench-defs/sv-benchmarks/java/properties/valid-assert.prp	false	['../bench-defs/sv-benchmarks/java/common', '../bench-defs/sv-benchmarks/java/jbmc-regression/RegexSubstitution02']	b188cbd8ef7b241c1571ddf2e43cc60ffbb10e29c005b609be49c83506ea4713
../bench-defs/sv-benchmarks/java/jbmc-regression/RegexSubstitution03.yml	../bench-defs/sv-benchmarks/java/properties/valid-assert.prp	true	['../bench-defs/sv-benchmarks/java/common', '../bench-defs/sv-benchmarks/java/jbmc-regression/RegexSubstitution03']	44ba3234fd848be0b8e56ba00e84e8babedc1cfb1d7ade62ecba5be97a39856f
../bench-defs/sv-benchmarks/java/jbmc-regression/StaticCharMethods01.yml	../bench-defs/sv-benchmarks/java/properties/valid-assert.prp	true	['../bench-defs/sv-benchmarks/java/common', '../bench-defs/sv-benchmarks/java/jbmc-regression/StaticCharMethods01']	e55ddb1e71665c7577840ac7bc770ac0da3c8d91e14d937805ce08ced652acfb
../bench-defs/sv-benchmarks/java/jbmc-regression/StaticCharMethods02.yml	../bench-defs/sv-benchmarks/java/properties/valid-assert.prp	false	['../bench-defs/sv-benchmarks/java/common', '../bench-defs/sv-benchmarks/java/jbmc-regression/StaticCharMethods02']	bf01d31909feb8a97902cc1958a54d641257626f32d32dad419a6f17c2d34fee
../bench-defs/sv-benchmarks/java/jbmc-regression/StaticCharMethods03.yml	../bench-defs/sv-benchmarks/java/properties/valid-assert.prp	false	['../bench-defs/sv-benchmarks/java/common', '../bench-defs/sv-benchmarks/java/jbmc-regression/StaticCharMethods03']	d273c29d122026ca5a288501f40c030a71bc494b2463eae924abd17c7fa94a59
../bench-defs/sv-benchmarks/java/jbmc-regression/StaticCharMethods04.yml	../bench-defs/sv-benchmarks/java/properties/valid-assert.prp	false	['../bench-defs/sv-benchmarks/java/common', '../bench-defs/sv-benchmarks/java/jbmc-regression/StaticCharMethods04']	c7c5afeff3492acabb73f3bef7739f37248b56cf489c19c47bc8cec60c490bf1
../bench-defs/sv-benchmarks/java/jbmc-regression/StaticCharMethods05.yml	../bench-defs/sv-benchmarks/java/properties/valid-assert.prp	false	['../bench-defs/sv-benchmarks/java/common', '../bench-defs/sv-benchmarks/java/jbmc-regression/StaticCharMethods05']	505a1fc3919bbe40cb4352d169fd31b247aa6ffbbdea372b79d82a4165576e8d
../bench-defs/sv-benchmarks/java/jbmc-regression/StaticCharMethods06.yml	../bench-defs/sv-benchmarks/java/properties/valid-assert.prp	true	['../bench-defs/sv-benchmarks/java/common', '../bench-defs/sv-benchmarks/java/jbmc-regression/StaticCharMethods06']	9d4e968ffed96e1dfa69522672cf1afa0e529721d6fb0a6495c5a0421e705fbd
../bench-defs/sv-benchmarks/java/jbmc-regression/StringBuilderAppend01.yml	../bench-defs/sv-benchmarks/java/properties/valid-assert.prp	true	['../bench-defs/sv-benchmarks/java/common', '../bench-defs/sv-benchmarks/java/jbmc-regression/StringBuilderAppend01']	9dfcc807f4e8b96c5d11d115fdf6bc28b7366aa60d9189b4a913110393a3ea68
../bench-defs/sv-benchmarks/java/jbmc-regression/StringBuilderAppend02.yml	../bench-defs/sv-benchmarks/java/properties/valid-assert.prp	false	['../bench-defs/sv-benchmarks/java/common', '../bench-defs/sv-benchmarks/java/jbmc-regression/StringBuilderAppend02']	ad15e0d4f54896d35acecf19809fde0abc74122b632197984d42cbb1507bfd08
../bench-defs/sv-benchmarks/java/jbmc-regression/StringBuilderCapLen01.yml	../bench-defs/sv-benchmarks/java/properties/valid-assert.prp	true	['../bench-defs/sv-benchmarks/java/common', '../bench-defs/sv-benchmarks/java/jbmc-regression/StringBuilderCapLen01']	660e0aa55f27fe216b1997198d2b794315fcf6646a34b3a305282e91e90d1ef5
../bench-defs/sv-benchmarks/java/jbmc-regression/StringBuilderCapLen02.yml	../bench-defs/sv-benchmarks/java/properties/valid-assert.prp	false	['../bench-defs/sv-benchmarks/java/common', '../bench-defs/sv-benchmarks/java/jbmc-regression/StringBuilderCapLen02']	eb321e52ab3f3599a5fea4ea6642cbfdf355cea5bf7c19190db766188864c20c
../bench-defs/sv-benchmarks/java/jbmc-regression/StringBuilderCapLen03.yml	../bench-defs/sv-benchmarks/java/properties/valid-assert.prp	false	['../bench-defs/sv-benchmarks/java/common', '../bench-defs/sv-benchmarks/java/jbmc-regression/StringBuilderCapLen03']	e434f7ab1542eb139a5f999ec8c645bb2b8d05cb1834f1610322facc2db3a195
../bench-defs/sv-benchmarks/java/jbmc-regression/StringBuilderCapLen04.yml	../bench-defs/sv-benchmarks/java/properties/valid-assert.prp	false	['../bench-defs/sv-benchmarks/java/common', '../bench-defs/sv-benchmarks/java/jbmc-regression/StringBuilderCapLen04']	145fb53d746e3e0e43fbf600722e6294525ddd386b43c15b47c1dd276ecbbe9e
../bench-defs/sv-benchmarks/java/jbmc-regression/StringBuilderChars01.yml	../bench-defs/sv-benchmarks/java/properties/valid-assert.prp	true	['../bench-defs/sv-benchmarks/java/common', '../bench-defs/sv-benchmarks/java/jbmc-regression/StringBuilderChars01']	26a9e81819c3d18a8f46041c5c117b3bacc51b366538f8322f2453681543d46c
../bench-defs/sv-benchmarks/java/jbmc-regression/StringBuilderChars02.yml	../bench-defs/sv-benchmarks/java/properties/valid-assert.prp	false	['../bench-defs/sv-benchmarks/java/common', '../bench-defs/sv-benchmarks/java/jbmc-regression/StringBuilderChars02']	2b12cbe3d47f06ce2b01f9f12d46f6714c570e398184afa6f2edeacd81cb7b55
../bench-defs/sv-benchmarks/java/jbmc-regression/StringBuilderChars03.yml	../bench-defs/sv-benchmarks/java/properties/valid-assert.prp	false	['../bench-defs/sv-benchmarks/java/common', '../bench-defs/sv-benchmarks/java/jbmc-regression/StringBuilderChars03']	dbd854dbdc5efc85a5226813c8b90ab32804b211dc32f97dc7c0e13970ff48e4
../bench-defs/sv-benchmarks/java/jbmc-regression/StringBuilderChars04.yml	../bench-defs/sv-benchmarks/java/properties/valid-assert.prp	false	['../bench-defs/sv-benchmarks/java/common', '../bench-defs/sv-benchmarks/java/jbmc-regression/StringBuilderChars04']	1e6d6754961c6202ace6b2a0891db95e910d6cf352ec484b291cb778f3db67be
../bench-defs/sv-benchmarks/java/jbmc-regression/StringBuilderChars05.yml	../bench-defs/sv-benchmarks/java/properties/valid-assert.prp	false	['../bench-defs/sv-benchmarks/java/common', '../bench-defs/sv-benchmarks/java/jbmc-regression/StringBuilderChars05']	21f52ecc326ab80302a3cb6186af0be720baf2af15c9900da98821b6f73d4b77
../bench-defs/sv-benchmarks/java/jbmc-regression/StringBuilderChars06.yml	../bench-defs/sv-benchmarks/java/properties/valid-assert.prp	false	['../bench-defs/sv-benchmarks/java/common', '../bench-defs/sv-benchmarks/java/jbmc-regression/StringBuilderChars06']	837111a3f4911bccead9b8f9486651a2da9430023cf799271dc3165c4bd0866a
../bench-defs/sv-benchmarks/java/jbmc-regression/StringBuilderConstructors01.yml	../bench-defs/sv-benchmarks/java/properties/valid-assert.prp	true	['../bench-defs/sv-benchmarks/java/common', '../bench-defs/sv-benchmarks/java/jbmc-regression/StringBuilderConstructors01']	8481fb7008d6c8d81b2ba0205994a82d88c29c39f09f15a3f18f8c264addbd85
../bench-defs/sv-benchmarks/java/jbmc-regression/StringBuilderConstructors02.yml	../bench-defs/sv-benchmarks/java/properties/valid-assert.prp	false	['../bench-defs/sv-benchmarks/java/common', '../bench-defs/sv-benchmarks/java/jbmc-regression/StringBuilderConstructors02']	c174abf950c4f7112dc32456ac787b0855aab107ebc94dcafd44009a2b9e4d30
../bench-defs/sv-benchmarks/java/jbmc-regression/StringBuilderInsertDelete01.yml	../bench-defs/sv-benchmarks/java/properties/valid-assert.prp	true	['../bench-defs/sv-benchmarks/java/common', '../bench-defs/sv-benchmarks/java/jbmc-regression/StringBuilderInsertDelete01']	354fb705bd5ec37117c8b973e747181d344aa09c9b1e101b46327c77c262aff4
../bench-defs/sv-benchmarks/java/jbmc-regression/StringBuilderInsertDelete02.yml	../bench-defs/sv-benchmarks/java/properties/valid-assert.prp	false	['../bench-defs/sv-benchmarks/java/common', '../bench-defs/sv-benchmarks/java/jbmc-regression/StringBuilderInsertDelete02']	100cea968f8ce4d2dca45bf17c03ad3ef8d59f9c07907f8ec8ff4902dd6998df
../bench-defs/sv-benchmarks/java/jbmc-regression/StringBuilderInsertDelete03.yml	../bench-defs/sv-benchmarks/java/properties/valid-assert.prp	false	['../bench-defs/sv-benchmarks/java/common', '../bench-defs/sv-benchmarks/java/jbmc-regression/StringBuilderInsertDelete03']	f4e3163395f1fb924367deb68500b5075d5b020d0a815d53c7ec351d2cbdc3fd
../bench-defs/sv-benchmarks/java/jbmc-regression/StringCompare01.yml	../bench-defs/sv-benchmarks/java/properties/valid-assert.prp	true	['../bench-defs/sv-benchmarks/java/common', '../bench-defs/sv-benchmarks/java/jbmc-regression/StringCompare01']	dd2a901307de4f124ecc395526ec6834ad2ac891f9f9cf62ab7e38ad0ac9c2dd
../bench-defs/sv-benchmarks/java/jbmc-regression/StringCompare02.yml	../bench-defs/sv-benchmarks/java/properties/valid-assert.prp	false	['../bench-defs/sv-benchmarks/java/common', '../bench-defs/sv-benchmarks/java/jbmc-regression/StringCompare02']	051ddab87bac33fcf934db61d95391ae94c4e679dfdb56ab88337b1cd99521f6
../bench-defs/sv-benchmarks/java/jbmc-regression/StringCompare03.yml	../bench-defs/sv-benchmarks/java/properties/valid-assert.prp	false	['../bench-defs/sv-benchmarks/java/common', '../bench-defs/sv-benchmarks/java/jbmc-regression/StringCompare03']	3cfb729f7091f01c2b7deaf807716d07c54ee1f467f70f8a62f8de498c6b9384
../bench-defs/sv-benchmarks/java/jbmc-regression/StringCompare04.yml	../bench-defs/sv-benchmarks/java/properties/valid-assert.prp	false	['../bench-defs/sv-benchmarks/java/common', '../bench-defs/sv-benchmarks/java/jbmc-regression/StringCompare04']	d3826a26e86e3b16091a1e7de522c42d0654474d2f6bb8c5a7fc36f55307690d
../bench-defs/sv-benchmarks/java/jbmc-regression/StringCompare05.yml	../bench-defs/sv-benchmarks/java/properties/valid-assert.prp	false	['../bench-defs/sv-benchmarks/java/common', '../bench-defs/sv-benchmarks/java/jbmc-regression/StringCompare05']	1b0e0b1207ab5318da72139ad3a76118e7018bb780acff39a3329d9c47c0d01a
../bench-defs/sv-benchmarks/java/jbmc-regression/StringConcatenation01.yml	../bench-defs/sv-benchmarks/java/properties/valid-assert.prp	true	['../bench-defs/sv-benchmarks/java/common', '../bench-defs/sv-benchmarks/java/jbmc-regression/StringConcatenation01']	b83a9340316e44c4d89c7a5edd968b8d7c613132e74826c09039089ca799969f
../bench-defs/sv-benchmarks/java/jbmc-regression/StringConcatenation02.yml	../bench-defs/sv-benchmarks/java/properties/valid-assert.prp	false	['../bench-defs/sv-benchmarks/java/common', '../bench-defs/sv-benchmarks/java/jbmc-regression/StringConcatenation02']	b9b5043a82ac552868c8aca8d7254735bc1b22be3f6e44fd41cde7348197dbee
../bench-defs/sv-benchmarks/java/jbmc-regression/StringConcatenation03.yml	../bench-defs/sv-benchmarks/java/properties/valid-assert.prp	false	['../bench-defs/sv-benchmarks/java/common', '../bench-defs/sv-benchmarks/java/jbmc-regression/StringConcatenation03']	177bd13e64baa9f2caae0d895fc82a55f288b72faa27c163be09ab1edc359ea3
../bench-defs/sv-benchmarks/java/jbmc-regression/StringConcatenation04.yml	../bench-defs/sv-benchmarks/java/properties/valid-assert.prp	false	['../bench-defs/sv-benchmarks/java/common', '../bench-defs/sv-benchmarks/java/jbmc-regression/StringConcatenation04']	bebc0e13ba8b4541d7f0f8c3b95c7784cd0564127cbf8b9dc0c8d729dd4e42b4
../bench-defs/sv-benchmarks/java/jbmc-regression/StringConstructors01.yml	../bench-defs/sv-benchmarks/java/properties/valid-assert.prp	true	['../bench-defs/sv-benchmarks/java/common', '../bench-defs/sv-benchmarks/java/jbmc-regression/StringConstructors01']	d41bc480b9e1c042beaa52f5c164c94a6e79c3dc2436c674d0841299a9f5573b
../bench-defs/sv-benchmarks/java/jbmc-regression/StringConstructors02.yml	../bench-defs/sv-benchmarks/java/properties/valid-assert.prp	false	['../bench-defs/sv-benchmarks/java/common', '../bench-defs/sv-benchmarks/java/jbmc-regression/StringConstructors02']	cad3c8ecdb3b78da42a1c9380cd996aaf8fae5dbd7f061e15c84b9e27141af98
../bench-defs/sv-benchmarks/java/jbmc-regression/StringConstructors03.yml	../bench-defs/sv-benchmarks/java/properties/valid-assert.prp	false	['../bench-defs/sv-benchmarks/java/common', '../bench-defs/sv-benchmarks/java/jbmc-regression/StringConstructors03']	61f335efe7e20e3252310ce4e0bb43ff9767a56a19c433dbc9a8713ddf2b8a84
../bench-defs/sv-benchmarks/java/jbmc-regression/StringConstructors04.yml	../bench-defs/sv-benchmarks/java/properties/valid-assert.prp	false	['../bench-defs/sv-benchmarks/java/common', '../bench-defs/sv-benchmarks/java/jbmc-regression/StringConstructors04']	0c22d891d13c0da3de25a8d88595042248406fe8f9f782b23226e363e8c7f8b5
../bench-defs/sv-benchmarks/java/jbmc-regression/StringConstructors05.yml	../bench-defs/sv-benchmarks/java/properties/valid-assert.prp	false	['../bench-defs/sv-benchmarks/java/common', '../bench-defs/sv-benchmarks/java/jbmc-regression/StringConstructors05']	153f71d4a12514b3ff54e97a1cb38e093fe4f4d9e870260ff63d21a7f0c40fa0
../bench-defs/sv-benchmarks/java/jbmc-regression/StringContains01.yml	../bench-defs/sv-benchmarks/java/properties/valid-assert.prp	false	['../bench-defs/sv-benchmarks/java/common', '../bench-defs/sv-benchmarks/java/jbmc-regression/StringContains01']	f7742f46976a909cbd8152737f26043160c564fae63b558f37ac113d4dc93883
../bench-defs/sv-benchmarks/java/jbmc-regression/StringContains02.yml	../bench-defs/sv-benchmarks/java/properties/valid-assert.prp	false	['../bench-defs/sv-benchmarks/java/common', '../bench-defs/sv-benchmarks/java/jbmc-regression/StringContains02']	3ceaeb78f59217cf8587fa4f495e8fab74864958cf18d7ae3e18e1c5b98a14bc
../bench-defs/sv-benchmarks/java/jbmc-regression/StringIndexMethods01.yml	../bench-defs/sv-benchmarks/java/properties/valid-assert.prp	true	['../bench-defs/sv-benchmarks/java/common', '../bench-defs/sv-benchmarks/java/jbmc-regression/StringIndexMethods01']	4560c23e2f8fadd2b4a923a050cdc80344cdecc4dd74e8a690e32ff61fb3083b
../bench-defs/sv-benchmarks/java/jbmc-regression/StringIndexMethods02.yml	../bench-defs/sv-benchmarks/java/properties/valid-assert.prp	false	['../bench-defs/sv-benchmarks/java/common', '../bench-defs/sv-benchmarks/java/jbmc-regression/StringIndexMethods02']	acac92ae9aa296657718737c6660f2816b7cb70b3472efc8da0a4ffcc0a79e01
../bench-defs/sv-benchmarks/java/jbmc-regression/StringIndexMethods03.yml	../bench-defs/sv-benchmarks/java/properties/valid-assert.prp	false	['../bench-defs/sv-benchmarks/java/common', '../bench-defs/sv-benchmarks/java/jbmc-regression/StringIndexMethods03']	66dee72aba26abdbb3bd554048718c93eec7c753ad540464bf48667e16562178
../bench-defs/sv-benchmarks/java/jbmc-regression/StringIndexMethods04.yml	../bench-defs/sv-benchmarks/java/properties/valid-assert.prp	false	['../bench-defs/sv-benchmarks/java/common', '../bench-defs/sv-benchmarks/java/jbmc-regression/StringIndexMethods04']	9863f86dcf55518aa9fce4fe67321c8cac219a1bda1f40bca21dfa3067f233fe
../bench-defs/sv-benchmarks/java/jbmc-regression/StringIndexMethods05.yml	../bench-defs/sv-benchmarks/java/properties/valid-assert.prp	false	['../bench-defs/sv-benchmarks/java/common', '../bench-defs/sv-benchmarks/java/jbmc-regression/StringIndexMethods05']	e317b6212f82725d89174d40dcda532b9d48ae1f806a5a18ac3c7da6739f16e5
../bench-defs/sv-benchmarks/java/jbmc-regression/StringMiscellaneous01.yml	../bench-defs/sv-benchmarks/java/properties/valid-assert.prp	true	['../bench-defs/sv-benchmarks/java/common', '../bench-defs/sv-benchmarks/java/jbmc-regression/StringMiscellaneous01']	2c787f0c5b020733787a76d9ad94a47ba25709407b1c3d14ece6c8306cba40da
../bench-defs/sv-benchmarks/java/jbmc-regression/StringMiscellaneous02.yml	../bench-defs/sv-benchmarks/java/properties/valid-assert.prp	false	['../bench-defs/sv-benchmarks/java/common', '../bench-defs/sv-benchmarks/java/jbmc-regression/StringMiscellaneous02']	42cf3e6963d2e4965ca3cf3c4bfe2c739f574cda35172a947f494da3c7a505b8
../bench-defs/sv-benchmarks/java/jbmc-regression/StringMiscellaneous03.yml	../bench-defs/sv-benchmarks/java/properties/valid-assert.prp	false	['../bench-defs/sv-benchmarks/java/common', '../bench-defs/sv-benchmarks/java/jbmc-regression/StringMiscellaneous03']	d34c3c4ea3c80e9d3cb89126bcbc9400a990e6ab6632af86713d6a2233d6899b
../bench-defs/sv-benchmarks/java/jbmc-regression/StringMiscellaneous04.yml	../bench-defs/sv-benchmarks/java/properties/valid-assert.prp	true	['../bench-defs/sv-benchmarks/java/common', '../bench-defs/sv-benchmarks/java/jbmc-regression/StringMiscellaneous04']	d05ad485cbd1f9100c3e75ceec3bc6db66b351a2b31bfd2abfe9cc7adefb912b
../bench-defs/sv-benchmarks/java/jbmc-regression/StringStartEnd01.yml	../bench-defs/sv-benchmarks/java/properties/valid-assert.prp	true	['../bench-defs/sv-benchmarks/java/common', '../bench-defs/sv-benchmarks/java/jbmc-regression/StringStartEnd01']	624f27df2aa0e05160973f463fc67620654c3d0b322919e5b393e3952742059e
../bench-defs/sv-benchmarks/java/jbmc-regression/StringStartEnd02.yml	../bench-defs/sv-benchmarks/java/properties/valid-assert.prp	false	['../bench-defs/sv-benchmarks/java/common', '../bench-defs/sv-benchmarks/java/jbmc-regression/StringStartEnd02']	68c51449d6622562f86cbe4fcae36f8473c4cf0d055a2f34c99e99e8c5b79b79
../bench-defs/sv-benchmarks/java/jbmc-regression/StringStartEnd03.yml	../bench-defs/sv-benchmarks/java/properties/valid-assert.prp	false	['../bench-defs/sv-benchmarks/java/common', '../bench-defs/sv-benchmarks/java/jbmc-regression/StringStartEnd03']	84fc0d69ff6186cbf621ea956c9be30fc2ee8c81559e7dc3dc057fb0ac42b15f
../bench-defs/sv-benchmarks/java/jbmc-regression/StringValueOf01.yml	../bench-defs/sv-benchmarks/java/properties/valid-assert.prp	true	['../bench-defs/sv-benchmarks/java/common', '../bench-defs/sv-benchmarks/java/jbmc-regression/StringValueOf01']	f090fabe0a7961d74db26074b6bcd71f751632a5cf88b9a0e2ee5b4be292fb70
../bench-defs/sv-benchmarks/java/jbmc-regression/StringValueOf02.yml	../bench-defs/sv-benchmarks/java/properties/valid-assert.prp	false	['../bench-defs/sv-benchmarks/java/common', '../bench-defs/sv-benchmarks/java/jbmc-regression/StringValueOf02']	a9bf254d00a51df5e5590706d78e6b619dfd10d4c75c9025962e543cf8339cb9
../bench-defs/sv-benchmarks/java/jbmc-regression/StringValueOf03.yml	../bench-defs/sv-benchmarks/java/properties/valid-assert.prp	false	['../bench-defs/sv-benchmarks/java/common', '../bench-defs/sv-benchmarks/java/jbmc-regression/StringValueOf03']	0bca75b47adafc41e70a63bebf4ef8d6eaffa3c27b048c21acb3b560cfaf33c8
../bench-defs/sv-benchmarks/java/jbmc-regression/StringValueOf04.yml	../bench-defs/sv-benchmarks/java/properties/valid-assert.prp	false	['../bench-defs/sv-benchmarks/java/common', '../bench-defs/sv-benchmarks/java/jbmc-regression/StringValueOf04']	51ac0bb35145f436cdd5d6f5dde076bceec5a5435991d661664cca5bc97d4552
../bench-defs/sv-benchmarks/java/jbmc-regression/StringValueOf05.yml	../bench-defs/sv-benchmarks/java/properties/valid-assert.prp	false	['../bench-defs/sv-benchmarks/java/common', '../bench-defs/sv-benchmarks/java/jbmc-regression/StringValueOf05']	947c511bff7c8a8d68b52d1d75fe43bf2347a13cfe1dc205c90c1ee6ebcfe3ef
../bench-defs/sv-benchmarks/java/jbmc-regression/StringValueOf06.yml	../bench-defs/sv-benchmarks/java/properties/valid-assert.prp	false	['../bench-defs/sv-benchmarks/java/common', '../bench-defs/sv-benchmarks/java/jbmc-regression/StringValueOf06']	539a77889311031df0dc73541f69158c34209f33b33cdeb7574347f7cd998032
../bench-defs/sv-benchmarks/java/jbmc-regression/StringValueOf07.yml	../bench-defs/sv-benchmarks/java/properties/valid-assert.prp	false	['../bench-defs/sv-benchmarks/java/common', '../bench-defs/sv-benchmarks/java/jbmc-regression/StringValueOf07']	c05e50d25f1eee07df8c21976c65603e953ab896c4f15d4a4083eeb774fb7c57
../bench-defs/sv-benchmarks/java/jbmc-regression/StringValueOf08.yml	../bench-defs/sv-benchmarks/java/properties/valid-assert.prp	false	['../bench-defs/sv-benchmarks/java/common', '../bench-defs/sv-benchmarks/java/jbmc-regression/StringValueOf08']	8052b8a23dadc053aab7f2a4a294aded25ee91ff36fc8935c463c45c35da4af5
../bench-defs/sv-benchmarks/java/jbmc-regression/StringValueOf09.yml	../bench-defs/sv-benchmarks/java/properties/valid-assert.prp	false	['../bench-defs/sv-benchmarks/java/common', '../bench-defs/sv-benchmarks/java/jbmc-regression/StringValueOf09']	3780efd37fcf7cd1f9324203c6e1613aff118beb234c8dd66ffd3ab13ff3d38d
../bench-defs/sv-benchmarks/java/jbmc-regression/StringValueOf10.yml	../bench-defs/sv-benchmarks/java/properties/valid-assert.prp	false	['../bench-defs/sv-benchmarks/java/common', '../bench-defs/sv-benchmarks/java/jbmc-regression/StringValueOf10']	6809b8b18df091d8feb47432db2952acccda422e95f5a6862c7e18ccc00c4b7c
../bench-defs/sv-benchmarks/java/jbmc-regression/SubString01.yml	../bench-defs/sv-benchmarks/java/properties/valid-assert.prp	true	['../bench-defs/sv-benchmarks/java/common', '../bench-defs/sv-benchmarks/java/jbmc-regression/SubString01']	0a0bba1edc302791d35768a757ba3e54c0ed14235789f17539ac099197584e28
../bench-defs/sv-benchmarks/java/jbmc-regression/SubString02.yml	../bench-defs/sv-benchmarks/java/properties/valid-assert.prp	false	['../bench-defs/sv-benchmarks/java/common', '../bench-defs/sv-benchmarks/java/jbmc-regression/SubString02']	090f53dbaaa08bb881698c35927bbb77a97e19a19e5518e9d61488d1b593ce05
../bench-defs/sv-benchmarks/java/jbmc-regression/SubString03.yml	../bench-defs/sv-benchmarks/java/properties/valid-assert.prp	false	['../bench-defs/sv-benchmarks/java/common', '../bench-defs/sv-benchmarks/java/jbmc-regression/SubString03']	e8d930fdbc37329982720b949c3e3fbdd783421ad4a47d5f80e1db2f7dd3e52b
../bench-defs/sv-benchmarks/java/jbmc-regression/TokenTest01.yml	../bench-defs/sv-benchmarks/java/properties/valid-assert.prp	true	['../bench-defs/sv-benchmarks/java/common', '../bench-defs/sv-benchmarks/java/jbmc-regression/TokenTest01']	d5056508a85eb803d0d0e5dd45ebec02378e259bfd0ca41f97788b1bf6811c04
../bench-defs/sv-benchmarks/java/jbmc-regression/TokenTest02.yml	../bench-defs/sv-benchmarks/java/properties/valid-assert.prp	false	['../bench-defs/sv-benchmarks/java/common', '../bench-defs/sv-benchmarks/java/jbmc-regression/TokenTest02']	73b65affe800d2ce6b22b05384ad42dec67cdf126aa49c0f0610cb07a8ed7adc
../bench-defs/sv-benchmarks/java/jbmc-regression/Validate01.yml	../bench-defs/sv-benchmarks/java/properties/valid-assert.prp	true	['../bench-defs/sv-benchmarks/java/common', '../bench-defs/sv-benchmarks/java/jbmc-regression/Validate01']	224e2c18bdd4bb8285c1c5e0218901a939652ba4dcec7b8bd67d82ecf41ceea7
../bench-defs/sv-benchmarks/java/jbmc-regression/Validate02.yml	../bench-defs/sv-benchmarks/java/properties/valid-assert.prp	false	['../bench-defs/sv-benchmarks/java/common', '../bench-defs/sv-benchmarks/java/jbmc-regression/Validate02']	d38ffbd11dca699a1d211766424e27a29057306784a14a465dcfe3a829b436e8
../bench-defs/sv-benchmarks/java/jbmc-regression/aastore_aaload1.yml	../bench-defs/sv-benchmarks/java/properties/valid-assert.prp	true	['../bench-defs/sv-benchmarks/java/common', '../bench-defs/sv-benchmarks/java/jbmc-regression/aastore_aaload1']	c0596fd171f71fefa882afb36e22ab91698eea4c701cf5d9f25679aa95eb6fb1
../bench-defs/sv-benchmarks/java/jbmc-regression/array1.yml	../bench-defs/sv-benchmarks/java/properties/valid-assert.prp	true	['../bench-defs/sv-benchmarks/java/common', '../bench-defs/sv-benchmarks/java/jbmc-regression/array1']	e3d0d51df225ebf636e5d94d77d2480a297a630dbf0f63cde0356bb558207c16
../bench-defs/sv-benchmarks/java/jbmc-regression/array2.yml	../bench-defs/sv-benchmarks/java/properties/valid-assert.prp	true	['../bench-defs/sv-benchmarks/java/common', '../bench-defs/sv-benchmarks/java/jbmc-regression/array2']	dc8e585aa0ccb4cc196adca160a9790113ca3ebc18abf92e3593559c9f836bd1
../bench-defs/sv-benchmarks/java/jbmc-regression/arraylength1.yml	../bench-defs/sv-benchmarks/java/properties/valid-assert.prp	true	['../bench-defs/sv-benchmarks/java/common', '../bench-defs/sv-benchmarks/java/jbmc-regression/arraylength1']	1f5bfa84b0594dfd8f13b9c916429dfd1d5977c80d292baaf9aa669e31f393ac
../bench-defs/sv-benchmarks/java/jbmc-regression/arrayread1.yml	../bench-defs/sv-benchmarks/java/properties/valid-assert.prp	true	['../bench-defs/sv-benchmarks/java/common', '../bench-defs/sv-benchmarks/java/jbmc-regression/arrayread1']	30cf58bb585f7faf39a34a5db118957ca2422045df6ded568bf817830a5b00d2
../bench-defs/sv-benchmarks/java/jbmc-regression/assert1.yml	../bench-defs/sv-benchmarks/java/properties/valid-assert.prp	true	['../bench-defs/sv-benchmarks/java/common', '../bench-defs/sv-benchmarks/java/jbmc-regression/assert1']	3d89b0fa20017e79129480f163e1966aa6bb3c7bc9e48d830ae1762b2ce252fe
../bench-defs/sv-benchmarks/java/jbmc-regression/assert2.yml	../bench-defs/sv-benchmarks/java/properties/valid-assert.prp	false	['../bench-defs/sv-benchmarks/java/common', '../bench-defs/sv-benchmarks/java/jbmc-regression/assert2']	70de1a6c1bad9a575dcdd14dcff3e41b9c6c82b9f4fefd08da3c8635c13de171
../bench-defs/sv-benchmarks/java/jbmc-regression/assert3.yml	../bench-defs/sv-benchmarks/java/properties/valid-assert.prp	false	['../bench-defs/sv-benchmarks/java/common', '../bench-defs/sv-benchmarks/java/jbmc-regression/assert3']	79189b3b9a8a38881d9f4cdf428c1ee1dadb52984716a4d44291f9481149aaa7
../bench-defs/sv-benchmarks/java/jbmc-regression/assert4.yml	../bench-defs/sv-benchmarks/java/properties/valid-assert.prp	false	['../bench-defs/sv-benchmarks/java/common', '../bench-defs/sv-benchmarks/java/jbmc-regression/assert4']	467b793762ca8bbf3a555ecaeb60d2440d97bc2166c509dbcaef96f20f25e4a0
../bench-defs/sv-benchmarks/java/jbmc-regression/assert5.yml	../bench-defs/sv-benchmarks/java/properties/valid-assert.prp	true	['../bench-defs/sv-benchmarks/java/common', '../bench-defs/sv-benchmarks/java/jbmc-regression/assert5']	217ec7cdf099e2327bff6587edbcdbf7ab34a67daafc646b2553aed8d9f9c061
../bench-defs/sv-benchmarks/java/jbmc-regression/assert6.yml	../bench-defs/sv-benchmarks/java/properties/valid-assert.prp	true	['../bench-defs/sv-benchmarks/java/common', '../bench-defs/sv-benchmarks/java/jbmc-regression/assert6']	08990a33612eceb4cd27e6b0f01b5167ea742fa5de12a25aceaabbe8eeb998ee
../bench-defs/sv-benchmarks/java/jbmc-regression/astore_aload1.yml	../bench-defs/sv-benchmarks/java/properties/valid-assert.prp	true	['../bench-defs/sv-benchmarks/java/common', '../bench-defs/sv-benchmarks/java/jbmc-regression/astore_aload1']	b85deedbfd1172a026444b633bfcd338a9e017afca2397aff46ca2a56cf423e1
../bench-defs/sv-benchmarks/java/jbmc-regression/athrow1.yml	../bench-defs/sv-benchmarks/java/properties/valid-assert.prp	false	['../bench-defs/sv-benchmarks/java/common', '../bench-defs/sv-benchmarks/java/jbmc-regression/athrow1']	6b9cc575a323ae2831b2c97b81e47a2e1d21085990f0d8cdedad892e075ad389
../bench-defs/sv-benchmarks/java/jbmc-regression/basic1.yml	../bench-defs/sv-benchmarks/java/properties/valid-assert.prp	true	['../bench-defs/sv-benchmarks/java/common', '../bench-defs/sv-benchmarks/java/jbmc-regression/basic1']	067bac5d3309495dd9162e97b7820abb2a2103525197d69d5dd06f56b5cda184
../bench-defs/sv-benchmarks/java/jbmc-regression/bitwise1.yml	../bench-defs/sv-benchmarks/java/properties/valid-assert.prp	true	['../bench-defs/sv-benchmarks/java/common', '../bench-defs/sv-benchmarks/java/jbmc-regression/bitwise1']	894ce08ede7990f843d3ad8443142c8da780a2a49d7e228cbfc98b2bf99a490d
../bench-defs/sv-benchmarks/java/jbmc-regression/boolean1.yml	../bench-defs/sv-benchmarks/java/properties/valid-assert.prp	true	['../bench-defs/sv-benchmarks/java/common', '../bench-defs/sv-benchmarks/java/jbmc-regression/boolean1']	d3e9812c8e9dcdaf4c788f40648cebd34e4a8be871d0ab39912088bf05d1a134
../bench-defs/sv-benchmarks/java/jbmc-regression/boolean2.yml	../bench-defs/sv-benchmarks/java/properties/valid-assert.prp	true	['../bench-defs/sv-benchmarks/java/common', '../bench-defs/sv-benchmarks/java/jbmc-regression/boolean2']	69c26fd08a420dc0befb7427a8d61ac301c3ec8cea01a0c0b89aca5f0f72141b
../bench-defs/sv-benchmarks/java/jbmc-regression/bug-test-gen-095.yml	../bench-defs/sv-benchmarks/java/properties/valid-assert.prp	false	['../bench-defs/sv-benchmarks/java/common', '../bench-defs/sv-benchmarks/java/jbmc-regression/bug-test-gen-095']	82dfbe0d01edd32b1c16f7d5a1f2fe10d4ae9bae21a57c44db1c5478a93066e0
../bench-defs/sv-benchmarks/java/jbmc-regression/bug-test-gen-119-2.yml	../bench-defs/sv-benchmarks/java/properties/valid-assert.prp	true	['../bench-defs/sv-benchmarks/java/common', '../bench-defs/sv-benchmarks/java/jbmc-regression/bug-test-gen-119-2']	9b66686d1cdfcbf53a5229ec5bb7eb96634d465c6fdc18b0e13aab1a5882e734
../bench-defs/sv-benchmarks/java/jbmc-regression/bug-test-gen-119.yml	../bench-defs/sv-benchmarks/java/properties/valid-assert.prp	true	['../bench-defs/sv-benchmarks/java/common', '../bench-defs/sv-benchmarks/java/jbmc-regression/bug-test-gen-119']	44c22d6af03edbafafabb74ce14245c33637b91f73682f51760ddc8b65dab8a8
../bench-defs/sv-benchmarks/java/jbmc-regression/calc.yml	../bench-defs/sv-benchmarks/java/properties/valid-assert.prp	true	['../bench-defs/sv-benchmarks/java/common', '../bench-defs/sv-benchmarks/java/jbmc-regression/calc']	5a61d97f2bd0dfa4f25900a15576a5b6816f8681c730d30da1b3b63bcc1e7019
../bench-defs/sv-benchmarks/java/jbmc-regression/cast1.yml	../bench-defs/sv-benchmarks/java/properties/valid-assert.prp	true	['../bench-defs/sv-benchmarks/java/common', '../bench-defs/sv-benchmarks/java/jbmc-regression/cast1']	72c357837a4ec7a054fb2529a8fdad8182063c9fa2f43e83989b803338390bb2
../bench-defs/sv-benchmarks/java/jbmc-regression/catch1.yml	../bench-defs/sv-benchmarks/java/properties/valid-assert.prp	true	['../bench-defs/sv-benchmarks/java/common', '../bench-defs/sv-benchmarks/java/jbmc-regression/catch1']	98354342527230218ad9debe51bd425fa8ac62a8382705ea5cbb9ac0ded642e6
../bench-defs/sv-benchmarks/java/jbmc-regression/char1.yml	../bench-defs/sv-benchmarks/java/properties/valid-assert.prp	true	['../bench-defs/sv-benchmarks/java/common', '../bench-defs/sv-benchmarks/java/jbmc-regression/char1']	b3cba32b7daff146aeb2b8ffce4e2fa917328a50b0a55f6c3b4dd6fa087f928f
../bench-defs/sv-benchmarks/java/jbmc-regression/charArray.yml	../bench-defs/sv-benchmarks/java/properties/valid-assert.prp	true	['../bench-defs/sv-benchmarks/java/common', '../bench-defs/sv-benchmarks/java/jbmc-regression/charArray']	e7af7278e06ff10bb27eed6b607bbfdfb4d2a6c70f0f078da0f5a4f225b4257d
../bench-defs/sv-benchmarks/java/jbmc-regression/classtest1.yml	../bench-defs/sv-benchmarks/java/properties/valid-assert.prp	true	['../bench-defs/sv-benchmarks/java/common', '../bench-defs/sv-benchmarks/java/jbmc-regression/classtest1']	1b0c1e503606ee9ee2fd20b78da9d683711b4785abdd532787965ec8817a3ea3
../bench-defs/sv-benchmarks/java/jbmc-regression/const1.yml	../bench-defs/sv-benchmarks/java/properties/valid-assert.prp	true	['../bench-defs/sv-benchmarks/java/common', '../bench-defs/sv-benchmarks/java/jbmc-regression/const1']	2c97a7f23bc853d56ae989174b77e9878fad0d67d9b6c993fc5ddafe2c9b24fe
../bench-defs/sv-benchmarks/java/jbmc-regression/constructor1.yml	../bench-defs/sv-benchmarks/java/properties/valid-assert.prp	true	['../bench-defs/sv-benchmarks/java/common', '../bench-defs/sv-benchmarks/java/jbmc-regression/constructor1']	b119c9214897b668ad1bbe64cd17ecc0036c2e599f74163f4a69689d872df419
../bench-defs/sv-benchmarks/java/jbmc-regression/enum1.yml	../bench-defs/sv-benchmarks/java/properties/valid-assert.prp	true	['../bench-defs/sv-benchmarks/java/common', '../bench-defs/sv-benchmarks/java/jbmc-regression/enum1']	520c00bb4b94a7a12ae64babdc70689a297074a023592e35c64b970a8550f9bd
../bench-defs/sv-benchmarks/java/jbmc-regression/exceptions1.yml	../bench-defs/sv-benchmarks/java/properties/valid-assert.prp	false	['../bench-defs/sv-benchmarks/java/common', '../bench-defs/sv-benchmarks/java/jbmc-regression/exceptions1']	e3813edf39f0d95d990f7d9791fe9864bb7182e33fbb6d8d91b3e97a9148fef1
../bench-defs/sv-benchmarks/java/jbmc-regression/exceptions10.yml	../bench-defs/sv-benchmarks/java/properties/valid-assert.prp	false	['../bench-defs/sv-benchmarks/java/common', '../bench-defs/sv-benchmarks/java/jbmc-regression/exceptions10']	702c26c91878d305ac688cb4c576a349579c1847c2146921180bca6a1a08e507
../bench-defs/sv-benchmarks/java/jbmc-regression/exceptions11.yml	../bench-defs/sv-benchmarks/java/properties/valid-assert.prp	false	['../bench-defs/sv-benchmarks/java/common', '../bench-defs/sv-benchmarks/java/jbmc-regression/exceptions11']	ddfc22b7f8a3e6f74682fc890936d5432578758213f64a344ed8d9f717c356f8
../bench-defs/sv-benchmarks/java/jbmc-regression/exceptions12.yml	../bench-defs/sv-benchmarks/java/properties/valid-assert.prp	false	['../bench-defs/sv-benchmarks/java/common', '../bench-defs/sv-benchmarks/java/jbmc-regression/exceptions12']	ffcf62fddc385c1ecc4cea7bfec0e9c3d27cb8ce7be6720770bc048815d91a86
../bench-defs/sv-benchmarks/java/jbmc-regression/exceptions13.yml	../bench-defs/sv-benchmarks/java/properties/valid-assert.prp	false	['../bench-defs/sv-benchmarks/java/common', '../bench-defs/sv-benchmarks/java/jbmc-regression/exceptions13']	e28f3cf9ad08085e51fe1e7bae20d74acfb497d8c60fde3576a2956e26c3a62e
../bench-defs/sv-benchmarks/java/jbmc-regression/exceptions14.yml	../bench-defs/sv-benchmarks/java/properties/valid-assert.prp	true	['../bench-defs/sv-benchmarks/java/common', '../bench-defs/sv-benchmarks/java/jbmc-regression/exceptions14']	4cfd3ac0b56b02652f9ad21b9e8abcb33167422226794ca8e1f56cfc2c395ade
../bench-defs/sv-benchmarks/java/jbmc-regression/exceptions15.yml	../bench-defs/sv-benchmarks/java/properties/valid-assert.prp	true	['../bench-defs/sv-benchmarks/java/common', '../bench-defs/sv-benchmarks/java/jbmc-regression/exceptions15']	b36039ac4dbe117c0cc6297705f7fe365f2734763d94d8f397c41ea469b62e27
../bench-defs/sv-benchmarks/java/jbmc-regression/exceptions16.yml	../bench-defs/sv-benchmarks/java/properties/valid-assert.prp	false	['../bench-defs/sv-benchmarks/java/common', '../bench-defs/sv-benchmarks/java/jbmc-regression/exceptions16']	d8cbe0f48992c586cb47bc661deac68a97428d156e531c1546b55e583c951ae9
../bench-defs/sv-benchmarks/java/jbmc-regression/exceptions18.yml	../bench-defs/sv-benchmarks/java/properties/valid-assert.prp	true	['../bench-defs/sv-benchmarks/java/common', '../bench-defs/sv-benchmarks/java/jbmc-regression/exceptions18']	ee20a6b9e666811d8b86a6dd4d9bd5826dff5c7cf2db52e5ee536f7d6cf98300
../bench-defs/sv-benchmarks/java/jbmc-regression/exceptions2.yml	../bench-defs/sv-benchmarks/java/properties/valid-assert.prp	false	['../bench-defs/sv-benchmarks/java/common', '../bench-defs/sv-benchmarks/java/jbmc-regression/exceptions2']	e61eea33b645c1013262328fb8f9b791f0ae64110f1fcfd456ea87f74f29a970
../bench-defs/sv-benchmarks/java/jbmc-regression/exceptions3.yml	../bench-defs/sv-benchmarks/java/properties/valid-assert.prp	false	['../bench-defs/sv-benchmarks/java/common', '../bench-defs/sv-benchmarks/java/jbmc-regression/exceptions3']	7eea587b6433db5a3f3e9ac61514a2917d8a40b0d6aa4c340a3121aca90f3332
../bench-defs/sv-benchmarks/java/jbmc-regression/exceptions4.yml	../bench-defs/sv-benchmarks/java/properties/valid-assert.prp	true	['../bench-defs/sv-benchmarks/java/common', '../bench-defs/sv-benchmarks/java/jbmc-regression/exceptions4']	c7143a2b0395a74d3c4679e1f5f1409a82b3b34828e6afb55e3b49eaca24d8fb
../bench-defs/sv-benchmarks/java/jbmc-regression/exceptions5.yml	../bench-defs/sv-benchmarks/java/properties/valid-assert.prp	true	['../bench-defs/sv-benchmarks/java/common', '../bench-defs/sv-benchmarks/java/jbmc-regression/exceptions5']	c85bc44c3d1cea9ba917ef0c132d392b2b6abcf8335823cc9241cc94e7a3d4e5
../bench-defs/sv-benchmarks/java/jbmc-regression/exceptions6.yml	../bench-defs/sv-benchmarks/java/properties/valid-assert.prp	false	['../bench-defs/sv-benchmarks/java/common', '../bench-defs/sv-benchmarks/java/jbmc-regression/exceptions6']	101eb344345f899d93bc0ecb98cff7fca4fc75fbd005564d82628a82ae78da0f
../bench-defs/sv-benchmarks/java/jbmc-regression/exceptions7.yml	../bench-defs/sv-benchmarks/java/properties/valid-assert.prp	false	['../bench-defs/sv-benchmarks/java/common', '../bench-defs/sv-benchmarks/java/jbmc-regression/exceptions7']	32f54e7c1201815a731296d3e4ed5889577e4ba68af9aaac7b3e02b756cb9c53
../bench-defs/sv-benchmarks/java/jbmc-regression/exceptions8.yml	../bench-defs/sv-benchmarks/java/properties/valid-assert.prp	false	['../bench-defs/sv-benchmarks/java/common', '../bench-defs/sv-benchmarks/java/jbmc-regression/exceptions8']	2b04a7a2e961836c9189134f1841e5fcf9d32859d5033c4ed05c962a2aa0fe4d
../bench-defs/sv-benchmarks/java/jbmc-regression/exceptions9.yml	../bench-defs/sv-benchmarks/java/properties/valid-assert.prp	true	['../bench-defs/sv-benchmarks/java/common', '../bench-defs/sv-benchmarks/java/jbmc-regression/exceptions9']	80409b866487c80b47c951930005ff5d462c9d26b9d361e81a2ddf35389bc5a3
../bench-defs/sv-benchmarks/java/jbmc-regression/fcmpx_dcmpx1.yml	../bench-defs/sv-benchmarks/java/properties/valid-assert.prp	true	['../bench-defs/sv-benchmarks/java/common', '../bench-defs/sv-benchmarks/java/jbmc-regression/fcmpx_dcmpx1']	f9bbebddab7ebdd741946307a507d78a1f3b663f6a8206b3af3d74297742fa0e
../bench-defs/sv-benchmarks/java/jbmc-regression/iarith1.yml	../bench-defs/sv-benchmarks/java/properties/valid-assert.prp	true	['../bench-defs/sv-benchmarks/java/common', '../bench-defs/sv-benchmarks/java/jbmc-regression/iarith1']	7480f8999263f366512c08d741fa0030fe2e6066392c11f85a7c9726a5159209
../bench-defs/sv-benchmarks/java/jbmc-regression/iarith2.yml	../bench-defs/sv-benchmarks/java/properties/valid-assert.prp	true	['../bench-defs/sv-benchmarks/java/common', '../bench-defs/sv-benchmarks/java/jbmc-regression/iarith2']	1532562495e420401520a432297d1293ef4ecd4d4b0c4a0006c7a8d0218ffce5
../bench-defs/sv-benchmarks/java/jbmc-regression/if_acmp1.yml	../bench-defs/sv-benchmarks/java/properties/valid-assert.prp	true	['../bench-defs/sv-benchmarks/java/common', '../bench-defs/sv-benchmarks/java/jbmc-regression/if_acmp1']	d0770eafc4d0e7647acce42b49e5caca0af7d456f92a49c2d0f5915e7f3ed6ef
../bench-defs/sv-benchmarks/java/jbmc-regression/if_expr1.yml	../bench-defs/sv-benchmarks/java/properties/valid-assert.prp	true	['../bench-defs/sv-benchmarks/java/common', '../bench-defs/sv-benchmarks/java/jbmc-regression/if_expr1']	92be55be66d58b68bcc614da516592eb80eb8c0aceb6dca59ad99ac8388e2c31
../bench-defs/sv-benchmarks/java/jbmc-regression/if_icmp1.yml	../bench-defs/sv-benchmarks/java/properties/valid-assert.prp	true	['../bench-defs/sv-benchmarks/java/common', '../bench-defs/sv-benchmarks/java/jbmc-regression/if_icmp1']	24734faa1a2e482590cab3fde6dd4a5841645e300dba560593096cb67767e9f6
../bench-defs/sv-benchmarks/java/jbmc-regression/ifxx1.yml	../bench-defs/sv-benchmarks/java/properties/valid-assert.prp	true	['../bench-defs/sv-benchmarks/java/common', '../bench-defs/sv-benchmarks/java/jbmc-regression/ifxx1']	394cbfbb95860f4dc36a4bcc2dbc490ea12aed5a2258e556eadd0303af1da653
../bench-defs/sv-benchmarks/java/jbmc-regression/instanceof1.yml	../bench-defs/sv-benchmarks/java/properties/valid-assert.prp	true	['../bench-defs/sv-benchmarks/java/common', '../bench-defs/sv-benchmarks/java/jbmc-regression/instanceof1']	9e1eba1d7b24202d186fad0beee0f51bcd022c9798f266e80ad31a408cebade0
../bench-defs/sv-benchmarks/java/jbmc-regression/instanceof2.yml	../bench-defs/sv-benchmarks/java/properties/valid-assert.prp	true	['../bench-defs/sv-benchmarks/java/common', '../bench-defs/sv-benchmarks/java/jbmc-regression/instanceof2']	335a42078da0ea7992c923540fcbbe81a6369a198217304d61f0aeade842e584
../bench-defs/sv-benchmarks/java/jbmc-regression/instanceof3.yml	../bench-defs/sv-benchmarks/java/properties/valid-assert.prp	true	['../bench-defs/sv-benchmarks/java/common', '../bench-defs/sv-benchmarks/java/jbmc-regression/instanceof3']	123048461be9a385613b409a2dbd65ea4fcf572c7d158b723045bd2f7f267cd2
../bench-defs/sv-benchmarks/java/jbmc-regression/instanceof4.yml	../bench-defs/sv-benchmarks/java/properties/valid-assert.prp	true	['../bench-defs/sv-benchmarks/java/common', '../bench-defs/sv-benchmarks/java/jbmc-regression/instanceof4']	8cae2180619f30a9f0a94bc11778e25a9c46b458b05d2d7a391c31f75ecdeff4
../bench-defs/sv-benchmarks/java/jbmc-regression/instanceof5.yml	../bench-defs/sv-benchmarks/java/properties/valid-assert.prp	true	['../bench-defs/sv-benchmarks/java/common', '../bench-defs/sv-benchmarks/java/jbmc-regression/instanceof5']	db03ee942af790bf193a9048e920dcf70c74b341daf98a26fae4aa2a190434bb
../bench-defs/sv-benchmarks/java/jbmc-regression/instanceof6.yml	../bench-defs/sv-benchmarks/java/properties/valid-assert.prp	true	['../bench-defs/sv-benchmarks/java/common', '../bench-defs/sv-benchmarks/java/jbmc-regression/instanceof6']	77da45f87f8f7886ddbb65b31d3ec7137df95696a917d606d3324f2e5cad08b5
../bench-defs/sv-benchmarks/java/jbmc-regression/instanceof7.yml	../bench-defs/sv-benchmarks/java/properties/valid-assert.prp	true	['../bench-defs/sv-benchmarks/java/common', '../bench-defs/sv-benchmarks/java/jbmc-regression/instanceof7']	3eb55a1c2fcb44d6a61be4f866f4a3cd723079c23c733812baa5dcb9ef981ef5
../bench-defs/sv-benchmarks/java/jbmc-regression/instanceof8.yml	../bench-defs/sv-benchmarks/java/properties/valid-assert.prp	true	['../bench-defs/sv-benchmarks/java/common', '../bench-defs/sv-benchmarks/java/jbmc-regression/instanceof8']	1f0284a872e7365714f3bcf3a17e1efccdece0bfc92a6f4cb71c5331c56b982b
../bench-defs/sv-benchmarks/java/jbmc-regression/interface1.yml	../bench-defs/sv-benchmarks/java/properties/valid-assert.prp	false	['../bench-defs/sv-benchmarks/java/common', '../bench-defs/sv-benchmarks/java/jbmc-regression/interface1']	dd97d8464052c80e8e8e08e545473c9c7953f8338d7bfdd73a00e4e4e0e5d353
../bench-defs/sv-benchmarks/java/jbmc-regression/java_append_char.yml	../bench-defs/sv-benchmarks/java/properties/valid-assert.prp	false	['../bench-defs/sv-benchmarks/java/common', '../bench-defs/sv-benchmarks/java/jbmc-regression/java_append_char']	6943139b83142b7406c9b44ec567726dd360615a9169fdde3fa52eac8a1de9b5
../bench-defs/sv-benchmarks/java/jbmc-regression/lazyloading4.yml	../bench-defs/sv-benchmarks/java/properties/valid-assert.prp	true	['../bench-defs/sv-benchmarks/java/common', '../bench-defs/sv-benchmarks/java/jbmc-regression/lazyloading4']	6d8a12762be58f429764825a8cdf34b8739c14974fb7888e9e0f4445350a0e0b
../bench-defs/sv-benchmarks/java/jbmc-regression/list1.yml	../bench-defs/sv-benchmarks/java/properties/valid-assert.prp	true	['../bench-defs/sv-benchmarks/java/common', '../bench-defs/sv-benchmarks/java/jbmc-regression/list1']	2f1613c4519123cc338a7b730fc5c329102f8b281f75a99cd71151a576e91191
../bench-defs/sv-benchmarks/java/jbmc-regression/long1.yml	../bench-defs/sv-benchmarks/java/properties/valid-assert.prp	true	['../bench-defs/sv-benchmarks/java/common', '../bench-defs/sv-benchmarks/java/jbmc-regression/long1']	177591447bae2a12e241726d75de022f2d220d11a1ac8dc9add38d9d847a9fb5
../bench-defs/sv-benchmarks/java/jbmc-regression/lookupswitch1.yml	../bench-defs/sv-benchmarks/java/properties/valid-assert.prp	true	['../bench-defs/sv-benchmarks/java/common', '../bench-defs/sv-benchmarks/java/jbmc-regression/lookupswitch1']	8e97402542bf477b6c278919e904cc087c8ae45567069b5edbe0e6475e2b7859
../bench-defs/sv-benchmarks/java/jbmc-regression/multinewarray.yml	../bench-defs/sv-benchmarks/java/properties/valid-assert.prp	true	['../bench-defs/sv-benchmarks/java/common', '../bench-defs/sv-benchmarks/java/jbmc-regression/multinewarray']	ccf5bce9813f2ed16a37f2f4ae33a310e55b3be5e1e4482b0d3c49b7e80580fd
../bench-defs/sv-benchmarks/java/jbmc-regression/overloading1.yml	../bench-defs/sv-benchmarks/java/properties/valid-assert.prp	true	['../bench-defs/sv-benchmarks/java/common', '../bench-defs/sv-benchmarks/java/jbmc-regression/overloading1']	f8b7d1f8b155a7a31d0bf6ec6609a52222c9806487235f965a3f212f51bff657
../bench-defs/sv-benchmarks/java/jbmc-regression/package1.yml	../bench-defs/sv-benchmarks/java/properties/valid-assert.prp	true	['../bench-defs/sv-benchmarks/java/common', '../bench-defs/sv-benchmarks/java/jbmc-regression/package1']	e31ed574d9d1dd9cf4760be0fe3b173d6bc3eb91426ab5a8c165c738ca9978aa
../bench-defs/sv-benchmarks/java/jbmc-regression/putfield_getfield1.yml	../bench-defs/sv-benchmarks/java/properties/valid-assert.prp	true	['../bench-defs/sv-benchmarks/java/common', '../bench-defs/sv-benchmarks/java/jbmc-regression/putfield_getfield1']	c45d3b37eeb30d787bd9e4436b695b859a0aa5a3c0d526e1a861921ec3b43f29
../bench-defs/sv-benchmarks/java/jbmc-regression/putstatic_getstatic1.yml	../bench-defs/sv-benchmarks/java/properties/valid-assert.prp	true	['../bench-defs/sv-benchmarks/java/common', '../bench-defs/sv-benchmarks/java/jbmc-regression/putstatic_getstatic1']	0b5c127ac7268a8fb8704822518c4720f85bf231236af81daf9c82b994361c9b
../bench-defs/sv-benchmarks/java/jbmc-regression/recursion2.yml	../bench-defs/sv-benchmarks/java/properties/valid-assert.prp	true	['../bench-defs/sv-benchmarks/java/common', '../bench-defs/sv-benchmarks/java/jbmc-regression/recursion2']	6229c912d264fd67e196146d626c9274e65d09d62a3c9c2a9f9907dc2270e4b5
../bench-defs/sv-benchmarks/java/jbmc-regression/return1.yml	../bench-defs/sv-benchmarks/java/properties/valid-assert.prp	false	['../bench-defs/sv-benchmarks/java/common', '../bench-defs/sv-benchmarks/java/jbmc-regression/return1']	555076f8549c09350183b742d1d6c00921cc786ebe5ea5b3079e186de74bd8d4
../bench-defs/sv-benchmarks/java/jbmc-regression/return2.yml	../bench-defs/sv-benchmarks/java/properties/valid-assert.prp	false	['../bench-defs/sv-benchmarks/java/common', '../bench-defs/sv-benchmarks/java/jbmc-regression/return2']	ba401d280c05150d3338da2567ea9ab06b9d4947c3c428cfb95a7f1e53528bd9
../bench-defs/sv-benchmarks/java/jbmc-regression/store_load1.yml	../bench-defs/sv-benchmarks/java/properties/valid-assert.prp	true	['../bench-defs/sv-benchmarks/java/common', '../bench-defs/sv-benchmarks/java/jbmc-regression/store_load1']	c3a442814c5f8bc0d746028fab51824fa7f55ecd5fce45b051a2519f81b32dda
../bench-defs/sv-benchmarks/java/jbmc-regression/swap1.yml	../bench-defs/sv-benchmarks/java/properties/valid-assert.prp	true	['../bench-defs/sv-benchmarks/java/common', '../bench-defs/sv-benchmarks/java/jbmc-regression/swap1']	9a94b606ab23d472519181e48202368aefb1a59a518431b5b43e6f51f2265fe0
../bench-defs/sv-benchmarks/java/jbmc-regression/synchronized.yml	../bench-defs/sv-benchmarks/java/properties/valid-assert.prp	true	['../bench-defs/sv-benchmarks/java/common', '../bench-defs/sv-benchmarks/java/jbmc-regression/synchronized']	b89f406b0762f99e48863b5db135187de19e890bd359cfe7a772031cf438e8c6
../bench-defs/sv-benchmarks/java/jbmc-regression/tableswitch1.yml	../bench-defs/sv-benchmarks/java/properties/valid-assert.prp	true	['../bench-defs/sv-benchmarks/java/common', '../bench-defs/sv-benchmarks/java/jbmc-regression/tableswitch1']	297d85bf7ea0b6457138e3d1a78b99a652efafcd773402bcdb93a91e4d2298a1
../bench-defs/sv-benchmarks/java/jbmc-regression/uninitialised1.yml	../bench-defs/sv-benchmarks/java/properties/valid-assert.prp	true	['../bench-defs/sv-benchmarks/java/common', '../bench-defs/sv-benchmarks/java/jbmc-regression/uninitialised1']	87749af494a3048cefe78d51d665786475400a235b99c9d06925b9764f566796
../bench-defs/sv-benchmarks/java/jbmc-regression/virtual1.yml	../bench-defs/sv-benchmarks/java/properties/valid-assert.prp	true	['../bench-defs/sv-benchmarks/java/common', '../bench-defs/sv-benchmarks/java/jbmc-regression/virtual1']	a454a210b6a2c6aa57b2346e8d80f6c58d5fef9a7d56977aad2b54a3847e6a7b
../bench-defs/sv-benchmarks/java/jbmc-regression/virtual2.yml	../bench-defs/sv-benchmarks/java/properties/valid-assert.prp	false	['../bench-defs/sv-benchmarks/java/common', '../bench-defs/sv-benchmarks/java/jbmc-regression/virtual2']	a593e475cb1166f591474b2e5606a973b71f4fefb6deb798a0b4118df8fd23cc
../bench-defs/sv-benchmarks/java/jbmc-regression/virtual4.yml	../bench-defs/sv-benchmarks/java/properties/valid-assert.prp	true	['../bench-defs/sv-benchmarks/java/common', '../bench-defs/sv-benchmarks/java/jbmc-regression/virtual4']	92a351e504ae9b83322c4d732c7f4b81f448cf7fe4b8301a3b33a30fafa63d0f
../bench-defs/sv-benchmarks/java/jbmc-regression/virtual_function_unwinding.yml	../bench-defs/sv-benchmarks/java/properties/valid-assert.prp	true	['../bench-defs/sv-benchmarks/java/common', '../bench-defs/sv-benchmarks/java/jbmc-regression/virtual_function_unwinding']	8be5f9bbd7b489f35f80e1e7b591812b53358c37be3737ef9e53c2d2afa6f4e1
../bench-defs/sv-benchmarks/java/jpf-regression/ExDarko_false.yml	../bench-defs/sv-benchmarks/java/properties/valid-assert.prp	false	['../bench-defs/sv-benchmarks/java/common', '../bench-defs/sv-benchmarks/java/jpf-regression/ExDarko_false']	190bd5c16f83635aed9242a1f6c851816d729ade71494e7c0fc32f2ba86ba593
../bench-defs/sv-benchmarks/java/jpf-regression/ExDarko_true.yml	../bench-defs/sv-benchmarks/java/properties/valid-assert.prp	true	['../bench-defs/sv-benchmarks/java/common', '../bench-defs/sv-benchmarks/java/jpf-regression/ExDarko_true']	2660383f2a40c88f159217fdb87e0eba664390c0ffec99c5750a23de340aa064
../bench-defs/sv-benchmarks/java/jpf-regression/ExException_false.yml	../bench-defs/sv-benchmarks/java/properties/valid-assert.prp	false	['../bench-defs/sv-benchmarks/java/common', '../bench-defs/sv-benchmarks/java/jpf-regression/ExException_false']	64a3198bb3dbfd0e094a3bc6eacce8d2083b726889380f151a39545f6deeb292
../bench-defs/sv-benchmarks/java/jpf-regression/ExException_true.yml	../bench-defs/sv-benchmarks/java/properties/valid-assert.prp	true	['../bench-defs/sv-benchmarks/java/common', '../bench-defs/sv-benchmarks/java/jpf-regression/ExException_true']	f945df8ce211be3c122522020afb23d34e9550525fbfb900369dce6d2918def8
../bench-defs/sv-benchmarks/java/jpf-regression/ExGenSymExe_false.yml	../bench-defs/sv-benchmarks/java/properties/valid-assert.prp	false	['../bench-defs/sv-benchmarks/java/common', '../bench-defs/sv-benchmarks/java/jpf-regression/ExGenSymExe_false']	75cf94561a63f66671a91b857f13facbd77a129cfc599391ec2addb43b77e23e
../bench-defs/sv-benchmarks/java/jpf-regression/ExGenSymExe_true.yml	../bench-defs/sv-benchmarks/java/properties/valid-assert.prp	true	['../bench-defs/sv-benchmarks/java/common', '../bench-defs/sv-benchmarks/java/jpf-regression/ExGenSymExe_true']	8dde2f8777cdc3942b64072c149f8138ac4b137946b36ea6d084ae99eccf189a
../bench-defs/sv-benchmarks/java/jpf-regression/ExLazy_false.yml	../bench-defs/sv-benchmarks/java/properties/valid-assert.prp	false	['../bench-defs/sv-benchmarks/java/common', '../bench-defs/sv-benchmarks/java/jpf-regression/ExLazy_false']	0c85838ea4ddb4ca17585ed063a7bd78c063848ff19cb39d6870907e78035e2a
../bench-defs/sv-benchmarks/java/jpf-regression/ExLazy_true.yml	../bench-defs/sv-benchmarks/java/properties/valid-assert.prp	true	['../bench-defs/sv-benchmarks/java/common', '../bench-defs/sv-benchmarks/java/jpf-regression/ExLazy_true']	f3f3a89dc3541ca9a215af4c679a2919170ccf9910353471fce3833ba0fb9f18
../bench-defs/sv-benchmarks/java/jpf-regression/ExMIT_false.yml	../bench-defs/sv-benchmarks/java/properties/valid-assert.prp	false	['../bench-defs/sv-benchmarks/java/common', '../bench-defs/sv-benchmarks/java/jpf-regression/ExMIT_false']	e8a84a59e497b8569d74ab20f94797c8e0fe70bcee3b47cb6e9d424a70dbb5a2
../bench-defs/sv-benchmarks/java/jpf-regression/ExMIT_true.yml	../bench-defs/sv-benchmarks/java/properties/valid-assert.prp	true	['../bench-defs/sv-benchmarks/java/common', '../bench-defs/sv-benchmarks/java/jpf-regression/ExMIT_true']	50df0879334e8c84f1c0c8273a652d6ba49dd890f646f82d086c0473831f298b
../bench-defs/sv-benchmarks/java/jpf-regression/ExSymExe10_false.yml	../bench-defs/sv-benchmarks/java/properties/valid-assert.prp	false	['../bench-defs/sv-benchmarks/java/common', '../bench-defs/sv-benchmarks/java/jpf-regression/ExSymExe10_false']	f69e17fc5fa51a848b31556b3270e16239e95e957d52896118c9809514c183bf
../bench-defs/sv-benchmarks/java/jpf-regression/ExSymExe10_true.yml	../bench-defs/sv-benchmarks/java/properties/valid-assert.prp	true	['../bench-defs/sv-benchmarks/java/common', '../bench-defs/sv-benchmarks/java/jpf-regression/ExSymExe10_true']	ad4bf72d5e00552afc31258667803ee6ff079a5ef6b348f1de7e508821eb8200
../bench-defs/sv-benchmarks/java/jpf-regression/ExSymExe11_false.yml	../bench-defs/sv-benchmarks/java/properties/valid-assert.prp	false	['../bench-defs/sv-benchmarks/java/common', '../bench-defs/sv-benchmarks/java/jpf-regression/ExSymExe11_false']	897c637de0f96a500dc00dbcd5ba403c9c7826b91a8c12df3b71e1636959298d
../bench-defs/sv-benchmarks/java/jpf-regression/ExSymExe11_true.yml	../bench-defs/sv-benchmarks/java/properties/valid-assert.prp	true	['../bench-defs/sv-benchmarks/java/common', '../bench-defs/sv-benchmarks/java/jpf-regression/ExSymExe11_true']	72b3754e5570b83b0dfbf4defa9fcbfecdb9fb78eab4ecac59c217a9681ab2bb
../bench-defs/sv-benchmarks/java/jpf-regression/ExSymExe12_false.yml	../bench-defs/sv-benchmarks/java/properties/valid-assert.prp	false	['../bench-defs/sv-benchmarks/java/common', '../bench-defs/sv-benchmarks/java/jpf-regression/ExSymExe12_false']	b8e2dcf4dc4dcc6a73b49ed38607da6b8ccc32b758bdb1d8e4751736acf0822e
../bench-defs/sv-benchmarks/java/jpf-regression/ExSymExe12_true.yml	../bench-defs/sv-benchmarks/java/properties/valid-assert.prp	true	['../bench-defs/sv-benchmarks/java/common', '../bench-defs/sv-benchmarks/java/jpf-regression/ExSymExe12_true']	bfce6d6037428c2316e1c0549e451288c1009089d33b81bf3c56892b86ec04d6
../bench-defs/sv-benchmarks/java/jpf-regression/ExSymExe13_false.yml	../bench-defs/sv-benchmarks/java/properties/valid-assert.prp	false	['../bench-defs/sv-benchmarks/java/common', '../bench-defs/sv-benchmarks/java/jpf-regression/ExSymExe13_false']	3cb6119c6d8ffcd7eff0e240628e9beb10b0da29d12c0fd16b4c1edd01a072ff
../bench-defs/sv-benchmarks/java/jpf-regression/ExSymExe13_true.yml	../bench-defs/sv-benchmarks/java/properties/valid-assert.prp	true	['../bench-defs/sv-benchmarks/java/common', '../bench-defs/sv-benchmarks/java/jpf-regression/ExSymExe13_true']	4222d262e421b4900b4911d2dacc1616164bab2df631c12c4472e5f03d3d3163
../bench-defs/sv-benchmarks/java/jpf-regression/ExSymExe14_false.yml	../bench-defs/sv-benchmarks/java/properties/valid-assert.prp	false	['../bench-defs/sv-benchmarks/java/common', '../bench-defs/sv-benchmarks/java/jpf-regression/ExSymExe14_false']	a3a6413f05007202d2d03f163e4e09b819f593b9b8c68f60e5bc47c92cd9199b
../bench-defs/sv-benchmarks/java/jpf-regression/ExSymExe14_true.yml	../bench-defs/sv-benchmarks/java/properties/valid-assert.prp	true	['../bench-defs/sv-benchmarks/java/common', '../bench-defs/sv-benchmarks/java/jpf-regression/ExSymExe14_true']	1d80bed98b3f5df94aa7c9a39d941c639008730613fda7a7493600837b17033f
../bench-defs/sv-benchmarks/java/jpf-regression/ExSymExe15_false.yml	../bench-defs/sv-benchmarks/java/properties/valid-assert.prp	false	['../bench-defs/sv-benchmarks/java/common', '../bench-defs/sv-benchmarks/java/jpf-regression/ExSymExe15_false']	62a179d48cf56b7faa25bb0e61d676deee6e972fbfb892f94442fe4a86d01421
../bench-defs/sv-benchmarks/java/jpf-regression/ExSymExe15_true.yml	../bench-defs/sv-benchmarks/java/properties/valid-assert.prp	true	['../bench-defs/sv-benchmarks/java/common', '../bench-defs/sv-benchmarks/java/jpf-regression/ExSymExe15_true']	c19f40a782cf6e762b6011d9c1a01fa3e5d17bad887862515f83599c2d269a91
../bench-defs/sv-benchmarks/java/jpf-regression/ExSymExe16_false.yml	../bench-defs/sv-benchmarks/java/properties/valid-assert.prp	false	['../bench-defs/sv-benchmarks/java/common', '../bench-defs/sv-benchmarks/java/jpf-regression/ExSymExe16_false']	38becd6b439ed35f944f11ac1246789fef9cbdf5462be44f94f688e080ddcfdb
../bench-defs/sv-benchmarks/java/jpf-regression/ExSymExe16_true.yml	../bench-defs/sv-benchmarks/java/properties/valid-assert.prp	true	['../bench-defs/sv-benchmarks/java/common', '../bench-defs/sv-benchmarks/java/jpf-regression/ExSymExe16_true']	13a4fcda417c4b626e731f16b224667c8d8591fdc9ed625cb74de9bab5bbc1d3
../bench-defs/sv-benchmarks/java/jpf-regression/ExSymExe17_false.yml	../bench-defs/sv-benchmarks/java/properties/valid-assert.prp	false	['../bench-defs/sv-benchmarks/java/common', '../bench-defs/sv-benchmarks/java/jpf-regression/ExSymExe17_false']	a23f4c9e3eeadca11ab155cc0f4746cc0d8fc6b1fa91a7381e407ade7cff3002
../bench-defs/sv-benchmarks/java/jpf-regression/ExSymExe17_true.yml	../bench-defs/sv-benchmarks/java/properties/valid-assert.prp	true	['../bench-defs/sv-benchmarks/java/common', '../bench-defs/sv-benchmarks/java/jpf-regression/ExSymExe17_true']	66670ab6ae84a24ad08ab8532929512bbd02aea26197dc5bb12e1985c5bdcb45
../bench-defs/sv-benchmarks/java/jpf-regression/ExSymExe18_false.yml	../bench-defs/sv-benchmarks/java/properties/valid-assert.prp	false	['../bench-defs/sv-benchmarks/java/common', '../bench-defs/sv-benchmarks/java/jpf-regression/ExSymExe18_false']	6b73c6bdfdd6f6642c2548376f3a533ca2845696f1c1b69faf942fb9f48a6399
../bench-defs/sv-benchmarks/java/jpf-regression/ExSymExe18_true.yml	../bench-defs/sv-benchmarks/java/properties/valid-assert.prp	true	['../bench-defs/sv-benchmarks/java/common', '../bench-defs/sv-benchmarks/java/jpf-regression/ExSymExe18_true']	51ac68dbb1474338a331d5675890b4ae75de529a3d6dd8e046b20620b32abbb9
../bench-defs/sv-benchmarks/java/jpf-regression/ExSymExe19_false.yml	../bench-defs/sv-benchmarks/java/properties/valid-assert.prp	false	['../bench-defs/sv-benchmarks/java/common', '../bench-defs/sv-benchmarks/java/jpf-regression/ExSymExe19_false']	b8b33c2cf81bf4014e68d470d158f7b5c7c96135f4a2406df454e4db062beede
../bench-defs/sv-benchmarks/java/jpf-regression/ExSymExe19_true.yml	../bench-defs/sv-benchmarks/java/properties/valid-assert.prp	true	['../bench-defs/sv-benchmarks/java/common', '../bench-defs/sv-benchmarks/java/jpf-regression/ExSymExe19_true']	8e653e54be1b4bb7fbb5770c7290c5e67715dbf8c3b673663a87beb6de68a162
../bench-defs/sv-benchmarks/java/jpf-regression/ExSymExe1_false.yml	../bench-defs/sv-benchmarks/java/properties/valid-assert.prp	false	['../bench-defs/sv-benchmarks/java/common', '../bench-defs/sv-benchmarks/java/jpf-regression/ExSymExe1_false']	d15c622f6c8ee746111e470cce817da20a288413e54b91be0a0b3183c8ea1e06
../bench-defs/sv-benchmarks/java/jpf-regression/ExSymExe1_true.yml	../bench-defs/sv-benchmarks/java/properties/valid-assert.prp	true	['../bench-defs/sv-benchmarks/java/common', '../bench-defs/sv-benchmarks/java/jpf-regression/ExSymExe1_true']	fc12bb9e4167c78b92273f25c0e77ca338f7ef50b9936804c8d5b5f7885fc1e8
../bench-defs/sv-benchmarks/java/jpf-regression/ExSymExe20_false.yml	../bench-defs/sv-benchmarks/java/properties/valid-assert.prp	false	['../bench-defs/sv-benchmarks/java/common', '../bench-defs/sv-benchmarks/java/jpf-regression/ExSymExe20_false']	b50e83ba1971db023d9abd3b767f33af58ba589cea9be2aba632c7f8a073b351
../bench-defs/sv-benchmarks/java/jpf-regression/ExSymExe20_true.yml	../bench-defs/sv-benchmarks/java/properties/valid-assert.prp	true	['../bench-defs/sv-benchmarks/java/common', '../bench-defs/sv-benchmarks/java/jpf-regression/ExSymExe20_true']	3c4d3edfce279b7c6d1217e602e9dff8b043b17e1579caba7ef343993e4fc925
../bench-defs/sv-benchmarks/java/jpf-regression/ExSymExe21_false.yml	../bench-defs/sv-benchmarks/java/properties/valid-assert.prp	false	['../bench-defs/sv-benchmarks/java/common', '../bench-defs/sv-benchmarks/java/jpf-regression/ExSymExe21_false']	016aabab158ce6a288d69c15836a6f40e9beda8b081070824011c1f6dfc348a8
../bench-defs/sv-benchmarks/java/jpf-regression/ExSymExe21_true.yml	../bench-defs/sv-benchmarks/java/properties/valid-assert.prp	true	['../bench-defs/sv-benchmarks/java/common', '../bench-defs/sv-benchmarks/java/jpf-regression/ExSymExe21_true']	b3fadab13c88b9ad104f5f02392ac0846bcf534df65a6744e01deba4a3e02f1a
../bench-defs/sv-benchmarks/java/jpf-regression/ExSymExe25_false.yml	../bench-defs/sv-benchmarks/java/properties/valid-assert.prp	false	['../bench-defs/sv-benchmarks/java/common', '../bench-defs/sv-benchmarks/java/jpf-regression/ExSymExe25_false']	d7e1fd81d4ebec19fa28b2230118d3d90b92bffa5a88fe53fd0690ece241b243
../bench-defs/sv-benchmarks/java/jpf-regression/ExSymExe25_true.yml	../bench-defs/sv-benchmarks/java/properties/valid-assert.prp	true	['../bench-defs/sv-benchmarks/java/common', '../bench-defs/sv-benchmarks/java/jpf-regression/ExSymExe25_true']	2b6c2ddd387bc668331663e65a17ef2810dc0f74f928833ec6bc323520041ae7
../bench-defs/sv-benchmarks/java/jpf-regression/ExSymExe26_false.yml	../bench-defs/sv-benchmarks/java/properties/valid-assert.prp	false	['../bench-defs/sv-benchmarks/java/common', '../bench-defs/sv-benchmarks/java/jpf-regression/ExSymExe26_false']	d2242f0cfebe6477f015f36c5b053aa612dfa6573cfc1942d887ea3bbbbbf974
../bench-defs/sv-benchmarks/java/jpf-regression/ExSymExe26_true.yml	../bench-defs/sv-benchmarks/java/properties/valid-assert.prp	true	['../bench-defs/sv-benchmarks/java/common', '../bench-defs/sv-benchmarks/java/jpf-regression/ExSymExe26_true']	584a02b388853ed7a2dc838ccbb858922e2e2c6bdbd390e91a4dd33f3dc56eff
../bench-defs/sv-benchmarks/java/jpf-regression/ExSymExe27_false.yml	../bench-defs/sv-benchmarks/java/properties/valid-assert.prp	false	['../bench-defs/sv-benchmarks/java/common', '../bench-defs/sv-benchmarks/java/jpf-regression/ExSymExe27_false']	a2e4f371d102309b733bbe3a82b0ae811384f10ed6cbbb47b6b8abbf16553a97
../bench-defs/sv-benchmarks/java/jpf-regression/ExSymExe27_true.yml	../bench-defs/sv-benchmarks/java/properties/valid-assert.prp	true	['../bench-defs/sv-benchmarks/java/common', '../bench-defs/sv-benchmarks/java/jpf-regression/ExSymExe27_true']	9471ddaaea659feff32e590578d8bc2e9e48ffe8d3d9320096336cd7616f1b7b
../bench-defs/sv-benchmarks/java/jpf-regression/ExSymExe28_false.yml	../bench-defs/sv-benchmarks/java/properties/valid-assert.prp	false	['../bench-defs/sv-benchmarks/java/common', '../bench-defs/sv-benchmarks/java/jpf-regression/ExSymExe28_false']	34e78e66e02aed7008359b9df05c0312c39692bdd58a5789deebdf6f5e0959ed
../bench-defs/sv-benchmarks/java/jpf-regression/ExSymExe28_true.yml	../bench-defs/sv-benchmarks/java/properties/valid-assert.prp	true	['../bench-defs/sv-benchmarks/java/common', '../bench-defs/sv-benchmarks/java/jpf-regression/ExSymExe28_true']	e414235faa210736b95818fc4038159d6ed7d57b6a05d316027e7b35b297a131
../bench-defs/sv-benchmarks/java/jpf-regression/ExSymExe29_false.yml	../bench-defs/sv-benchmarks/java/properties/valid-assert.prp	false	['../bench-defs/sv-benchmarks/java/common', '../bench-defs/sv-benchmarks/java/jpf-regression/ExSymExe29_false']	0cf320db9263cc49fee71999be2af6822e4eb3c7d9c99db804bf9f92e8dbe4a0
../bench-defs/sv-benchmarks/java/jpf-regression/ExSymExe29_true.yml	../bench-defs/sv-benchmarks/java/properties/valid-assert.prp	true	['../bench-defs/sv-benchmarks/java/common', '../bench-defs/sv-benchmarks/java/jpf-regression/ExSymExe29_true']	ecf576448e0fb66fbfdbc3ecee188fcb08eec01c2c2d65c1b94f78d3d4fb0711
../bench-defs/sv-benchmarks/java/jpf-regression/ExSymExe2_false.yml	../bench-defs/sv-benchmarks/java/properties/valid-assert.prp	false	['../bench-defs/sv-benchmarks/java/common', '../bench-defs/sv-benchmarks/java/jpf-regression/ExSymExe2_false']	6bb245d547340f9743689c421ddde924072280a8d929da1828954a2916538ce9
../bench-defs/sv-benchmarks/java/jpf-regression/ExSymExe2_true.yml	../bench-defs/sv-benchmarks/java/properties/valid-assert.prp	true	['../bench-defs/sv-benchmarks/java/common', '../bench-defs/sv-benchmarks/java/jpf-regression/ExSymExe2_true']	f5b6e351394102094aee903fecf9af3d80bc9733ea19b967f43a70fb272c1235
../bench-defs/sv-benchmarks/java/jpf-regression/ExSymExe3_false.yml	../bench-defs/sv-benchmarks/java/properties/valid-assert.prp	false	['../bench-defs/sv-benchmarks/java/common', '../bench-defs/sv-benchmarks/java/jpf-regression/ExSymExe3_false']	035ef4c34486aca591a98c4a11b83bddeb6cc60eddbb3eecf18d016be4d22e80
../bench-defs/sv-benchmarks/java/jpf-regression/ExSymExe3_true.yml	../bench-defs/sv-benchmarks/java/properties/valid-assert.prp	true	['../bench-defs/sv-benchmarks/java/common', '../bench-defs/sv-benchmarks/java/jpf-regression/ExSymExe3_true']	55fdc3166b0cc09879f509faa09ec6e2ebd04e5e7ecef5a73979c0ea71cf46de
../bench-defs/sv-benchmarks/java/jpf-regression/ExSymExe4_false.yml	../bench-defs/sv-benchmarks/java/properties/valid-assert.prp	false	['../bench-defs/sv-benchmarks/java/common', '../bench-defs/sv-benchmarks/java/jpf-regression/ExSymExe4_false']	cef812d41e288f1816bb7ae908b6c9ec252448ff2377adf1331aa7fae898f8e4
../bench-defs/sv-benchmarks/java/jpf-regression/ExSymExe4_true.yml	../bench-defs/sv-benchmarks/java/properties/valid-assert.prp	true	['../bench-defs/sv-benchmarks/java/common', '../bench-defs/sv-benchmarks/java/jpf-regression/ExSymExe4_true']	dd7461df624cb712804ee6b8607d4c7a249e8bc6c3c92c246051c6702fffcd58
../bench-defs/sv-benchmarks/java/jpf-regression/ExSymExe5_false.yml	../bench-defs/sv-benchmarks/java/properties/valid-assert.prp	false	['../bench-defs/sv-benchmarks/java/common', '../bench-defs/sv-benchmarks/java/jpf-regression/ExSymExe5_false']	0b108be036caa8c8f4e2a5943c407402bbd780b7da07c3e313a1585f3f451542
../bench-defs/sv-benchmarks/java/jpf-regression/ExSymExe5_true.yml	../bench-defs/sv-benchmarks/java/properties/valid-assert.prp	true	['../bench-defs/sv-benchmarks/java/common', '../bench-defs/sv-benchmarks/java/jpf-regression/ExSymExe5_true']	6dd6f419122cfee8e7a9fda0efb6245668e9b76c9be9051058a336172adc8941
../bench-defs/sv-benchmarks/java/jpf-regression/ExSymExe6_false.yml	../bench-defs/sv-benchmarks/java/properties/valid-assert.prp	false	['../bench-defs/sv-benchmarks/java/common', '../bench-defs/sv-benchmarks/java/jpf-regression/ExSymExe6_false']	ba494cc1d0c35d36eb16c69b804b8f7994058260a98032b7adf05d12c26c3ec1
../bench-defs/sv-benchmarks/java/jpf-regression/ExSymExe6_true.yml	../bench-defs/sv-benchmarks/java/properties/valid-assert.prp	true	['../bench-defs/sv-benchmarks/java/common', '../bench-defs/sv-benchmarks/java/jpf-regression/ExSymExe6_true']	d4ae6f4bbbce1e30ec08bf3b9baea438e32fcde0195e99ff5f445663fecc09b1
../bench-defs/sv-benchmarks/java/jpf-regression/ExSymExe7_false.yml	../bench-defs/sv-benchmarks/java/properties/valid-assert.prp	false	['../bench-defs/sv-benchmarks/java/common', '../bench-defs/sv-benchmarks/java/jpf-regression/ExSymExe7_false']	de86bf9ae5c9836735206c84eb74d0cc0eb96e6097bdad604551f5b30268c3d9
../bench-defs/sv-benchmarks/java/jpf-regression/ExSymExe7_true.yml	../bench-defs/sv-benchmarks/java/properties/valid-assert.prp	true	['../bench-defs/sv-benchmarks/java/common', '../bench-defs/sv-benchmarks/java/jpf-regression/ExSymExe7_true']	2a12176645242fb50dede9e81b7981efbf754a4f4305f2c07588cebce828a901
../bench-defs/sv-benchmarks/java/jpf-regression/ExSymExe8_false.yml	../bench-defs/sv-benchmarks/java/properties/valid-assert.prp	false	['../bench-defs/sv-benchmarks/java/common', '../bench-defs/sv-benchmarks/java/jpf-regression/ExSymExe8_false']	b1e05fee11ee88b4ccc43b36dfb75e330c78799d05bf9b6986c65fc437024fec
../bench-defs/sv-benchmarks/java/jpf-regression/ExSymExe8_true.yml	../bench-defs/sv-benchmarks/java/properties/valid-assert.prp	true	['../bench-defs/sv-benchmarks/java/common', '../bench-defs/sv-benchmarks/java/jpf-regression/ExSymExe8_true']	3900287a318ffcfb0b26ccc85ed15aa891550d64eb95e9962cfe0d6606ab6103
../bench-defs/sv-benchmarks/java/jpf-regression/ExSymExe9_false.yml	../bench-defs/sv-benchmarks/java/properties/valid-assert.prp	false	['../bench-defs/sv-benchmarks/java/common', '../bench-defs/sv-benchmarks/java/jpf-regression/ExSymExe9_false']	23fd02d0de1db1a27a9361ed0cc1b728352bfa47f2d8d35b22b097218c5e6ad8
../bench-defs/sv-benchmarks/java/jpf-regression/ExSymExe9_true.yml	../bench-defs/sv-benchmarks/java/properties/valid-assert.prp	true	['../bench-defs/sv-benchmarks/java/common', '../bench-defs/sv-benchmarks/java/jpf-regression/ExSymExe9_true']	e62fa0146e2ac298e664eb70fe981ccfe16f71b5eb36bada3d28802d9664770f
../bench-defs/sv-benchmarks/java/jpf-regression/ExSymExeArrays_false.yml	../bench-defs/sv-benchmarks/java/properties/valid-assert.prp	false	['../bench-defs/sv-benchmarks/java/common', '../bench-defs/sv-benchmarks/java/jpf-regression/ExSymExeArrays_false']	844da0d2597809719b89ede2867554019c2aad0bfa072c148a0189d526fca573
../bench-defs/sv-benchmarks/java/jpf-regression/ExSymExeArrays_true.yml	../bench-defs/sv-benchmarks/java/properties/valid-assert.prp	true	['../bench-defs/sv-benchmarks/java/common', '../bench-defs/sv-benchmarks/java/jpf-regression/ExSymExeArrays_true']	69139f94fd387205dc4b314fabc74f084667471d77d5b594c2ba9f2d14405f23
../bench-defs/sv-benchmarks/java/jpf-regression/ExSymExeBool_false.yml	../bench-defs/sv-benchmarks/java/properties/valid-assert.prp	false	['../bench-defs/sv-benchmarks/java/common', '../bench-defs/sv-benchmarks/java/jpf-regression/ExSymExeBool_false']	4a8c26c4c21d7e461a2ab79fda20ef14e1df4f21829ca572e980ebf852599324
../bench-defs/sv-benchmarks/java/jpf-regression/ExSymExeBool_true.yml	../bench-defs/sv-benchmarks/java/properties/valid-assert.prp	true	['../bench-defs/sv-benchmarks/java/common', '../bench-defs/sv-benchmarks/java/jpf-regression/ExSymExeBool_true']	00f2ff8e621ce0987346744261f3481c37c09069ae1e70da196e784e2dc2dd3a
../bench-defs/sv-benchmarks/java/jpf-regression/ExSymExeComplexMath_false.yml	../bench-defs/sv-benchmarks/java/properties/valid-assert.prp	false	['../bench-defs/sv-benchmarks/java/common', '../bench-defs/sv-benchmarks/java/jpf-regression/ExSymExeComplexMath_false']	2716cf2b6126db4e9214e684566cf651033e63c575ea4415fdadeea5673db6c0
../bench-defs/sv-benchmarks/java/jpf-regression/ExSymExeComplexMath_true.yml	../bench-defs/sv-benchmarks/java/properties/valid-assert.prp	true	['../bench-defs/sv-benchmarks/java/common', '../bench-defs/sv-benchmarks/java/jpf-regression/ExSymExeComplexMath_true']	373fa5d0f799926b13f8507b02f48e0bd27811f166c7033967931392c4ab8f86
../bench-defs/sv-benchmarks/java/jpf-regression/ExSymExeD2I_false.yml	../bench-defs/sv-benchmarks/java/properties/valid-assert.prp	false	['../bench-defs/sv-benchmarks/java/common', '../bench-defs/sv-benchmarks/java/jpf-regression/ExSymExeD2I_false']	3e0d9f0766d20c4d255da8b4e23d3c464f01b6ae9314b5f366305e7415dca983
../bench-defs/sv-benchmarks/java/jpf-regression/ExSymExeD2I_true.yml	../bench-defs/sv-benchmarks/java/properties/valid-assert.prp	true	['../bench-defs/sv-benchmarks/java/common', '../bench-defs/sv-benchmarks/java/jpf-regression/ExSymExeD2I_true']	05f71c39649772222fc7af70204f73e8af9db139659163907582bf5141129a5b
../bench-defs/sv-benchmarks/java/jpf-regression/ExSymExeD2L_false.yml	../bench-defs/sv-benchmarks/java/properties/valid-assert.prp	false	['../bench-defs/sv-benchmarks/java/common', '../bench-defs/sv-benchmarks/java/jpf-regression/ExSymExeD2L_false']	21fba39c59756549e8ae3b5adcf225de89534f5c95be0db42027806c4e00ed12
../bench-defs/sv-benchmarks/java/jpf-regression/ExSymExeD2L_true.yml	../bench-defs/sv-benchmarks/java/properties/valid-assert.prp	true	['../bench-defs/sv-benchmarks/java/common', '../bench-defs/sv-benchmarks/java/jpf-regression/ExSymExeD2L_true']	ca711cc76993ce2d0ac70a56da97227edd6255dd7c40d04ae4df348e3e17f0d4
../bench-defs/sv-benchmarks/java/jpf-regression/ExSymExeF2I_false.yml	../bench-defs/sv-benchmarks/java/properties/valid-assert.prp	false	['../bench-defs/sv-benchmarks/java/common', '../bench-defs/sv-benchmarks/java/jpf-regression/ExSymExeF2I_false']	d11902ab1e1da3e9181db0387ec0c13c81e1315f261d02b47546a35d5562d623
../bench-defs/sv-benchmarks/java/jpf-regression/ExSymExeF2I_true.yml	../bench-defs/sv-benchmarks/java/properties/valid-assert.prp	true	['../bench-defs/sv-benchmarks/java/common', '../bench-defs/sv-benchmarks/java/jpf-regression/ExSymExeF2I_true']	7d6d23681287313d324a280b8986b503efb7921e0742468f54e0343ff5c35212
../bench-defs/sv-benchmarks/java/jpf-regression/ExSymExeF2L_false.yml	../bench-defs/sv-benchmarks/java/properties/valid-assert.prp	false	['../bench-defs/sv-benchmarks/java/common', '../bench-defs/sv-benchmarks/java/jpf-regression/ExSymExeF2L_false']	125b3f6285d78edb4338a25477c31a5653ca8d82fe12760ee970967ebc154494
../bench-defs/sv-benchmarks/java/jpf-regression/ExSymExeF2L_true.yml	../bench-defs/sv-benchmarks/java/properties/valid-assert.prp	true	['../bench-defs/sv-benchmarks/java/common', '../bench-defs/sv-benchmarks/java/jpf-regression/ExSymExeF2L_true']	be24501dfc6b54e0c8abb1e79152032e826af76d5757888d690e385ece13a40a
../bench-defs/sv-benchmarks/java/jpf-regression/ExSymExeFNEG_false.yml	../bench-defs/sv-benchmarks/java/properties/valid-assert.prp	false	['../bench-defs/sv-benchmarks/java/common', '../bench-defs/sv-benchmarks/java/jpf-regression/ExSymExeFNEG_false']	571c93bdf73a1fa0fb4580c4c11ce13f224d159e97fd3c8cb06aa3bb93b6abf0
../bench-defs/sv-benchmarks/java/jpf-regression/ExSymExeFNEG_true.yml	../bench-defs/sv-benchmarks/java/properties/valid-assert.prp	true	['../bench-defs/sv-benchmarks/java/common', '../bench-defs/sv-benchmarks/java/jpf-regression/ExSymExeFNEG_true']	facaf8b1907940c398871e5b618664014397f4ff9195bd3e0950b18b3dd5bfb1
../bench-defs/sv-benchmarks/java/jpf-regression/ExSymExeGetStatic_false.yml	../bench-defs/sv-benchmarks/java/properties/valid-assert.prp	false	['../bench-defs/sv-benchmarks/java/common', '../bench-defs/sv-benchmarks/java/jpf-regression/ExSymExeGetStatic_false']	bff08aada4ef31b8fae5d2ff1374ea5ac47b6b07bb989cb922c98a39339cab03
../bench-defs/sv-benchmarks/java/jpf-regression/ExSymExeGetStatic_true.yml	../bench-defs/sv-benchmarks/java/properties/valid-assert.prp	true	['../bench-defs/sv-benchmarks/java/common', '../bench-defs/sv-benchmarks/java/jpf-regression/ExSymExeGetStatic_true']	506cf69d09bbfa8d14ff7fcf310bd126f75f1a58bc9fcd33c6bc72fb15c1e944
../bench-defs/sv-benchmarks/java/jpf-regression/ExSymExeI2D_false.yml	../bench-defs/sv-benchmarks/java/properties/valid-assert.prp	false	['../bench-defs/sv-benchmarks/java/common', '../bench-defs/sv-benchmarks/java/jpf-regression/ExSymExeI2D_false']	befa8478a1aec83065621efdcf92ab1da17066ca0a517b865eb19cab6fff1dff
../bench-defs/sv-benchmarks/java/jpf-regression/ExSymExeI2D_true.yml	../bench-defs/sv-benchmarks/java/properties/valid-assert.prp	true	['../bench-defs/sv-benchmarks/java/common', '../bench-defs/sv-benchmarks/java/jpf-regression/ExSymExeI2D_true']	a059aa6082b63069be02895f5078c962344420d2d061b105d16b485a8a580931
../bench-defs/sv-benchmarks/java/jpf-regression/ExSymExeI2F_false.yml	../bench-defs/sv-benchmarks/java/properties/valid-assert.prp	false	['../bench-defs/sv-benchmarks/java/common', '../bench-defs/sv-benchmarks/java/jpf-regression/ExSymExeI2F_false']	e0d10be06e04c03465e60bad7f819ae3878ae93e333d2a96c1b2af691e692af3
../bench-defs/sv-benchmarks/java/jpf-regression/ExSymExeI2F_true.yml	../bench-defs/sv-benchmarks/java/properties/valid-assert.prp	true	['../bench-defs/sv-benchmarks/java/common', '../bench-defs/sv-benchmarks/java/jpf-regression/ExSymExeI2F_true']	6e2bee5a393d7dcafe21273d9f478bc2f4cc86d15a2ff7e0005ba3e0ccd5e58a
../bench-defs/sv-benchmarks/java/jpf-regression/ExSymExeLCMP_false.yml	../bench-defs/sv-benchmarks/java/properties/valid-assert.prp	false	['../bench-defs/sv-benchmarks/java/common', '../bench-defs/sv-benchmarks/java/jpf-regression/ExSymExeLCMP_false']	03c62556cbcc124437d87b5294bb7bbc0dbaa51f6ba3dc0ea66823a382c60fa7
../bench-defs/sv-benchmarks/java/jpf-regression/ExSymExeLCMP_true.yml	../bench-defs/sv-benchmarks/java/properties/valid-assert.prp	true	['../bench-defs/sv-benchmarks/java/common', '../bench-defs/sv-benchmarks/java/jpf-regression/ExSymExeLCMP_true']	133fc0b3ae9cd84fa733a84a70c4a7bf0fee0c6e251e384887cdcf544816840d
../bench-defs/sv-benchmarks/java/jpf-regression/ExSymExeLongBytecodes_false.yml	../bench-defs/sv-benchmarks/java/properties/valid-assert.prp	false	['../bench-defs/sv-benchmarks/java/common', '../bench-defs/sv-benchmarks/java/jpf-regression/ExSymExeLongBytecodes_false']	bdbffd8fc5e5af32f87256562e57b144bbeaf929e5adc2d7c1ed8872b09493ef
../bench-defs/sv-benchmarks/java/jpf-regression/ExSymExeLongBytecodes_true.yml	../bench-defs/sv-benchmarks/java/properties/valid-assert.prp	true	['../bench-defs/sv-benchmarks/java/common', '../bench-defs/sv-benchmarks/java/jpf-regression/ExSymExeLongBytecodes_true']	84b358486f8b25b39026b71eb9ba45f7b4a18351486aa3019e27b9bb30bf5b33
../bench-defs/sv-benchmarks/java/jpf-regression/ExSymExeResearch_false.yml	../bench-defs/sv-benchmarks/java/properties/valid-assert.prp	false	['../bench-defs/sv-benchmarks/java/common', '../bench-defs/sv-benchmarks/java/jpf-regression/ExSymExeResearch_false']	783286657cf5b31766d472f01638289bdf5df0dcbd88acf31ea786969c97fab2
../bench-defs/sv-benchmarks/java/jpf-regression/ExSymExeResearch_true.yml	../bench-defs/sv-benchmarks/java/properties/valid-assert.prp	true	['../bench-defs/sv-benchmarks/java/common', '../bench-defs/sv-benchmarks/java/jpf-regression/ExSymExeResearch_true']	ef35fef9b9a32fb7f8c336a859daeece467004105ef59e0822bb142310f36a0f
../bench-defs/sv-benchmarks/java/jpf-regression/ExSymExeSimple_false.yml	../bench-defs/sv-benchmarks/java/properties/valid-assert.prp	false	['../bench-defs/sv-benchmarks/java/common', '../bench-defs/sv-benchmarks/java/jpf-regression/ExSymExeSimple_false']	753a9220d1b949c6da07ff58a1c0f96debfce28fac57099b21e122a74c453ff7
../bench-defs/sv-benchmarks/java/jpf-regression/ExSymExeSimple_true.yml	../bench-defs/sv-benchmarks/java/properties/valid-assert.prp	true	['../bench-defs/sv-benchmarks/java/common', '../bench-defs/sv-benchmarks/java/jpf-regression/ExSymExeSimple_true']	9afbba5439a8dba2807d4245f16e2e9ff7bf959a523cf75fcae8d2c1ec237cb9
../bench-defs/sv-benchmarks/java/jpf-regression/ExSymExeSuzette_false.yml	../bench-defs/sv-benchmarks/java/properties/valid-assert.prp	false	['../bench-defs/sv-benchmarks/java/common', '../bench-defs/sv-benchmarks/java/jpf-regression/ExSymExeSuzette_false']	a9342cc150599d5be3c6cd62cb000a265fb937a2dd3f297a85fcfd2848b21e31
../bench-defs/sv-benchmarks/java/jpf-regression/ExSymExeSuzette_true.yml	../bench-defs/sv-benchmarks/java/properties/valid-assert.prp	true	['../bench-defs/sv-benchmarks/java/common', '../bench-defs/sv-benchmarks/java/jpf-regression/ExSymExeSuzette_true']	b98bbade549ddfa959ee8ee93bba1638d0a6d65658c2a4c15c8b5eb35389e9f9
../bench-defs/sv-benchmarks/java/jpf-regression/ExSymExeSwitch_false.yml	../bench-defs/sv-benchmarks/java/properties/valid-assert.prp	false	['../bench-defs/sv-benchmarks/java/common', '../bench-defs/sv-benchmarks/java/jpf-regression/ExSymExeSwitch_false']	88c83b5b5cc459fc84b7d1b413dd92b709c9d8fc2cb015088864814c23c0c017
../bench-defs/sv-benchmarks/java/jpf-regression/ExSymExeSwitch_true.yml	../bench-defs/sv-benchmarks/java/properties/valid-assert.prp	true	['../bench-defs/sv-benchmarks/java/common', '../bench-defs/sv-benchmarks/java/jpf-regression/ExSymExeSwitch_true']	d0434c3ad6b325ed4734e6c5b2740b8f3684f05c9e60e0cda33e9c1fa908d26e
../bench-defs/sv-benchmarks/java/jpf-regression/ExSymExeTestAssignments_false.yml	../bench-defs/sv-benchmarks/java/properties/valid-assert.prp	false	['../bench-defs/sv-benchmarks/java/common', '../bench-defs/sv-benchmarks/java/jpf-regression/ExSymExeTestAssignments_false']	5996f21d4dbbe70dea255336c13e719afc881db984b250776bb8e1e3d9b1bb43
../bench-defs/sv-benchmarks/java/jpf-regression/ExSymExeTestAssignments_true.yml	../bench-defs/sv-benchmarks/java/properties/valid-assert.prp	true	['../bench-defs/sv-benchmarks/java/common', '../bench-defs/sv-benchmarks/java/jpf-regression/ExSymExeTestAssignments_true']	bb3a043cc72bbe41c9a95ed03d3a3875fcf791b6734241bb1c874ec29d1b6f6d
../bench-defs/sv-benchmarks/java/jpf-regression/ExSymExeTestClassFields_false.yml	../bench-defs/sv-benchmarks/java/properties/valid-assert.prp	false	['../bench-defs/sv-benchmarks/java/common', '../bench-defs/sv-benchmarks/java/jpf-regression/ExSymExeTestClassFields_false']	be55beff05fa17bbc05d0710dfff3fe4e2f5f54a0ab0a790dc47dd8c50d75c6b
../bench-defs/sv-benchmarks/java/jpf-regression/ExSymExeTestClassFields_true.yml	../bench-defs/sv-benchmarks/java/properties/valid-assert.prp	true	['../bench-defs/sv-benchmarks/java/common', '../bench-defs/sv-benchmarks/java/jpf-regression/ExSymExeTestClassFields_true']	0f1f63eeffbaa7a345e48fca23af6bd20b72f54ebd40dbde42119e372a2ef7e3
../bench-defs/sv-benchmarks/java/jpf-regression/ExSymExe_false.yml	../bench-defs/sv-benchmarks/java/properties/valid-assert.prp	false	['../bench-defs/sv-benchmarks/java/common', '../bench-defs/sv-benchmarks/java/jpf-regression/ExSymExe_false']	c413aed5f5ad34a47af9317e20e014644d5100ae0c47a81af1c3e571b42555c1
../bench-defs/sv-benchmarks/java/jpf-regression/ExSymExe_true.yml	../bench-defs/sv-benchmarks/java/properties/valid-assert.prp	true	['../bench-defs/sv-benchmarks/java/common', '../bench-defs/sv-benchmarks/java/jpf-regression/ExSymExe_true']	c983fbf0af513a960113b0fb83745a9a94b03306a0c67d5ef30bb471e7b91fcb
../bench-defs/sv-benchmarks/java/jpf-regression/TestLazy_false.yml	../bench-defs/sv-benchmarks/java/properties/valid-assert.prp	false	['../bench-defs/sv-benchmarks/java/common', '../bench-defs/sv-benchmarks/java/jpf-regression/TestLazy_false']	69c19c13bc5ac5c8875858d284bf4762d1e85178c33d0f2582f77036ec440724
../bench-defs/sv-benchmarks/java/jpf-regression/TestLazy_true.yml	../bench-defs/sv-benchmarks/java/properties/valid-assert.prp	true	['../bench-defs/sv-benchmarks/java/common', '../bench-defs/sv-benchmarks/java/jpf-regression/TestLazy_true']	a15b0f150f2546104f16b73df58466bf17c236f131be68eb13f1133d9adb8c27
../bench-defs/sv-benchmarks/java/java-ranger-regression/LoopCharAt.yml	../bench-defs/sv-benchmarks/java/properties/valid-assert.prp	false	['../bench-defs/sv-benchmarks/java/common', '../bench-defs/sv-benchmarks/java/java-ranger-regression/loopCharAt']	a2c0215ff3dbfbe98695b9fe7fdd0b6af236a815df6cedf77a910d93e78fe84b
../bench-defs/sv-benchmarks/java/java-ranger-regression/TCAS_prop1.yml	../bench-defs/sv-benchmarks/java/properties/valid-assert.prp	false	['../bench-defs/sv-benchmarks/java/common', '../bench-defs/sv-benchmarks/java/java-ranger-regression/TCAS_prop1']	65f5cc8f7011784686f3760d81746be1a2304739b3a0cdedfe807deb65394090
../bench-defs/sv-benchmarks/java/java-ranger-regression/TCAS_prop2.yml	../bench-defs/sv-benchmarks/java/properties/valid-assert.prp	true	['../bench-defs/sv-benchmarks/java/common', '../bench-defs/sv-benchmarks/java/java-ranger-regression/TCAS_prop2']	d5ade4bc24378b7cb0f375f7ba977d920a0a649561d55ddb70313bce348b3c7a
../bench-defs/sv-benchmarks/java/java-ranger-regression/TCAS_prop3.yml	../bench-defs/sv-benchmarks/java/properties/valid-assert.prp	true	['../bench-defs/sv-benchmarks/java/common', '../bench-defs/sv-benchmarks/java/java-ranger-regression/TCAS_prop3']	9e650bb127063bbc6f69ff895439c41375072454ff1d1f530becb42fcd607e8b
../bench-defs/sv-benchmarks/java/java-ranger-regression/apachecli_eqchk.yml	../bench-defs/sv-benchmarks/java/properties/valid-assert.prp	true	['../bench-defs/sv-benchmarks/java/common', '../bench-defs/sv-benchmarks/java/java-ranger-regression/apachecli_eqchk']	cee69986be79d752485f82ca9a1f0c6cfb05ba9aacd30aebeeec2bf95535fd34
../bench-defs/sv-benchmarks/java/java-ranger-regression/schedule_eqchk.yml	../bench-defs/sv-benchmarks/java/properties/valid-assert.prp	true	['../bench-defs/sv-benchmarks/java/common', '../bench-defs/sv-benchmarks/java/java-ranger-regression/schedule_eqchk']	886e7795af66e97275b90e140da79be8f16e4b919507d1846b92dffbd034255d
../bench-defs/sv-benchmarks/java/java-ranger-regression/WBS/WBS_prop1.yml	../bench-defs/sv-benchmarks/java/properties/valid-assert.prp	false	['../bench-defs/sv-benchmarks/java/common', '../bench-defs/sv-benchmarks/java/java-ranger-regression/WBS/impl', '../bench-defs/sv-benchmarks/java/java-ranger-regression/WBS/prop1']	b72e7c8259999a5b9f7d18bfea01d656d2a99af78a9d0395e58fbab5a6466fff
../bench-defs/sv-benchmarks/java/java-ranger-regression/WBS/WBS_prop2.yml	../bench-defs/sv-benchmarks/java/properties/valid-assert.prp	true	['../bench-defs/sv-benchmarks/java/common', '../bench-defs/sv-benchmarks/java/java-ranger-regression/WBS/impl', '../bench-defs/sv-benchmarks/java/java-ranger-regression/WBS/prop2']	c2675e9f93ffdbe7efa3d7133e8a60ffbecca632819ce0bfe5bc248ab7ce66ff
../bench-defs/sv-benchmarks/java/java-ranger-regression/WBS/WBS_prop3.yml	../bench-defs/sv-benchmarks/java/properties/valid-assert.prp	false	['../bench-defs/sv-benchmarks/java/common', '../bench-defs/sv-benchmarks/java/java-ranger-regression/WBS/impl', '../bench-defs/sv-benchmarks/java/java-ranger-regression/WBS/prop3']	df709b996be236499c51e2768040ea89b5a57e3e0321eec10e7e83b2b053733e
../bench-defs/sv-benchmarks/java/java-ranger-regression/WBS/WBS_prop4.yml	../bench-defs/sv-benchmarks/java/properties/valid-assert.prp	false	['../bench-defs/sv-benchmarks/java/common', '../bench-defs/sv-benchmarks/java/java-ranger-regression/WBS/impl', '../bench-defs/sv-benchmarks/java/java-ranger-regression/WBS/prop4']	1c26ab40cf7e8144d1c49f3172a6bd70fb94c2088a4169bb49c13e69d579207f
../bench-defs/sv-benchmarks/java/java-ranger-regression/alarm/Alarm_prop1.yml	../bench-defs/sv-benchmarks/java/properties/valid-assert.prp	true	['../bench-defs/sv-benchmarks/java/common', '../bench-defs/sv-benchmarks/java/java-ranger-regression/alarm/impl', '../bench-defs/sv-benchmarks/java/java-ranger-regression/alarm/prop1']	31c07d0da0995f37e611f7679da9f5b37f668d82f6c8d474a52c354066c7d6c2
../bench-defs/sv-benchmarks/java/java-ranger-regression/alarm/Alarm_prop10.yml	../bench-defs/sv-benchmarks/java/properties/valid-assert.prp	true	['../bench-defs/sv-benchmarks/java/common', '../bench-defs/sv-benchmarks/java/java-ranger-regression/alarm/impl', '../bench-defs/sv-benchmarks/java/java-ranger-regression/alarm/prop10']	547d0788ced0623447a270ceb1b4c27edfbb0600f8f69ef60da13e388ed507c1
../bench-defs/sv-benchmarks/java/java-ranger-regression/alarm/Alarm_prop2.yml	../bench-defs/sv-benchmarks/java/properties/valid-assert.prp	true	['../bench-defs/sv-benchmarks/java/common', '../bench-defs/sv-benchmarks/java/java-ranger-regression/alarm/impl', '../bench-defs/sv-benchmarks/java/java-ranger-regression/alarm/prop2']	3c376a3a8810285abd2ac3901435949079942c439236c1b49781ba57f19037d9
../bench-defs/sv-benchmarks/java/java-ranger-regression/alarm/Alarm_prop3.yml	../bench-defs/sv-benchmarks/java/properties/valid-assert.prp	true	['../bench-defs/sv-benchmarks/java/common', '../bench-defs/sv-benchmarks/java/java-ranger-regression/alarm/impl', '../bench-defs/sv-benchmarks/java/java-ranger-regression/alarm/prop3']	ae61edd408e38cdce16133342b0c1b39d5188136f6aec8d6cc6d76f7406de170
../bench-defs/sv-benchmarks/java/java-ranger-regression/alarm/Alarm_prop4.yml	../bench-defs/sv-benchmarks/java/properties/valid-assert.prp	true	['../bench-defs/sv-benchmarks/java/common', '../bench-defs/sv-benchmarks/java/java-ranger-regression/alarm/impl', '../bench-defs/sv-benchmarks/java/java-ranger-regression/alarm/prop4']	1851e279c4103bfe2e5371bda2f70b7fbcdc62d1d3d36041034b161f497faae5
../bench-defs/sv-benchmarks/java/java-ranger-regression/alarm/Alarm_prop5.yml	../bench-defs/sv-benchmarks/java/properties/valid-assert.prp	true	['../bench-defs/sv-benchmarks/java/common', '../bench-defs/sv-benchmarks/java/java-ranger-regression/alarm/impl', '../bench-defs/sv-benchmarks/java/java-ranger-regression/alarm/prop5']	870a4d28137112abc121ef656572b38a617d0915c1630d31006cb74667a077fb
../bench-defs/sv-benchmarks/java/java-ranger-regression/alarm/Alarm_prop6.yml	../bench-defs/sv-benchmarks/java/properties/valid-assert.prp	true	['../bench-defs/sv-benchmarks/java/common', '../bench-defs/sv-benchmarks/java/java-ranger-regression/alarm/impl', '../bench-defs/sv-benchmarks/java/java-ranger-regression/alarm/prop6']	6ef0e15647532d1b9736faa35b33bd477e937c32aa477a892a0a4231bf8d89a4
../bench-defs/sv-benchmarks/java/java-ranger-regression/alarm/Alarm_prop8.yml	../bench-defs/sv-benchmarks/java/properties/valid-assert.prp	true	['../bench-defs/sv-benchmarks/java/common', '../bench-defs/sv-benchmarks/java/java-ranger-regression/alarm/impl', '../bench-defs/sv-benchmarks/java/java-ranger-regression/alarm/prop8']	628c18263aef8e4954667179b36a341985d625d1df4e88e5eb176594b16fe84a
../bench-defs/sv-benchmarks/java/java-ranger-regression/alarm/Alarm_prop9.yml	../bench-defs/sv-benchmarks/java/properties/valid-assert.prp	true	['../bench-defs/sv-benchmarks/java/common', '../bench-defs/sv-benchmarks/java/java-ranger-regression/alarm/impl', '../bench-defs/sv-benchmarks/java/java-ranger-regression/alarm/prop9']	155d05a506e9dd599c7facd9d89955ff0e81da24f69898433d46b91d855ce391
../bench-defs/sv-benchmarks/java/java-ranger-regression/infusion/Infusion_prop1.yml	../bench-defs/sv-benchmarks/java/properties/valid-assert.prp	true	['../bench-defs/sv-benchmarks/java/common', '../bench-defs/sv-benchmarks/java/java-ranger-regression/infusion/impl', '../bench-defs/sv-benchmarks/java/java-ranger-regression/infusion/prop1']	835101d16e15d72d4445a31975fca7e94475fccfb311261f7008276a1244dcd7
../bench-defs/sv-benchmarks/java/java-ranger-regression/infusion/Infusion_prop10.yml	../bench-defs/sv-benchmarks/java/properties/valid-assert.prp	true	['../bench-defs/sv-benchmarks/java/common', '../bench-defs/sv-benchmarks/java/java-ranger-regression/infusion/impl', '../bench-defs/sv-benchmarks/java/java-ranger-regression/infusion/prop10']	69a334ab86a5a5ad624c65e3aaf0c5c00b19dcf34045a349a5117ddb4d719dd9
../bench-defs/sv-benchmarks/java/java-ranger-regression/infusion/Infusion_prop11.yml	../bench-defs/sv-benchmarks/java/properties/valid-assert.prp	true	['../bench-defs/sv-benchmarks/java/common', '../bench-defs/sv-benchmarks/java/java-ranger-regression/infusion/impl', '../bench-defs/sv-benchmarks/java/java-ranger-regression/infusion/prop11']	1f7c50e1989d39e2279318fbb7698b8dc345daa7fc9769b5dd9e2fa8ce873760
../bench-defs/sv-benchmarks/java/java-ranger-regression/infusion/Infusion_prop12.yml	../bench-defs/sv-benchmarks/java/properties/valid-assert.prp	true	['../bench-defs/sv-benchmarks/java/common', '../bench-defs/sv-benchmarks/java/java-ranger-regression/infusion/impl', '../bench-defs/sv-benchmarks/java/java-ranger-regression/infusion/prop12']	ffa2b725b7d48819250a82247f34b8a183f6b0c6f209bac7b5c5095d0a09bb4b
../bench-defs/sv-benchmarks/java/java-ranger-regression/infusion/Infusion_prop13.yml	../bench-defs/sv-benchmarks/java/properties/valid-assert.prp	true	['../bench-defs/sv-benchmarks/java/common', '../bench-defs/sv-benchmarks/java/java-ranger-regression/infusion/impl', '../bench-defs/sv-benchmarks/java/java-ranger-regression/infusion/prop13']	54df4e1fbd82b12e8a9ed6e782b9796d495a90e02d75e8603efeafa1eacc63bc
../bench-defs/sv-benchmarks/java/java-ranger-regression/infusion/Infusion_prop2.yml	../bench-defs/sv-benchmarks/java/properties/valid-assert.prp	true	['../bench-defs/sv-benchmarks/java/common', '../bench-defs/sv-benchmarks/java/java-ranger-regression/infusion/impl', '../bench-defs/sv-benchmarks/java/java-ranger-regression/infusion/prop2']	b166a3097c3bd6bafb250e060ffd8af10812cb6a7ac7bc85082492dba1f85362
../bench-defs/sv-benchmarks/java/java-ranger-regression/infusion/Infusion_prop3.yml	../bench-defs/sv-benchmarks/java/properties/valid-assert.prp	true	['../bench-defs/sv-benchmarks/java/common', '../bench-defs/sv-benchmarks/java/java-ranger-regression/infusion/impl', '../bench-defs/sv-benchmarks/java/java-ranger-regression/infusion/prop3']	34a972a624ab80c297b1b387309c680d57e82b031b5583ba1452f4af99ef0b48
../bench-defs/sv-benchmarks/java/java-ranger-regression/infusion/Infusion_prop4.yml	../bench-defs/sv-benchmarks/java/properties/valid-assert.prp	true	['../bench-defs/sv-benchmarks/java/common', '../bench-defs/sv-benchmarks/java/java-ranger-regression/infusion/impl', '../bench-defs/sv-benchmarks/java/java-ranger-regression/infusion/prop4']	a00988609bccb7446cfff7926610123e911b409421b1ecb13d3b42bf4e57e10b
../bench-defs/sv-benchmarks/java/java-ranger-regression/infusion/Infusion_prop5.yml	../bench-defs/sv-benchmarks/java/properties/valid-assert.prp	true	['../bench-defs/sv-benchmarks/java/common', '../bench-defs/sv-benchmarks/java/java-ranger-regression/infusion/impl', '../bench-defs/sv-benchmarks/java/java-ranger-regression/infusion/prop5']	8dc9707dc3a7ace4f9e43dc144a6e1535c2990eabfc6fe05440e4059d2afcc41
../bench-defs/sv-benchmarks/java/java-ranger-regression/infusion/Infusion_prop6.yml	../bench-defs/sv-benchmarks/java/properties/valid-assert.prp	true	['../bench-defs/sv-benchmarks/java/common', '../bench-defs/sv-benchmarks/java/java-ranger-regression/infusion/impl', '../bench-defs/sv-benchmarks/java/java-ranger-regression/infusion/prop6']	c4a084fdf433812f2e96717e4f6c004ebc1d2eb5abbe747d2266b451ff390efe
../bench-defs/sv-benchmarks/java/java-ranger-regression/infusion/Infusion_prop7.yml	../bench-defs/sv-benchmarks/java/properties/valid-assert.prp	true	['../bench-defs/sv-benchmarks/java/common', '../bench-defs/sv-benchmarks/java/java-ranger-regression/infusion/impl', '../bench-defs/sv-benchmarks/java/java-ranger-regression/infusion/prop7']	9e9b0b8dafee35a913b9da03e73efff72758156290d2f5e6a97a5337121825e3
../bench-defs/sv-benchmarks/java/java-ranger-regression/infusion/Infusion_prop8.yml	../bench-defs/sv-benchmarks/java/properties/valid-assert.prp	true	['../bench-defs/sv-benchmarks/java/common', '../bench-defs/sv-benchmarks/java/java-ranger-regression/infusion/impl', '../bench-defs/sv-benchmarks/java/java-ranger-regression/infusion/prop8']	db476b728ff078b08d50a9b0fa72265fa51fa42c3eb2468d5601a26876c9c489
../bench-defs/sv-benchmarks/java/java-ranger-regression/infusion/Infusion_prop9.yml	../bench-defs/sv-benchmarks/java/properties/valid-assert.prp	true	['../bench-defs/sv-benchmarks/java/common', '../bench-defs/sv-benchmarks/java/java-ranger-regression/infusion/impl', '../bench-defs/sv-benchmarks/java/java-ranger-regression/infusion/prop9']	74b6bde759f8400e44aebd8d756da8f4427aa5c3754d06f10036f1dbce0f8983
../bench-defs/sv-benchmarks/java/java-ranger-regression/siena_eqchk/siena_prop1.yml	../bench-defs/sv-benchmarks/java/properties/valid-assert.prp	true	['../bench-defs/sv-benchmarks/java/common', '../bench-defs/sv-benchmarks/java/java-ranger-regression/siena_eqchk/impl', '../bench-defs/sv-benchmarks/java/java-ranger-regression/siena_eqchk/prop1']	abafa49e49bb81c753d52f6ae9439899f0bbcf14691518a22b8fbe74424888fb
../bench-defs/sv-benchmarks/java/java-ranger-regression/siena_eqchk/siena_prop2.yml	../bench-defs/sv-benchmarks/java/properties/valid-assert.prp	false	['../bench-defs/sv-benchmarks/java/common', '../bench-defs/sv-benchmarks/java/java-ranger-regression/siena_eqchk/impl', '../bench-defs/sv-benchmarks/java/java-ranger-regression/siena_eqchk/prop2']	c3b8de1afb428e2a0e3b43f1c2e14ac7d7836ab3a5b559f647da67c07be13338
../bench-defs/sv-benchmarks/java/java-ranger-regression/replace5_eqchk/replace5_prop1.yml	../bench-defs/sv-benchmarks/java/properties/valid-assert.prp	true	['../bench-defs/sv-benchmarks/java/common', '../bench-defs/sv-benchmarks/java/java-ranger-regression/replace5_eqchk/impl', '../bench-defs/sv-benchmarks/java/java-ranger-regression/replace5_eqchk/prop1']	bfef5929e52f486dbf88f742392ceee3e2e198d9fc9d2094116a018a7b125c78
../bench-defs/sv-benchmarks/java/java-ranger-regression/replace5_eqchk/replace5_prop2.yml	../bench-defs/sv-benchmarks/java/properties/valid-assert.prp	false	['../bench-defs/sv-benchmarks/java/common', '../bench-defs/sv-benchmarks/java/java-ranger-regression/replace5_eqchk/impl', '../bench-defs/sv-benchmarks/java/java-ranger-regression/replace5_eqchk/prop2']	cc14b2a34fff0d64833c7846a0ce09edd4833bfb7250b269783e7bd9552e5005
../bench-defs/sv-benchmarks/java/java-ranger-regression/nanoxml_eqchk/nanoxml_prop1.yml	../bench-defs/sv-benchmarks/java/properties/valid-assert.prp	true	['../bench-defs/sv-benchmarks/java/common', '../bench-defs/sv-benchmarks/java/java-ranger-regression/nanoxml_eqchk/impl', '../bench-defs/sv-benchmarks/java/java-ranger-regression/nanoxml_eqchk/prop1']	d8354c93e5f9b7d3ecbcc12653e2a212b90183d1de70fcdb8dd2767739409258
../bench-defs/sv-benchmarks/java/java-ranger-regression/nanoxml_eqchk/nanoxml_prop2.yml	../bench-defs/sv-benchmarks/java/properties/valid-assert.prp	false	['../bench-defs/sv-benchmarks/java/common', '../bench-defs/sv-benchmarks/java/java-ranger-regression/nanoxml_eqchk/impl', '../bench-defs/sv-benchmarks/java/java-ranger-regression/nanoxml_eqchk/prop2']	334a5eee802d226e37388b897e87cb35b4d632f2b66848d7af506c1ffc16bbc3
../bench-defs/sv-benchmarks/java/java-ranger-regression/nanoxml_eqchk/nanoxml_prop3.yml	../bench-defs/sv-benchmarks/java/properties/valid-assert.prp	false	['../bench-defs/sv-benchmarks/java/common', '../bench-defs/sv-benchmarks/java/java-ranger-regression/nanoxml_eqchk/impl', '../bench-defs/sv-benchmarks/java/java-ranger-regression/nanoxml_eqchk/prop3']	2063f8534cde75f3ced6fbdb4db421669f1e1fe53e4990fd9ab17dd678b5876f
../bench-defs/sv-benchmarks/java/java-ranger-regression/printtokens_eqchk/printtokens_prop1.yml	../bench-defs/sv-benchmarks/java/properties/valid-assert.prp	true	['../bench-defs/sv-benchmarks/java/common', '../bench-defs/sv-benchmarks/java/java-ranger-regression/printtokens_eqchk/impl', '../bench-defs/sv-benchmarks/java/java-ranger-regression/printtokens_eqchk/prop1']	57fcfce6c5a93826b4f2ae918458f5a6c3d4102bec381fef0c4016511b73c216
../bench-defs/sv-benchmarks/java/java-ranger-regression/printtokens_eqchk/printtokens_prop2.yml	../bench-defs/sv-benchmarks/java/properties/valid-assert.prp	false	['../bench-defs/sv-benchmarks/java/common', '../bench-defs/sv-benchmarks/java/java-ranger-regression/printtokens_eqchk/impl', '../bench-defs/sv-benchmarks/java/java-ranger-regression/printtokens_eqchk/prop2']	080504f11cf7663871326410cc7a3b232a4a5b7e145b3e6849e8e2aa411f0657
../bench-defs/sv-benchmarks/java/MinePump/spec1-5_product1.yml	../bench-defs/sv-benchmarks/java/properties/valid-assert.prp	false	['../bench-defs/sv-benchmarks/java/common', '../bench-defs/sv-benchmarks/java/MinePump/spec1-5_product1']	8ba0482b7b1efa56434eb3e65f1f23d2fec34c1c074142e7581e4179b37f07bd
../bench-defs/sv-benchmarks/java/MinePump/spec1-5_product10.yml	../bench-defs/sv-benchmarks/java/properties/valid-assert.prp	false	['../bench-defs/sv-benchmarks/java/common', '../bench-defs/sv-benchmarks/java/MinePump/spec1-5_product10']	c12fee25827561028b725c74ea1404e4fa3b25fc7d3b2ebbde83d8512e48cf80
../bench-defs/sv-benchmarks/java/MinePump/spec1-5_product11.yml	../bench-defs/sv-benchmarks/java/properties/valid-assert.prp	false	['../bench-defs/sv-benchmarks/java/common', '../bench-defs/sv-benchmarks/java/MinePump/spec1-5_product11']	32ccbf60b5a4d9d04a1f4a10ce11deb7cb111e47b51015ffbe363f05002065f3
../bench-defs/sv-benchmarks/java/MinePump/spec1-5_product12.yml	../bench-defs/sv-benchmarks/java/properties/valid-assert.prp	false	['../bench-defs/sv-benchmarks/java/common', '../bench-defs/sv-benchmarks/java/MinePump/spec1-5_product12']	69503d64456e33a6b9143c5aeda71b6bea5c52b4af2e0dd4e4a7e5054dbd2a0b
../bench-defs/sv-benchmarks/java/MinePump/spec1-5_product13.yml	../bench-defs/sv-benchmarks/java/properties/valid-assert.prp	false	['../bench-defs/sv-benchmarks/java/common', '../bench-defs/sv-benchmarks/java/MinePump/spec1-5_product13']	206f1f0d0bc545fd264aee3f9d00df5eee5c34d25b63b88185dc5ec5bc465025
../bench-defs/sv-benchmarks/java/MinePump/spec1-5_product14.yml	../bench-defs/sv-benchmarks/java/properties/valid-assert.prp	false	['../bench-defs/sv-benchmarks/java/common', '../bench-defs/sv-benchmarks/java/MinePump/spec1-5_product14']	beedb9ce62f6b2295be383576298d3e9780a8d75a5b8e34e4f80342a58124d75
../bench-defs/sv-benchmarks/java/MinePump/spec1-5_product15.yml	../bench-defs/sv-benchmarks/java/properties/valid-assert.prp	false	['../bench-defs/sv-benchmarks/java/common', '../bench-defs/sv-benchmarks/java/MinePump/spec1-5_product15']	658868fdeadd02d97cc763cca72a73a4453ae7288d29834646fb5733a72c814d
../bench-defs/sv-benchmarks/java/MinePump/spec1-5_product16.yml	../bench-defs/sv-benchmarks/java/properties/valid-assert.prp	false	['../bench-defs/sv-benchmarks/java/common', '../bench-defs/sv-benchmarks/java/MinePump/spec1-5_product16']	1a917a2361030a4ab14fc191671c4c4e72d7e5b2e7c86d1c46284003444946df
../bench-defs/sv-benchmarks/java/MinePump/spec1-5_product17.yml	../bench-defs/sv-benchmarks/java/properties/valid-assert.prp	false	['../bench-defs/sv-benchmarks/java/common', '../bench-defs/sv-benchmarks/java/MinePump/spec1-5_product17']	57358d86ec924fd4c9af3ea71b1db38b8a373860318cbb9063e34cd4401cf02b
../bench-defs/sv-benchmarks/java/MinePump/spec1-5_product18.yml	../bench-defs/sv-benchmarks/java/properties/valid-assert.prp	false	['../bench-defs/sv-benchmarks/java/common', '../bench-defs/sv-benchmarks/java/MinePump/spec1-5_product18']	0992b18e164e005bb39dfc14c104909f1a838829b6b55dea07fae5f71dd555d4
../bench-defs/sv-benchmarks/java/MinePump/spec1-5_product19.yml	../bench-defs/sv-benchmarks/java/properties/valid-assert.prp	false	['../bench-defs/sv-benchmarks/java/common', '../bench-defs/sv-benchmarks/java/MinePump/spec1-5_product19']	b9667ef30a7b9956a00e848cd2cc48033fcd2cfc3055a0796fd3a37707e21b0f
../bench-defs/sv-benchmarks/java/MinePump/spec1-5_product2.yml	../bench-defs/sv-benchmarks/java/properties/valid-assert.prp	false	['../bench-defs/sv-benchmarks/java/common', '../bench-defs/sv-benchmarks/java/MinePump/spec1-5_product2']	d927da1683d4d4ba3a419596b54c269ed3fb57d421ece8bac160ad67c47d0278
../bench-defs/sv-benchmarks/java/MinePump/spec1-5_product20.yml	../bench-defs/sv-benchmarks/java/properties/valid-assert.prp	false	['../bench-defs/sv-benchmarks/java/common', '../bench-defs/sv-benchmarks/java/MinePump/spec1-5_product20']	cecc47bed4bbc543d1624e5d5de028365076780e4455569375c35f913ceecbd9
../bench-defs/sv-benchmarks/java/MinePump/spec1-5_product21.yml	../bench-defs/sv-benchmarks/java/properties/valid-assert.prp	false	['../bench-defs/sv-benchmarks/java/common', '../bench-defs/sv-benchmarks/java/MinePump/spec1-5_product21']	405c2deb2f57ab8f7710cf796715af89e5e850e234134b673cc6c862265a81b3
../bench-defs/sv-benchmarks/java/MinePump/spec1-5_product22.yml	../bench-defs/sv-benchmarks/java/properties/valid-assert.prp	false	['../bench-defs/sv-benchmarks/java/common', '../bench-defs/sv-benchmarks/java/MinePump/spec1-5_product22']	89fc6242633392171251ef32f40b042094d757be07e5a09e37e9c906d90ec6bb
../bench-defs/sv-benchmarks/java/MinePump/spec1-5_product23.yml	../bench-defs/sv-benchmarks/java/properties/valid-assert.prp	false	['../bench-defs/sv-benchmarks/java/common', '../bench-defs/sv-benchmarks/java/MinePump/spec1-5_product23']	6b042382e0bf91037def7473575c77f38a7effa98fa3b3075b61ee1a6f347c87
../bench-defs/sv-benchmarks/java/MinePump/spec1-5_product24.yml	../bench-defs/sv-benchmarks/java/properties/valid-assert.prp	false	['../bench-defs/sv-benchmarks/java/common', '../bench-defs/sv-benchmarks/java/MinePump/spec1-5_product24']	90eea486a28f8505d37b9523a568e9a846c64bc2379a128f18475cf077452f24
../bench-defs/sv-benchmarks/java/MinePump/spec1-5_product25.yml	../bench-defs/sv-benchmarks/java/properties/valid-assert.prp	false	['../bench-defs/sv-benchmarks/java/common', '../bench-defs/sv-benchmarks/java/MinePump/spec1-5_product25']	beb80b539a69dc7220338b9650281dd3c7fe0c94379077affd3cd2cecf45de58
../bench-defs/sv-benchmarks/java/MinePump/spec1-5_product26.yml	../bench-defs/sv-benchmarks/java/properties/valid-assert.prp	false	['../bench-defs/sv-benchmarks/java/common', '../bench-defs/sv-benchmarks/java/MinePump/spec1-5_product26']	12daf2768bc42ce0518b3b5b9c585cc2fa370e2a1ce7048b20f59504ec8f4bde
../bench-defs/sv-benchmarks/java/MinePump/spec1-5_product27.yml	../bench-defs/sv-benchmarks/java/properties/valid-assert.prp	false	['../bench-defs/sv-benchmarks/java/common', '../bench-defs/sv-benchmarks/java/MinePump/spec1-5_product27']	ec0c0833efbe042a7b0b0856d58f1078eedc08520915c2863ea0eb7da39ed0a8
../bench-defs/sv-benchmarks/java/MinePump/spec1-5_product28.yml	../bench-defs/sv-benchmarks/java/properties/valid-assert.prp	false	['../bench-defs/sv-benchmarks/java/common', '../bench-defs/sv-benchmarks/java/MinePump/spec1-5_product28']	4be3932a45d7be0bee1e655ddd846289addc95ca358a57b92d485240673deb98
../bench-defs/sv-benchmarks/java/MinePump/spec1-5_product29.yml	../bench-defs/sv-benchmarks/java/properties/valid-assert.prp	false	['../bench-defs/sv-benchmarks/java/common', '../bench-defs/sv-benchmarks/java/MinePump/spec1-5_product29']	dd71585c3fe15f8ea10dd996a8d280ffab2fe2ccaf0422c752f5c8ea9088925b
../bench-defs/sv-benchmarks/java/MinePump/spec1-5_product3.yml	../bench-defs/sv-benchmarks/java/properties/valid-assert.prp	false	['../bench-defs/sv-benchmarks/java/common', '../bench-defs/sv-benchmarks/java/MinePump/spec1-5_product3']	18138a41f0207fa5b20971a28d56b5b0f3a8ed1fa39676246f9ebd78da25dfa2
../bench-defs/sv-benchmarks/java/MinePump/spec1-5_product30.yml	../bench-defs/sv-benchmarks/java/properties/valid-assert.prp	false	['../bench-defs/sv-benchmarks/java/common', '../bench-defs/sv-benchmarks/java/MinePump/spec1-5_product30']	2d99524ad0701937d84d23b95abd908af8e86ae9d898f6fdfdd040aa095ab26c
../bench-defs/sv-benchmarks/java/MinePump/spec1-5_product31.yml	../bench-defs/sv-benchmarks/java/properties/valid-assert.prp	false	['../bench-defs/sv-benchmarks/java/common', '../bench-defs/sv-benchmarks/java/MinePump/spec1-5_product31']	bcd703f16582b22e5efee87189f94181745aeec0c43abce3c4870aa484c0f905
../bench-defs/sv-benchmarks/java/MinePump/spec1-5_product32.yml	../bench-defs/sv-benchmarks/java/properties/valid-assert.prp	false	['../bench-defs/sv-benchmarks/java/common', '../bench-defs/sv-benchmarks/java/MinePump/spec1-5_product32']	1eb883741f5c47b920bc806744ee42cf14c0fddbc526e195ef6752897d6bcd8e
../bench-defs/sv-benchmarks/java/MinePump/spec1-5_product33.yml	../bench-defs/sv-benchmarks/java/properties/valid-assert.prp	false	['../bench-defs/sv-benchmarks/java/common', '../bench-defs/sv-benchmarks/java/MinePump/spec1-5_product33']	5061f79d2ea8dc5fddd9cecc6ec0ab35ed6de01de9b18a75b84a43f54f0a12db
../bench-defs/sv-benchmarks/java/MinePump/spec1-5_product34.yml	../bench-defs/sv-benchmarks/java/properties/valid-assert.prp	false	['../bench-defs/sv-benchmarks/java/common', '../bench-defs/sv-benchmarks/java/MinePump/spec1-5_product34']	b3f089295bfd518467ff4014dab407aefc134404b2715a3c1626a1037aedc608
../bench-defs/sv-benchmarks/java/MinePump/spec1-5_product35.yml	../bench-defs/sv-benchmarks/java/properties/valid-assert.prp	false	['../bench-defs/sv-benchmarks/java/common', '../bench-defs/sv-benchmarks/java/MinePump/spec1-5_product35']	6e1280be0e8721a30bad7fee998873389a7ba668f961c2527af9433af3b5e987
../bench-defs/sv-benchmarks/java/MinePump/spec1-5_product36.yml	../bench-defs/sv-benchmarks/java/properties/valid-assert.prp	false	['../bench-defs/sv-benchmarks/java/common', '../bench-defs/sv-benchmarks/java/MinePump/spec1-5_product36']	52e7b9d06c9cbdbb1fa7cc964a309e748599a3786891347d73fb716af77f2c43
../bench-defs/sv-benchmarks/java/MinePump/spec1-5_product37.yml	../bench-defs/sv-benchmarks/java/properties/valid-assert.prp	false	['../bench-defs/sv-benchmarks/java/common', '../bench-defs/sv-benchmarks/java/MinePump/spec1-5_product37']	3062889424fd41aa465a4a5178067b2225102c5711220fb2ff8087cfeea773c6
../bench-defs/sv-benchmarks/java/MinePump/spec1-5_product38.yml	../bench-defs/sv-benchmarks/java/properties/valid-assert.prp	false	['../bench-defs/sv-benchmarks/java/common', '../bench-defs/sv-benchmarks/java/MinePump/spec1-5_product38']	285ac450d5beb04c6d63f652224c1e56187f9067d330bd824513baf3c4800322
../bench-defs/sv-benchmarks/java/MinePump/spec1-5_product39.yml	../bench-defs/sv-benchmarks/java/properties/valid-assert.prp	false	['../bench-defs/sv-benchmarks/java/common', '../bench-defs/sv-benchmarks/java/MinePump/spec1-5_product39']	31def5955a8f8ef36f53441cd460eb3c4663ec4c6e4e315747dbe64ecc56ffc4
../bench-defs/sv-benchmarks/java/MinePump/spec1-5_product4.yml	../bench-defs/sv-benchmarks/java/properties/valid-assert.prp	false	['../bench-defs/sv-benchmarks/java/common', '../bench-defs/sv-benchmarks/java/MinePump/spec1-5_product4']	76a5fecd400a875c3aea8338656462f84ce0900cd884750d1a53056bc7dec772
../bench-defs/sv-benchmarks/java/MinePump/spec1-5_product40.yml	../bench-defs/sv-benchmarks/java/properties/valid-assert.prp	false	['../bench-defs/sv-benchmarks/java/common', '../bench-defs/sv-benchmarks/java/MinePump/spec1-5_product40']	6aeccf6cb2ee0b1320f9530db35bf739491cdc36fe7fd7fe45b67f43d89d4aa5
../bench-defs/sv-benchmarks/java/MinePump/spec1-5_product41.yml	../bench-defs/sv-benchmarks/java/properties/valid-assert.prp	false	['../bench-defs/sv-benchmarks/java/common', '../bench-defs/sv-benchmarks/java/MinePump/spec1-5_product41']	058bc36f7af56928d3cae82fb330d8b0c9df151b690138431cf2d47b22be5a6f
../bench-defs/sv-benchmarks/java/MinePump/spec1-5_product42.yml	../bench-defs/sv-benchmarks/java/properties/valid-assert.prp	false	['../bench-defs/sv-benchmarks/java/common', '../bench-defs/sv-benchmarks/java/MinePump/spec1-5_product42']	ef3dacb4c74f2863e5de02dac4f430d547460ddf8e5652728da980e3f144cd98
../bench-defs/sv-benchmarks/java/MinePump/spec1-5_product43.yml	../bench-defs/sv-benchmarks/java/properties/valid-assert.prp	false	['../bench-defs/sv-benchmarks/java/common', '../bench-defs/sv-benchmarks/java/MinePump/spec1-5_product43']	8274604f2965963c502d6b6bffc88eaabca4f719e6fc1cc61422aa3353547e1c
../bench-defs/sv-benchmarks/java/MinePump/spec1-5_product44.yml	../bench-defs/sv-benchmarks/java/properties/valid-assert.prp	false	['../bench-defs/sv-benchmarks/java/common', '../bench-defs/sv-benchmarks/java/MinePump/spec1-5_product44']	fc2fc621480356e5ea81c5a34b871405e9cb0c45d41a94a493cd250bc8768232
../bench-defs/sv-benchmarks/java/MinePump/spec1-5_product45.yml	../bench-defs/sv-benchmarks/java/properties/valid-assert.prp	false	['../bench-defs/sv-benchmarks/java/common', '../bench-defs/sv-benchmarks/java/MinePump/spec1-5_product45']	80820abed140d2f59e4b1728fceed3e3302c1bdb6b1b0dc287f4eae976837eea
../bench-defs/sv-benchmarks/java/MinePump/spec1-5_product46.yml	../bench-defs/sv-benchmarks/java/properties/valid-assert.prp	false	['../bench-defs/sv-benchmarks/java/common', '../bench-defs/sv-benchmarks/java/MinePump/spec1-5_product46']	d81a2dab94f5d31facdb84fccacc7795744d148e8ee5552b05df3406b36aa458
../bench-defs/sv-benchmarks/java/MinePump/spec1-5_product47.yml	../bench-defs/sv-benchmarks/java/properties/valid-assert.prp	false	['../bench-defs/sv-benchmarks/java/common', '../bench-defs/sv-benchmarks/java/MinePump/spec1-5_product47']	72df78de294aaf30820793b3b7fbb3c3a994c6446ba77eb8a508db5a7623db30
../bench-defs/sv-benchmarks/java/MinePump/spec1-5_product48.yml	../bench-defs/sv-benchmarks/java/properties/valid-assert.prp	false	['../bench-defs/sv-benchmarks/java/common', '../bench-defs/sv-benchmarks/java/MinePump/spec1-5_product48']	4aee03997bb206c2eda40c781ab001926848dba1be50108cd17ecfd2271f80f2
../bench-defs/sv-benchmarks/java/MinePump/spec1-5_product49.yml	../bench-defs/sv-benchmarks/java/properties/valid-assert.prp	false	['../bench-defs/sv-benchmarks/java/common', '../bench-defs/sv-benchmarks/java/MinePump/spec1-5_product49']	8943153f9d56b8bf68b2fa3fd9e11e2e15b31f094edefc4bde1964d6b9ba358a
../bench-defs/sv-benchmarks/java/MinePump/spec1-5_product5.yml	../bench-defs/sv-benchmarks/java/properties/valid-assert.prp	false	['../bench-defs/sv-benchmarks/java/common', '../bench-defs/sv-benchmarks/java/MinePump/spec1-5_product5']	6916fe5aae032d7d05f8462cd2f89d3191a30c38d1328b1e977c5bf8d1419ec2
../bench-defs/sv-benchmarks/java/MinePump/spec1-5_product50.yml	../bench-defs/sv-benchmarks/java/properties/valid-assert.prp	false	['../bench-defs/sv-benchmarks/java/common', '../bench-defs/sv-benchmarks/java/MinePump/spec1-5_product50']	8972f6adcea78b007774391df70c59376e5372532b9cb9d2cbe42e9b14accd44
../bench-defs/sv-benchmarks/java/MinePump/spec1-5_product51.yml	../bench-defs/sv-benchmarks/java/properties/valid-assert.prp	false	['../bench-defs/sv-benchmarks/java/common', '../bench-defs/sv-benchmarks/java/MinePump/spec1-5_product51']	4ac4522eeb923dcd2fd3566403bf0c0820ce752420714a89f003c0a30497a127
../bench-defs/sv-benchmarks/java/MinePump/spec1-5_product52.yml	../bench-defs/sv-benchmarks/java/properties/valid-assert.prp	false	['../bench-defs/sv-benchmarks/java/common', '../bench-defs/sv-benchmarks/java/MinePump/spec1-5_product52']	d239e6e74b5e1187b41f862bee36727cdab52021ab8cef147d7c2bad33fda6f0
../bench-defs/sv-benchmarks/java/MinePump/spec1-5_product53.yml	../bench-defs/sv-benchmarks/java/properties/valid-assert.prp	false	['../bench-defs/sv-benchmarks/java/common', '../bench-defs/sv-benchmarks/java/MinePump/spec1-5_product53']	c51b951ec07cf01f9f38a0f917aa585b764160fa58c84458b79fb5e050e08217
../bench-defs/sv-benchmarks/java/MinePump/spec1-5_product54.yml	../bench-defs/sv-benchmarks/java/properties/valid-assert.prp	false	['../bench-defs/sv-benchmarks/java/common', '../bench-defs/sv-benchmarks/java/MinePump/spec1-5_product54']	e1be5a787c1a79431bc750b15a113f7b9246017fcb9cf3214a289db7c6c10520
../bench-defs/sv-benchmarks/java/MinePump/spec1-5_product55.yml	../bench-defs/sv-benchmarks/java/properties/valid-assert.prp	false	['../bench-defs/sv-benchmarks/java/common', '../bench-defs/sv-benchmarks/java/MinePump/spec1-5_product55']	02d06e868b64eb4ef0547da05f8511334fa491ef41987b358dda4bbbf176a56f
../bench-defs/sv-benchmarks/java/MinePump/spec1-5_product56.yml	../bench-defs/sv-benchmarks/java/properties/valid-assert.prp	false	['../bench-defs/sv-benchmarks/java/common', '../bench-defs/sv-benchmarks/java/MinePump/spec1-5_product56']	6eef8924fd6af6b550eaa437a17efb53ee2bd2158d9553600a3603838a3a1e4c
../bench-defs/sv-benchmarks/java/MinePump/spec1-5_product57.yml	../bench-defs/sv-benchmarks/java/properties/valid-assert.prp	true	['../bench-defs/sv-benchmarks/java/common', '../bench-defs/sv-benchmarks/java/MinePump/spec1-5_product57']	eefabb967caf7e882d145719cbc80fd3983d55726b7adcfa781906e12ec182c7
../bench-defs/sv-benchmarks/java/MinePump/spec1-5_product58.yml	../bench-defs/sv-benchmarks/java/properties/valid-assert.prp	true	['../bench-defs/sv-benchmarks/java/common', '../bench-defs/sv-benchmarks/java/MinePump/spec1-5_product58']	b6c6a1de6f54fadb0d21a2f1021689c78bb5d5a44d6ddf48a1af0349cb864f50
../bench-defs/sv-benchmarks/java/MinePump/spec1-5_product59.yml	../bench-defs/sv-benchmarks/java/properties/valid-assert.prp	true	['../bench-defs/sv-benchmarks/java/common', '../bench-defs/sv-benchmarks/java/MinePump/spec1-5_product59']	11919bdbe20e98deb950aa58e1ba468aabe1b05f706d0e962ba1c8de870a9873
../bench-defs/sv-benchmarks/java/MinePump/spec1-5_product6.yml	../bench-defs/sv-benchmarks/java/properties/valid-assert.prp	false	['../bench-defs/sv-benchmarks/java/common', '../bench-defs/sv-benchmarks/java/MinePump/spec1-5_product6']	b5fd707a654236a85f4fa9ed85d019fd3f69b3bdcd981c23ac5324027715b613
../bench-defs/sv-benchmarks/java/MinePump/spec1-5_product60.yml	../bench-defs/sv-benchmarks/java/properties/valid-assert.prp	true	['../bench-defs/sv-benchmarks/java/common', '../bench-defs/sv-benchmarks/java/MinePump/spec1-5_product60']	2fc3f2b609e1a1387268d252d85b72b16d6c9d94eabee3b2a14812a1c776b3d5
../bench-defs/sv-benchmarks/java/MinePump/spec1-5_product61.yml	../bench-defs/sv-benchmarks/java/properties/valid-assert.prp	true	['../bench-defs/sv-benchmarks/java/common', '../bench-defs/sv-benchmarks/java/MinePump/spec1-5_product61']	6ef2b78af0c8ae978d78164152dd75b6101f2a4083de2be1aec766f6c8d8c951
../bench-defs/sv-benchmarks/java/MinePump/spec1-5_product62.yml	../bench-defs/sv-benchmarks/java/properties/valid-assert.prp	true	['../bench-defs/sv-benchmarks/java/common', '../bench-defs/sv-benchmarks/java/MinePump/spec1-5_product62']	e015dc2ec8385e36a1f606e96a68fa54f2cdcbc27217316f4fa033c7dbd2e8b9
../bench-defs/sv-benchmarks/java/MinePump/spec1-5_product63.yml	../bench-defs/sv-benchmarks/java/properties/valid-assert.prp	true	['../bench-defs/sv-benchmarks/java/common', '../bench-defs/sv-benchmarks/java/MinePump/spec1-5_product63']	6fc7dde482b37fafe36c0a439d9dcb37623f8530ef440d664476378829b019bf
../bench-defs/sv-benchmarks/java/MinePump/spec1-5_product64.yml	../bench-defs/sv-benchmarks/java/properties/valid-assert.prp	true	['../bench-defs/sv-benchmarks/java/common', '../bench-defs/sv-benchmarks/java/MinePump/spec1-5_product64']	310dfa06b02d7f99f9b4a395835022957fdf5e1816592bf8ee9f3cbd52df2bbb
../bench-defs/sv-benchmarks/java/MinePump/spec1-5_product7.yml	../bench-defs/sv-benchmarks/java/properties/valid-assert.prp	false	['../bench-defs/sv-benchmarks/java/common', '../bench-defs/sv-benchmarks/java/MinePump/spec1-5_product7']	50508d0ce346c87c1c67e344599a1b5e457775042c80079a31234b379261e48e
../bench-defs/sv-benchmarks/java/MinePump/spec1-5_product8.yml	../bench-defs/sv-benchmarks/java/properties/valid-assert.prp	false	['../bench-defs/sv-benchmarks/java/common', '../bench-defs/sv-benchmarks/java/MinePump/spec1-5_product8']	2b56c86463e918eae63d45a73cf2b8611f777820409d4298e19d156fd53654c1
../bench-defs/sv-benchmarks/java/MinePump/spec1-5_product9.yml	../bench-defs/sv-benchmarks/java/properties/valid-assert.prp	false	['../bench-defs/sv-benchmarks/java/common', '../bench-defs/sv-benchmarks/java/MinePump/spec1-5_product9']	7e676c72c482908d86917022a8dd71b8370f9c864a802e3e2e0db5c90c58c19b
../bench-defs/sv-benchmarks/java/algorithms/BellmanFord-FunSat01.yml	../bench-defs/sv-benchmarks/java/properties/valid-assert.prp	true	['../bench-defs/sv-benchmarks/java/common', '../bench-defs/sv-benchmarks/java/algorithms/BellmanFord-FunSat01']	286af37a3192d0451f52586dafdad35f45322602ab1dc849c6182b42f06072cc
../bench-defs/sv-benchmarks/java/algorithms/BellmanFord-FunSat02.yml	../bench-defs/sv-benchmarks/java/properties/valid-assert.prp	false	['../bench-defs/sv-benchmarks/java/common', '../bench-defs/sv-benchmarks/java/algorithms/BellmanFord-FunSat02']	c3633e8bd1d33bccb6a1254b1c0e71f69e18a8676fbc78f419e9b7919b7e868e
../bench-defs/sv-benchmarks/java/algorithms/BellmanFord-FunUnsat01.yml	../bench-defs/sv-benchmarks/java/properties/valid-assert.prp	false	['../bench-defs/sv-benchmarks/java/common', '../bench-defs/sv-benchmarks/java/algorithms/BellmanFord-FunUnsat01']	aadbfe55fc8ae490e99daf888123b5596c653eb9cb360410f90bb9e539c95bd3
../bench-defs/sv-benchmarks/java/algorithms/BellmanFord-FunUnsat02.yml	../bench-defs/sv-benchmarks/java/properties/valid-assert.prp	false	['../bench-defs/sv-benchmarks/java/common', '../bench-defs/sv-benchmarks/java/algorithms/BellmanFord-FunUnsat02']	205594ef43ede3fca37efad47de95beedbcfffec99aa049eefb8f5c285a56685
../bench-defs/sv-benchmarks/java/algorithms/BellmanFord-MemSat01.yml	../bench-defs/sv-benchmarks/java/properties/valid-assert.prp	true	['../bench-defs/sv-benchmarks/java/common', '../bench-defs/sv-benchmarks/java/algorithms/BellmanFord-MemSat01']	790c9a7004adfa142e8aeb6c859040bc017691cbfabe781d5ea60309b96b7473
../bench-defs/sv-benchmarks/java/algorithms/BellmanFord-MemSat02.yml	../bench-defs/sv-benchmarks/java/properties/valid-assert.prp	true	['../bench-defs/sv-benchmarks/java/common', '../bench-defs/sv-benchmarks/java/algorithms/BellmanFord-MemSat02']	6180ab9fd7f708724a18f3d1509d5a535c432964b9aa799ceb472c1494b77d70
../bench-defs/sv-benchmarks/java/algorithms/BellmanFord-MemUnsat01.yml	../bench-defs/sv-benchmarks/java/properties/valid-assert.prp	false	['../bench-defs/sv-benchmarks/java/common', '../bench-defs/sv-benchmarks/java/algorithms/BellmanFord-MemUnsat01']	ec238a5509fb2ef9d9c670ab0e76697bbc55836bcf412a6874de1d58e50aee2b
../bench-defs/sv-benchmarks/java/algorithms/BellmanFord-MemUnsat02.yml	../bench-defs/sv-benchmarks/java/properties/valid-assert.prp	false	['../bench-defs/sv-benchmarks/java/common', '../bench-defs/sv-benchmarks/java/algorithms/BellmanFord-MemUnsat02']	ca0ca21c88615357bdf2ed6dff2534c2224d7ecc12d3091025befb9a48d5fa7e
../bench-defs/sv-benchmarks/java/algorithms/BinaryTreeSearch-FunSat01.yml	../bench-defs/sv-benchmarks/java/properties/valid-assert.prp	true	['../bench-defs/sv-benchmarks/java/common', '../bench-defs/sv-benchmarks/java/algorithms/BinaryTreeSearch-FunSat01']	c168cb9ac24361fa9d1eca6a365c9d0f6827d6f351f61e5aae0096c86362491d
../bench-defs/sv-benchmarks/java/algorithms/BinaryTreeSearch-FunUnsat01.yml	../bench-defs/sv-benchmarks/java/properties/valid-assert.prp	false	['../bench-defs/sv-benchmarks/java/common', '../bench-defs/sv-benchmarks/java/algorithms/BinaryTreeSearch-FunUnsat01']	1c3d9672488db43654b72bd03f25843954a002a041d10e3ac5cbdada91d1f265
../bench-defs/sv-benchmarks/java/algorithms/BinaryTreeSearch-MemSat01.yml	../bench-defs/sv-benchmarks/java/properties/valid-assert.prp	true	['../bench-defs/sv-benchmarks/java/common', '../bench-defs/sv-benchmarks/java/algorithms/BinaryTreeSearch-MemSat01']	a5d394bc2630746e3a42681dab2e2b472b2464769e2e8c033986e2729154eae3
../bench-defs/sv-benchmarks/java/algorithms/BinaryTreeSearch-MemUnsat01.yml	../bench-defs/sv-benchmarks/java/properties/valid-assert.prp	false	['../bench-defs/sv-benchmarks/java/common', '../bench-defs/sv-benchmarks/java/algorithms/BinaryTreeSearch-MemUnsat01']	2396d2aa8cb776dd6fa4a31a90eed35cfbf0949717e657a68904fe062db44c09
../bench-defs/sv-benchmarks/java/algorithms/BinaryTreeSearch-MemUnsat02.yml	../bench-defs/sv-benchmarks/java/properties/valid-assert.prp	false	['../bench-defs/sv-benchmarks/java/common', '../bench-defs/sv-benchmarks/java/algorithms/BinaryTreeSearch-MemUnsat02']	5b125d74568dcd6374ee77ab518c7357f61919213d35731eb4021542cbd955ce
../bench-defs/sv-benchmarks/java/algorithms/InsertionSort-FunSat01.yml	../bench-defs/sv-benchmarks/java/properties/valid-assert.prp	true	['../bench-defs/sv-benchmarks/java/common', '../bench-defs/sv-benchmarks/java/algorithms/InsertionSort-FunSat01']	cd37219a228f3b9d790cc4498f07939282f96476e267082433ce6acf30f2d977
../bench-defs/sv-benchmarks/java/algorithms/InsertionSort-FunSat02.yml	../bench-defs/sv-benchmarks/java/properties/valid-assert.prp	true	['../bench-defs/sv-benchmarks/java/common', '../bench-defs/sv-benchmarks/java/algorithms/InsertionSort-FunSat02']	9ae2549d2a36f00972fac9e0c368e15963ad3209affc918450a9ba59b4db80ca
../bench-defs/sv-benchmarks/java/algorithms/InsertionSort-FunUnsat01.yml	../bench-defs/sv-benchmarks/java/properties/valid-assert.prp	false	['../bench-defs/sv-benchmarks/java/common', '../bench-defs/sv-benchmarks/java/algorithms/InsertionSort-FunUnsat01']	b76030c2005dd29ba4844fd2d948349bab650aceb02621e8b9f01b67b4afa1a2
../bench-defs/sv-benchmarks/java/algorithms/InsertionSort-MemSat01.yml	../bench-defs/sv-benchmarks/java/properties/valid-assert.prp	true	['../bench-defs/sv-benchmarks/java/common', '../bench-defs/sv-benchmarks/java/algorithms/InsertionSort-MemSat01']	5f8d7c35f4d86c69545a151f31560aad63b2274c0a6587524124cfc0fe2cd425
../bench-defs/sv-benchmarks/java/algorithms/InsertionSort-MemUnsat01.yml	../bench-defs/sv-benchmarks/java/properties/valid-assert.prp	false	['../bench-defs/sv-benchmarks/java/common', '../bench-defs/sv-benchmarks/java/algorithms/InsertionSort-MemUnsat01']	210690a9fe4536f3ccf5292c8b2be89c22ed41301c96facbee191447b4d933d9
../bench-defs/sv-benchmarks/java/algorithms/MergeSortIterative-FunSat01.yml	../bench-defs/sv-benchmarks/java/properties/valid-assert.prp	true	['../bench-defs/sv-benchmarks/java/common', '../bench-defs/sv-benchmarks/java/algorithms/MergeSortIterative-FunSat01']	6ee69686bce807a13c230512dc5cd9cb176d008ce19c2dc7973c453da71303bf
../bench-defs/sv-benchmarks/java/algorithms/MergeSortIterative-FunSat02.yml	../bench-defs/sv-benchmarks/java/properties/valid-assert.prp	true	['../bench-defs/sv-benchmarks/java/common', '../bench-defs/sv-benchmarks/java/algorithms/MergeSortIterative-FunSat02']	6abb06c6ebbeb44f79e05febbad1f1a4880af63c8e580bbe6968b30584486b85
../bench-defs/sv-benchmarks/java/algorithms/MergeSortIterative-FunUnsat01.yml	../bench-defs/sv-benchmarks/java/properties/valid-assert.prp	false	['../bench-defs/sv-benchmarks/java/common', '../bench-defs/sv-benchmarks/java/algorithms/MergeSortIterative-FunUnsat01']	b31f6a69eacdcb571108619c842c6afa95bf2b8cc1eb183e9a007187416867dd
../bench-defs/sv-benchmarks/java/algorithms/MergeSortIterative-MemSat01.yml	../bench-defs/sv-benchmarks/java/properties/valid-assert.prp	false	['../bench-defs/sv-benchmarks/java/common', '../bench-defs/sv-benchmarks/java/algorithms/MergeSortIterative-MemSat01']	51ec1b51dc426aaed3414ac692ac3e2a4d7e4290a7541f8cae58cdb2989b0416
../bench-defs/sv-benchmarks/java/algorithms/MergeSortIterative-MemUnsat01.yml	../bench-defs/sv-benchmarks/java/properties/valid-assert.prp	false	['../bench-defs/sv-benchmarks/java/common', '../bench-defs/sv-benchmarks/java/algorithms/MergeSortIterative-MemUnsat01']	01636e655cdaca3322c70c5e8839b85ebb52842ad15b53de7cdb659d04e1b311
../bench-defs/sv-benchmarks/java/algorithms/RedBlackTree-FunSat01.yml	../bench-defs/sv-benchmarks/java/properties/valid-assert.prp	true	['../bench-defs/sv-benchmarks/java/common', '../bench-defs/sv-benchmarks/java/algorithms/RedBlackTree-FunSat01', '../bench-defs/sv-benchmarks/java/algorithms/RedBlackTree-FunSat01/rbtree']	cea38e6cd1460321d5c0ffa2406110a7e6b89e84e77b4594431502712baa0524
../bench-defs/sv-benchmarks/java/algorithms/RedBlackTree-FunUnsat01.yml	../bench-defs/sv-benchmarks/java/properties/valid-assert.prp	false	['../bench-defs/sv-benchmarks/java/common', '../bench-defs/sv-benchmarks/java/algorithms/RedBlackTree-FunUnsat01', '../bench-defs/sv-benchmarks/java/algorithms/RedBlackTree-FunUnsat01/rbtree']	751995653ad05d7b9df5d960d63bbbf642a441fd18bbe00e8b9bde81add98632
../bench-defs/sv-benchmarks/java/algorithms/RedBlackTree-MemSat01.yml	../bench-defs/sv-benchmarks/java/properties/valid-assert.prp	true	['../bench-defs/sv-benchmarks/java/common', '../bench-defs/sv-benchmarks/java/algorithms/RedBlackTree-MemSat01', '../bench-defs/sv-benchmarks/java/algorithms/RedBlackTree-MemSat01/rbtree']	7556c4fd7b929df723f73f7253366e0d3b0fe637c35fc3ecaf98c64b30b68fca
../bench-defs/sv-benchmarks/java/algorithms/RedBlackTree-MemUnsat01.yml	../bench-defs/sv-benchmarks/java/properties/valid-assert.prp	false	['../bench-defs/sv-benchmarks/java/common', '../bench-defs/sv-benchmarks/java/algorithms/RedBlackTree-MemUnsat01', '../bench-defs/sv-benchmarks/java/algorithms/RedBlackTree-MemUnsat01/rbtree']	304d1fbb4ff71879f989f7113a84bbf31c02ad03d7229c659e38414f51b1e223
../bench-defs/sv-benchmarks/java/algorithms/SortedListInsert-FunSat01.yml	../bench-defs/sv-benchmarks/java/properties/valid-assert.prp	true	['../bench-defs/sv-benchmarks/java/common', '../bench-defs/sv-benchmarks/java/algorithms/SortedListInsert-FunSat01']	bb61cac387b5beee39199a09eecd1a8b8e2547e290ad76033c324fc485c0791d
../bench-defs/sv-benchmarks/java/algorithms/SortedListInsert-FunSat02.yml	../bench-defs/sv-benchmarks/java/properties/valid-assert.prp	true	['../bench-defs/sv-benchmarks/java/common', '../bench-defs/sv-benchmarks/java/algorithms/SortedListInsert-FunSat02']	ba6e64f1bef8099c985eb7571a561401a7d36b0ced6f676a8c8407c139d9170c
../bench-defs/sv-benchmarks/java/algorithms/SortedListInsert-FunUnsat01.yml	../bench-defs/sv-benchmarks/java/properties/valid-assert.prp	false	['../bench-defs/sv-benchmarks/java/common', '../bench-defs/sv-benchmarks/java/algorithms/SortedListInsert-FunUnsat01']	f4cfa0dbb051c5bb2161fc626008e42888784b3fe6d5374253400f2592c81ed2
../bench-defs/sv-benchmarks/java/algorithms/SortedListInsert-MemSat01.yml	../bench-defs/sv-benchmarks/java/properties/valid-assert.prp	true	['../bench-defs/sv-benchmarks/java/common', '../bench-defs/sv-benchmarks/java/algorithms/SortedListInsert-MemSat01']	3d8de71aeb19526336dc9cd526569195a7764aa38970af2b7e363a6dc22c733e
../bench-defs/sv-benchmarks/java/algorithms/SortedListInsert-MemUnsat01.yml	../bench-defs/sv-benchmarks/java/properties/valid-assert.prp	false	['../bench-defs/sv-benchmarks/java/common', '../bench-defs/sv-benchmarks/java/algorithms/SortedListInsert-MemUnsat01']	0a66e5b2be65cad38441be37ccecae8a88a2d4ad6b1e0578ae1ede9331177199
../bench-defs/sv-benchmarks/java/algorithms/Trie-FunSat01.yml	../bench-defs/sv-benchmarks/java/properties/valid-assert.prp	true	['../bench-defs/sv-benchmarks/java/common', '../bench-defs/sv-benchmarks/java/algorithms/Trie-FunSat01']	4e8c241c96c0e4e20f482876fc15f56fb140e227685d85c62f7c29bc2fab024a
../bench-defs/sv-benchmarks/java/algorithms/Trie-FunUnsat01.yml	../bench-defs/sv-benchmarks/java/properties/valid-assert.prp	false	['../bench-defs/sv-benchmarks/java/common', '../bench-defs/sv-benchmarks/java/algorithms/Trie-FunUnsat01']	2a6702a1225a363022fb7742b90b0cd735012b2b3b9e9884284e6dfb12bfbf13
../bench-defs/sv-benchmarks/java/algorithms/Trie-MemSat01.yml	../bench-defs/sv-benchmarks/java/properties/valid-assert.prp	true	['../bench-defs/sv-benchmarks/java/common', '../bench-defs/sv-benchmarks/java/algorithms/Trie-MemSat01']	ef70cbbe9480f396d615842a0e6a9bb5e3f4fc8cf82d49eb751c1cdfebebc506
../bench-defs/sv-benchmarks/java/algorithms/Trie-MemUnsat01.yml	../bench-defs/sv-benchmarks/java/properties/valid-assert.prp	false	['../bench-defs/sv-benchmarks/java/common', '../bench-defs/sv-benchmarks/java/algorithms/Trie-MemUnsat01']	8eed0591fedfcbbf6d870b4383b79e438f995ad293a4cb3739223648164bb28c
../bench-defs/sv-benchmarks/java/algorithms/Tsp-FunSat01.yml	../bench-defs/sv-benchmarks/java/properties/valid-assert.prp	false	['../bench-defs/sv-benchmarks/java/common', '../bench-defs/sv-benchmarks/java/algorithms/Tsp-FunSat01']	1bd996b8f9ad15be7800630dce81d049c10e6e2c4826a3639902b3247c3a8e8d
../bench-defs/sv-benchmarks/java/algorithms/Tsp-FunUnsat01.yml	../bench-defs/sv-benchmarks/java/properties/valid-assert.prp	false	['../bench-defs/sv-benchmarks/java/common', '../bench-defs/sv-benchmarks/java/algorithms/Tsp-FunUnsat01']	f19fdec1b03317467dcc5b2666bf4395d3f954d773f29e99e8c5a3d56f3f123f
../bench-defs/sv-benchmarks/java/algorithms/Tsp-MemSat01.yml	../bench-defs/sv-benchmarks/java/properties/valid-assert.prp	true	['../bench-defs/sv-benchmarks/java/common', '../bench-defs/sv-benchmarks/java/algorithms/Tsp-MemSat01']	f04c81172c0b524cd7ad939bca0732b86f5cca0c3f21801436e7b0405a7c9898
../bench-defs/sv-benchmarks/java/algorithms/Tsp-MemUnsat01.yml	../bench-defs/sv-benchmarks/java/properties/valid-assert.prp	false	['../bench-defs/sv-benchmarks/java/common', '../bench-defs/sv-benchmarks/java/algorithms/Tsp-MemUnsat01']	6639d2931f66fd9a9ab46e9bf9709ba85c9b8034e659648e0c8435b37788bcde
../bench-defs/sv-benchmarks/java/juliet-java/CWE369_Divide_by_Zero__float_connect_tcp_divide_01_bad.yml	../bench-defs/sv-benchmarks/java/properties/valid-assert.prp	false	['../bench-defs/sv-benchmarks/java/common', '../bench-defs/sv-benchmarks/java/juliet-java/testcasesupport', '../bench-defs/sv-benchmarks/java/juliet-java/CWE369_Divide_by_Zero__float_connect_tcp_divide_01_bad']	787425ba974d56f52e17f6604a8cc63d695de401cc59915234365cd5e40625cf
../bench-defs/sv-benchmarks/java/juliet-java/CWE369_Divide_by_Zero__float_connect_tcp_divide_01_bad_version2.yml	../bench-defs/sv-benchmarks/java/properties/valid-assert.prp	false	['../bench-defs/sv-benchmarks/java/common', '../bench-defs/sv-benchmarks/java/juliet-java/testcasesupport', '../bench-defs/sv-benchmarks/java/juliet-java/CWE369_Divide_by_Zero__float_connect_tcp_divide_01_bad_version2']	4f8082e5436952d1ddda1a418dd46855b985e05cdf2c0a68c5ae7cb120525c06
../bench-defs/sv-benchmarks/java/juliet-java/CWE369_Divide_by_Zero__float_connect_tcp_divide_01_good.yml	../bench-defs/sv-benchmarks/java/properties/valid-assert.prp	true	['../bench-defs/sv-benchmarks/java/common', '../bench-defs/sv-benchmarks/java/juliet-java/testcasesupport', '../bench-defs/sv-benchmarks/java/juliet-java/CWE369_Divide_by_Zero__float_connect_tcp_divide_01_good']	cbb7f553514784d7f96b8569e326ff0845ba39c00665ffed9a213ef9faaf314a
../bench-defs/sv-benchmarks/java/juliet-java/CWE369_Divide_by_Zero__float_connect_tcp_divide_81a_bad.yml	../bench-defs/sv-benchmarks/java/properties/valid-assert.prp	false	['../bench-defs/sv-benchmarks/java/common', '../bench-defs/sv-benchmarks/java/juliet-java/testcasesupport', '../bench-defs/sv-benchmarks/java/juliet-java/CWE369_Divide_by_Zero__float_connect_tcp_divide_81a_bad']	a95503c37a44e8213b5a42f1ee6bf0c923f0426079c159fbe21078c8578b95dc
../bench-defs/sv-benchmarks/java/juliet-java/CWE369_Divide_by_Zero__float_connect_tcp_divide_81a_bad_version2.yml	../bench-defs/sv-benchmarks/java/properties/valid-assert.prp	false	['../bench-defs/sv-benchmarks/java/common', '../bench-defs/sv-benchmarks/java/juliet-java/testcasesupport', '../bench-defs/sv-benchmarks/java/juliet-java/CWE369_Divide_by_Zero__float_connect_tcp_divide_81a_bad_version2']	313cdcbd121bb469de018214d32656b2ea6578d7742b5997fc798ec627a0bb23
../bench-defs/sv-benchmarks/java/juliet-java/CWE369_Divide_by_Zero__float_connect_tcp_divide_81a_good.yml	../bench-defs/sv-benchmarks/java/properties/valid-assert.prp	true	['../bench-defs/sv-benchmarks/java/common', '../bench-defs/sv-benchmarks/java/juliet-java/testcasesupport', '../bench-defs/sv-benchmarks/java/juliet-java/CWE369_Divide_by_Zero__float_connect_tcp_divide_81a_good']	1f9c18f3e085e2023bc7d13cf98bf2438d510e6d1ad3b196d8d4c3db685b3816
../bench-defs/sv-benchmarks/java/juliet-java/CWE369_Divide_by_Zero__float_console_readLine_divide_54_bad.yml	../bench-defs/sv-benchmarks/java/properties/valid-assert.prp	false	['../bench-defs/sv-benchmarks/java/common', '../bench-defs/sv-benchmarks/java/juliet-java/testcasesupport', '../bench-defs/sv-benchmarks/java/juliet-java/CWE369_Divide_by_Zero__float_console_readLine_divide_54_bad']	7a83ea3e24b2d56a60448d637db5aac3b4fe54626cc23e41ad1a5f0774f763cf
../bench-defs/sv-benchmarks/java/juliet-java/CWE369_Divide_by_Zero__float_console_readLine_divide_54_bad_version2.yml	../bench-defs/sv-benchmarks/java/properties/valid-assert.prp	false	['../bench-defs/sv-benchmarks/java/common', '../bench-defs/sv-benchmarks/java/juliet-java/testcasesupport', '../bench-defs/sv-benchmarks/java/juliet-java/CWE369_Divide_by_Zero__float_console_readLine_divide_54_bad_version2']	243ca34679c1ebb2935e77fdfa72bf38152474327bf19390bf5c9c24b6836f3e
../bench-defs/sv-benchmarks/java/juliet-java/CWE369_Divide_by_Zero__float_console_readLine_divide_54_good.yml	../bench-defs/sv-benchmarks/java/properties/valid-assert.prp	true	['../bench-defs/sv-benchmarks/java/common', '../bench-defs/sv-benchmarks/java/juliet-java/testcasesupport', '../bench-defs/sv-benchmarks/java/juliet-java/CWE369_Divide_by_Zero__float_console_readLine_divide_54_good']	528edfc3f2308995371fd58de9a713f9bb174cbecd3b478c09287f3ff3333587
../bench-defs/sv-benchmarks/java/jdart-regression/OverapproximationString01.yml	../bench-defs/sv-benchmarks/java/properties/valid-assert.prp	false	['../bench-defs/sv-benchmarks/java/common', '../bench-defs/sv-benchmarks/java/jdart-regression/OverapproximationString01']	7effbc2a1735b732ac23ee77543d9b3845f9950bcd6d70ccaa56331b091b72bb
../bench-defs/sv-benchmarks/java/jdart-regression/URLDecoder01.yml	../bench-defs/sv-benchmarks/java/properties/valid-assert.prp	true	['../bench-defs/sv-benchmarks/java/common', '../bench-defs/sv-benchmarks/java/jdart-regression/URLDecoder01']	b45883578ff88495d3560083509b6a968e3863b3bb2d5aa5e93020cbc7076590
../bench-defs/sv-benchmarks/java/jdart-regression/URLDecoder02.yml	../bench-defs/sv-benchmarks/java/properties/valid-assert.prp	false	['../bench-defs/sv-benchmarks/java/common', '../bench-defs/sv-benchmarks/java/jdart-regression/URLDecoder02']	1b4ef067ee67342dbb68d5e17b0b6b586a0b0d378bc2c5cf3f9a2ef7fa83aa1a
../bench-defs/sv-benchmarks/java/jdart-regression/addition01.yml	../bench-defs/sv-benchmarks/java/properties/valid-assert.prp	false	['../bench-defs/sv-benchmarks/java/common', '../bench-defs/sv-benchmarks/java/jdart-regression/addition01']	8e89d3e065cf74e44699de341f4c539217d6d987345cea361a973191bf648d60
../bench-defs/sv-benchmarks/java/jdart-regression/array-iteration01.yml	../bench-defs/sv-benchmarks/java/properties/valid-assert.prp	false	['../bench-defs/sv-benchmarks/java/common', '../bench-defs/sv-benchmarks/java/jdart-regression/array-iteration01']	7cdf1c9246c3c039c189058c6695f6ac2aa677d6a5132a3dd0a7b609c7489960
../bench-defs/sv-benchmarks/java/jdart-regression/boundcheck100.yml	../bench-defs/sv-benchmarks/java/properties/valid-assert.prp	false	['../bench-defs/sv-benchmarks/java/common', '../bench-defs/sv-benchmarks/java/jdart-regression/boundcheck100']	e9454f444d69c2b1ec06aeebfd5a42e1eed5482f9d4d6d1eab071f39a72ff23c
../bench-defs/sv-benchmarks/java/jdart-regression/boundcheck200.yml	../bench-defs/sv-benchmarks/java/properties/valid-assert.prp	false	['../bench-defs/sv-benchmarks/java/common', '../bench-defs/sv-benchmarks/java/jdart-regression/boundcheck200']	108c3141766b9b84b82a680081cd972654896b42162edbd927c56a7f639198df
../bench-defs/sv-benchmarks/java/jdart-regression/boundcheck30.yml	../bench-defs/sv-benchmarks/java/properties/valid-assert.prp	false	['../bench-defs/sv-benchmarks/java/common', '../bench-defs/sv-benchmarks/java/jdart-regression/boundcheck30']	1f3ac2dd3472fa6229adf9a1bb645b1d3d794d071bcc4ec148311dab21416e4a
../bench-defs/sv-benchmarks/java/jdart-regression/double2long.yml	../bench-defs/sv-benchmarks/java/properties/valid-assert.prp	false	['../bench-defs/sv-benchmarks/java/common', '../bench-defs/sv-benchmarks/java/jdart-regression/double2long']	4a8e6f3901b56a5a2e5c90cb73ace139479638cc95f4f1c45113052db65a2b4b
../bench-defs/sv-benchmarks/java/jdart-regression/float.yml	../bench-defs/sv-benchmarks/java/properties/valid-assert.prp	false	['../bench-defs/sv-benchmarks/java/common', '../bench-defs/sv-benchmarks/java/jdart-regression/float']	8da1201a145b26d4dd8a5343f463cd862f21cc915d2413c63be5013ef2b60787
../bench-defs/sv-benchmarks/java/jdart-regression/list2.yml	../bench-defs/sv-benchmarks/java/properties/valid-assert.prp	true	['../bench-defs/sv-benchmarks/java/common', '../bench-defs/sv-benchmarks/java/jdart-regression/list2']	2f8ad909e461a252a6ac02578057ac4abe06bc938758989733c75483b1321766
../bench-defs/sv-benchmarks/java/jdart-regression/radians.yml	../bench-defs/sv-benchmarks/java/properties/valid-assert.prp	false	['../bench-defs/sv-benchmarks/java/common', '../bench-defs/sv-benchmarks/java/jdart-regression/radians']	7f1bffd60adb073184491332c897c0b7ad0f6c1f30ec787b882395ad98e6f65c
../bench-defs/sv-benchmarks/java/jdart-regression/shifting.yml	../bench-defs/sv-benchmarks/java/properties/valid-assert.prp	false	['../bench-defs/sv-benchmarks/java/common', '../bench-defs/sv-benchmarks/java/jdart-regression/shifting']	48167df489bf96051632d5515b456a0b4c1f10878cf7cd93dbb24aae153cbba8
../bench-defs/sv-benchmarks/java/jdart-regression/shifting2.yml	../bench-defs/sv-benchmarks/java/properties/valid-assert.prp	false	['../bench-defs/sv-benchmarks/java/common', '../bench-defs/sv-benchmarks/java/jdart-regression/shifting2']	e0ba5d863f347fd73b09609ffbb7b0612c69635a969fb596992422122f41ecd6
../bench-defs/sv-benchmarks/java/jdart-regression/shifting3.yml	../bench-defs/sv-benchmarks/java/properties/valid-assert.prp	false	['../bench-defs/sv-benchmarks/java/common', '../bench-defs/sv-benchmarks/java/jdart-regression/shifting3']	f3b8c1962129983ab04bc13fd7f37550f0d906bc32e96e4233187ca1fd37908b
../bench-defs/sv-benchmarks/java/jdart-regression/startswith.yml	../bench-defs/sv-benchmarks/java/properties/valid-assert.prp	true	['../bench-defs/sv-benchmarks/java/common', '../bench-defs/sv-benchmarks/java/jdart-regression/startswith']	2e5452740b3e04ba2703241c1e2561a85afb4c3d6ceb7ac61cee45a74e967600
../bench-defs/sv-benchmarks/java/securibench/Aliasing1.yml	../bench-defs/sv-benchmarks/java/properties/valid-assert.prp	false	['../bench-defs/sv-benchmarks/java/common', '../bench-defs/sv-benchmarks/java/securibench/micro', '../bench-defs/sv-benchmarks/java/securibench/Aliasing1']	5ebef2138abf3ea1a547e79b0cf792eaf48adfe44341aecb33534d72a354d356
../bench-defs/sv-benchmarks/java/securibench/Aliasing2.yml	../bench-defs/sv-benchmarks/java/properties/valid-assert.prp	true	['../bench-defs/sv-benchmarks/java/common', '../bench-defs/sv-benchmarks/java/securibench/micro', '../bench-defs/sv-benchmarks/java/securibench/Aliasing2']	7877accf070b43d33e8fe5e625b3471eb89a97520aeb079b61cad6cf61e58a72
../bench-defs/sv-benchmarks/java/securibench/Aliasing3.yml	../bench-defs/sv-benchmarks/java/properties/valid-assert.prp	true	['../bench-defs/sv-benchmarks/java/common', '../bench-defs/sv-benchmarks/java/securibench/micro', '../bench-defs/sv-benchmarks/java/securibench/Aliasing3']	1d03721511ac00c7c64176db708fbc899b96d04b521e72820e9942ec9b180dc7
../bench-defs/sv-benchmarks/java/securibench/Aliasing4.yml	../bench-defs/sv-benchmarks/java/properties/valid-assert.prp	false	['../bench-defs/sv-benchmarks/java/common', '../bench-defs/sv-benchmarks/java/securibench/micro', '../bench-defs/sv-benchmarks/java/securibench/Aliasing4']	c6e5e579367143b09b1f2fe359151ddc0dd431aa1e0d9f76703bdc16afb70d3e
../bench-defs/sv-benchmarks/java/securibench/Aliasing5.yml	../bench-defs/sv-benchmarks/java/properties/valid-assert.prp	false	['../bench-defs/sv-benchmarks/java/common', '../bench-defs/sv-benchmarks/java/securibench/micro', '../bench-defs/sv-benchmarks/java/securibench/Aliasing5']	139d4faf4da9307340025ad3af76a9f4896d23ba5a937140669a767ec4cad9ef
../bench-defs/sv-benchmarks/java/securibench/Aliasing6.yml	../bench-defs/sv-benchmarks/java/properties/valid-assert.prp	false	['../bench-defs/sv-benchmarks/java/common', '../bench-defs/sv-benchmarks/java/securibench/micro', '../bench-defs/sv-benchmarks/java/securibench/Aliasing6']	10a97385358a83cdc4835c05cf44af300567f93ff0b609db1303b23facb723bc
../bench-defs/sv-benchmarks/java/securibench/Arrays1.yml	../bench-defs/sv-benchmarks/java/properties/valid-assert.prp	false	['../bench-defs/sv-benchmarks/java/common', '../bench-defs/sv-benchmarks/java/securibench/micro', '../bench-defs/sv-benchmarks/java/securibench/Arrays1']	9020be917e39d76a1396acd969f21f1219db38411a7939e27c7064cf4bf032f6
../bench-defs/sv-benchmarks/java/securibench/Arrays10.yml	../bench-defs/sv-benchmarks/java/properties/valid-assert.prp	false	['../bench-defs/sv-benchmarks/java/common', '../bench-defs/sv-benchmarks/java/securibench/micro', '../bench-defs/sv-benchmarks/java/securibench/Arrays10']	cbd399bda8f9f64ce7cec24f9ed1ad4413d76b846a36c1abb1baf3a777a5a1b5
../bench-defs/sv-benchmarks/java/securibench/Arrays2.yml	../bench-defs/sv-benchmarks/java/properties/valid-assert.prp	false	['../bench-defs/sv-benchmarks/java/common', '../bench-defs/sv-benchmarks/java/securibench/micro', '../bench-defs/sv-benchmarks/java/securibench/Arrays2']	2a8805ed528faa7aadf0b3eb5f31251eb4778bff2405ac2656f316bdcea6e81f
../bench-defs/sv-benchmarks/java/securibench/Arrays3.yml	../bench-defs/sv-benchmarks/java/properties/valid-assert.prp	false	['../bench-defs/sv-benchmarks/java/common', '../bench-defs/sv-benchmarks/java/securibench/micro', '../bench-defs/sv-benchmarks/java/securibench/Arrays3']	24285778f9c5252f52d3d577b10dc2316df986394bb02a089b8be1fccbb16f53
../bench-defs/sv-benchmarks/java/securibench/Arrays4.yml	../bench-defs/sv-benchmarks/java/properties/valid-assert.prp	false	['../bench-defs/sv-benchmarks/java/common', '../bench-defs/sv-benchmarks/java/securibench/micro', '../bench-defs/sv-benchmarks/java/securibench/Arrays4']	b0f2035bd6217393b045c8c26d0470d3fb239acffe0d05549ea20c3fe11f7dc9
../bench-defs/sv-benchmarks/java/securibench/Arrays5.yml	../bench-defs/sv-benchmarks/java/properties/valid-assert.prp	true	['../bench-defs/sv-benchmarks/java/common', '../bench-defs/sv-benchmarks/java/securibench/micro', '../bench-defs/sv-benchmarks/java/securibench/Arrays5']	37c17b55dd23944a4d35886ec0a64cc031df0907bf76ee14c83ce30d3038fc5f
../bench-defs/sv-benchmarks/java/securibench/Arrays6.yml	../bench-defs/sv-benchmarks/java/properties/valid-assert.prp	false	['../bench-defs/sv-benchmarks/java/common', '../bench-defs/sv-benchmarks/java/securibench/micro', '../bench-defs/sv-benchmarks/java/securibench/Arrays6']	9034c398679106628a0773aca1e4ad29f8905641df61a50a960fa31d991128d3
../bench-defs/sv-benchmarks/java/securibench/Arrays7.yml	../bench-defs/sv-benchmarks/java/properties/valid-assert.prp	false	['../bench-defs/sv-benchmarks/java/common', '../bench-defs/sv-benchmarks/java/securibench/micro', '../bench-defs/sv-benchmarks/java/securibench/Arrays7']	2e832ce6a894a25c8d1666f94a7f86fe28a085b0e2eb5293cbeb93a2990a6b4b
../bench-defs/sv-benchmarks/java/securibench/Arrays8.yml	../bench-defs/sv-benchmarks/java/properties/valid-assert.prp	false	['../bench-defs/sv-benchmarks/java/common', '../bench-defs/sv-benchmarks/java/securibench/micro', '../bench-defs/sv-benchmarks/java/securibench/Arrays8']	7abebd436ccfe8da0d1dc90215b62901d235f6f98aad691d5fb91da12f5c67e0
../bench-defs/sv-benchmarks/java/securibench/Arrays9.yml	../bench-defs/sv-benchmarks/java/properties/valid-assert.prp	false	['../bench-defs/sv-benchmarks/java/common', '../bench-defs/sv-benchmarks/java/securibench/micro', '../bench-defs/sv-benchmarks/java/securibench/Arrays9']	f97161a0b1569ce299dc4120de76ca457653d18a62b2ae10fe5e03640ef8b83a
../bench-defs/sv-benchmarks/java/securibench/Basic1.yml	../bench-defs/sv-benchmarks/java/properties/valid-assert.prp	false	['../bench-defs/sv-benchmarks/java/common', '../bench-defs/sv-benchmarks/java/securibench/micro', '../bench-defs/sv-benchmarks/java/securibench/Basic1']	5b7da68dda1f310bb5c1f440e44b453a018558f18d7dae27b5c3dcb3c25b4849
../bench-defs/sv-benchmarks/java/securibench/Basic10.yml	../bench-defs/sv-benchmarks/java/properties/valid-assert.prp	false	['../bench-defs/sv-benchmarks/java/common', '../bench-defs/sv-benchmarks/java/securibench/micro', '../bench-defs/sv-benchmarks/java/securibench/Basic10']	9cfb2db3c57d2398591c3f796ddff9f9e2750fcf555f8ca53a43a2bc65a505e7
../bench-defs/sv-benchmarks/java/securibench/Basic11.yml	../bench-defs/sv-benchmarks/java/properties/valid-assert.prp	false	['../bench-defs/sv-benchmarks/java/common', '../bench-defs/sv-benchmarks/java/securibench/micro', '../bench-defs/sv-benchmarks/java/securibench/Basic11']	202baef19004358a948e71677fd880dbfbd85ecf49a310eb6c1bc73f074b654e
../bench-defs/sv-benchmarks/java/securibench/Basic12.yml	../bench-defs/sv-benchmarks/java/properties/valid-assert.prp	false	['../bench-defs/sv-benchmarks/java/common', '../bench-defs/sv-benchmarks/java/securibench/micro', '../bench-defs/sv-benchmarks/java/securibench/Basic12']	7414ba4766f9d88a077dbaf9460c2b74338ba248bfa6757405af1e06ea8f43c8
../bench-defs/sv-benchmarks/java/securibench/Basic15.yml	../bench-defs/sv-benchmarks/java/properties/valid-assert.prp	false	['../bench-defs/sv-benchmarks/java/common', '../bench-defs/sv-benchmarks/java/securibench/micro', '../bench-defs/sv-benchmarks/java/securibench/Basic15']	0455ad79426e97687c94f732f639febd9c293a23ec90d9119ef53816ce0e5068
../bench-defs/sv-benchmarks/java/securibench/Basic16.yml	../bench-defs/sv-benchmarks/java/properties/valid-assert.prp	false	['../bench-defs/sv-benchmarks/java/common', '../bench-defs/sv-benchmarks/java/securibench/micro', '../bench-defs/sv-benchmarks/java/securibench/Basic16']	ba37a25efd1f381c6c50e2fc5d05a5f49d626cf96194354a62ebb0b1a23b41ca
../bench-defs/sv-benchmarks/java/securibench/Basic17.yml	../bench-defs/sv-benchmarks/java/properties/valid-assert.prp	false	['../bench-defs/sv-benchmarks/java/common', '../bench-defs/sv-benchmarks/java/securibench/micro', '../bench-defs/sv-benchmarks/java/securibench/Basic17']	55ffd093004f0a33770dde405a1fbd73650e70ebcfb10dc7711f46e95776dd60
../bench-defs/sv-benchmarks/java/securibench/Basic18.yml	../bench-defs/sv-benchmarks/java/properties/valid-assert.prp	false	['../bench-defs/sv-benchmarks/java/common', '../bench-defs/sv-benchmarks/java/securibench/micro', '../bench-defs/sv-benchmarks/java/securibench/Basic18']	28a1414c184a6c3292c7cbcb46ebcd741064f77cbe6305ae39062304fc3fcf0c
../bench-defs/sv-benchmarks/java/securibench/Basic19.yml	../bench-defs/sv-benchmarks/java/properties/valid-assert.prp	false	['../bench-defs/sv-benchmarks/java/common', '../bench-defs/sv-benchmarks/java/securibench/micro', '../bench-defs/sv-benchmarks/java/securibench/Basic19']	13a004afe5dcd5e9e45e6c748aa9b46e9e461fb414fc87dc093105be409b7184
../bench-defs/sv-benchmarks/java/securibench/Basic2.yml	../bench-defs/sv-benchmarks/java/properties/valid-assert.prp	false	['../bench-defs/sv-benchmarks/java/common', '../bench-defs/sv-benchmarks/java/securibench/micro', '../bench-defs/sv-benchmarks/java/securibench/Basic2']	b6c5901bd5fca44d875aa942e5ffe0c0998d188dde8071335865041a2dcfdebf
../bench-defs/sv-benchmarks/java/securibench/Basic20.yml	../bench-defs/sv-benchmarks/java/properties/valid-assert.prp	false	['../bench-defs/sv-benchmarks/java/common', '../bench-defs/sv-benchmarks/java/securibench/micro', '../bench-defs/sv-benchmarks/java/securibench/Basic20']	9e2f90378173680bd87978560b34920886347d9b22e7abcf29828ec702867620
../bench-defs/sv-benchmarks/java/securibench/Basic21.yml	../bench-defs/sv-benchmarks/java/properties/valid-assert.prp	false	['../bench-defs/sv-benchmarks/java/common', '../bench-defs/sv-benchmarks/java/securibench/micro', '../bench-defs/sv-benchmarks/java/securibench/Basic21']	e250f156742a01d8d4394723ce7332fc080c64fe64476dc403a180fc4cbc8bc2
../bench-defs/sv-benchmarks/java/securibench/Basic24.yml	../bench-defs/sv-benchmarks/java/properties/valid-assert.prp	false	['../bench-defs/sv-benchmarks/java/common', '../bench-defs/sv-benchmarks/java/securibench/micro', '../bench-defs/sv-benchmarks/java/securibench/Basic24']	a8039e87c9f14842efe530edd33319772f05acf7e293e61af966f98dadf0c0f5
../bench-defs/sv-benchmarks/java/securibench/Basic25.yml	../bench-defs/sv-benchmarks/java/properties/valid-assert.prp	false	['../bench-defs/sv-benchmarks/java/common', '../bench-defs/sv-benchmarks/java/securibench/micro', '../bench-defs/sv-benchmarks/java/securibench/Basic25']	423c421409f1539e2659578c512f1bc1348702333a01c37a41dfe7ee23ceec0f
../bench-defs/sv-benchmarks/java/securibench/Basic26.yml	../bench-defs/sv-benchmarks/java/properties/valid-assert.prp	false	['../bench-defs/sv-benchmarks/java/common', '../bench-defs/sv-benchmarks/java/securibench/micro', '../bench-defs/sv-benchmarks/java/securibench/Basic26']	cae7563f75577013a2f652fce0a416ec6a63d873d2beb716a1b14ef0fe126487
../bench-defs/sv-benchmarks/java/securibench/Basic27.yml	../bench-defs/sv-benchmarks/java/properties/valid-assert.prp	false	['../bench-defs/sv-benchmarks/java/common', '../bench-defs/sv-benchmarks/java/securibench/micro', '../bench-defs/sv-benchmarks/java/securibench/Basic27']	3d4061a20df3a2a2500448d4efaaa807943bf46bd1d07dcb1d3496693438176a
../bench-defs/sv-benchmarks/java/securibench/Basic28.yml	../bench-defs/sv-benchmarks/java/properties/valid-assert.prp	true	['../bench-defs/sv-benchmarks/java/common', '../bench-defs/sv-benchmarks/java/securibench/micro', '../bench-defs/sv-benchmarks/java/securibench/Basic28']	3cc6caf4b917a2a445f4d8d410397c88db46d43aa4d79fff42c791425d5d46b1
../bench-defs/sv-benchmarks/java/securibench/Basic29.yml	../bench-defs/sv-benchmarks/java/properties/valid-assert.prp	false	['../bench-defs/sv-benchmarks/java/common', '../bench-defs/sv-benchmarks/java/securibench/micro', '../bench-defs/sv-benchmarks/java/securibench/Basic29']	b79b1f6adab638926e6ec4791598b6bcb84b3fac64ecfb5bc8b0ad3d7be1cebb
../bench-defs/sv-benchmarks/java/securibench/Basic3.yml	../bench-defs/sv-benchmarks/java/properties/valid-assert.prp	false	['../bench-defs/sv-benchmarks/java/common', '../bench-defs/sv-benchmarks/java/securibench/micro', '../bench-defs/sv-benchmarks/java/securibench/Basic3']	865ce2cef71ca11e16da6408cf0ec3a54fd85b16fb8c47de2b0aceaee864272f
../bench-defs/sv-benchmarks/java/securibench/Basic30.yml	../bench-defs/sv-benchmarks/java/properties/valid-assert.prp	false	['../bench-defs/sv-benchmarks/java/common', '../bench-defs/sv-benchmarks/java/securibench/micro', '../bench-defs/sv-benchmarks/java/securibench/Basic30']	715d884986400b702d1ecc90b9e59cb354e29c6d3208453ddd8a5eeef87df057
../bench-defs/sv-benchmarks/java/securibench/Basic31.yml	../bench-defs/sv-benchmarks/java/properties/valid-assert.prp	false	['../bench-defs/sv-benchmarks/java/common', '../bench-defs/sv-benchmarks/java/securibench/micro', '../bench-defs/sv-benchmarks/java/securibench/Basic31']	0d2e2b12858dc45bc382e586a842b0635a71ba138aa80f98515690413a40b2d6
../bench-defs/sv-benchmarks/java/securibench/Basic32.yml	../bench-defs/sv-benchmarks/java/properties/valid-assert.prp	false	['../bench-defs/sv-benchmarks/java/common', '../bench-defs/sv-benchmarks/java/securibench/micro', '../bench-defs/sv-benchmarks/java/securibench/Basic32']	0caf0ca7cdfad32134d0f38582227bc4755ed447cabdb457f200fae67868f7e8
../bench-defs/sv-benchmarks/java/securibench/Basic33.yml	../bench-defs/sv-benchmarks/java/properties/valid-assert.prp	false	['../bench-defs/sv-benchmarks/java/common', '../bench-defs/sv-benchmarks/java/securibench/micro', '../bench-defs/sv-benchmarks/java/securibench/Basic33']	6dd5e25794b57332adafeb3e53ff761655508a1a0b58d68936fc3bdaddf0c689
../bench-defs/sv-benchmarks/java/securibench/Basic34.yml	../bench-defs/sv-benchmarks/java/properties/valid-assert.prp	false	['../bench-defs/sv-benchmarks/java/common', '../bench-defs/sv-benchmarks/java/securibench/micro', '../bench-defs/sv-benchmarks/java/securibench/Basic34']	bb1632dcdef2d49748ca21c5c923096fb509938329c42c6fdf7f62c98adfe937
../bench-defs/sv-benchmarks/java/securibench/Basic35.yml	../bench-defs/sv-benchmarks/java/properties/valid-assert.prp	false	['../bench-defs/sv-benchmarks/java/common', '../bench-defs/sv-benchmarks/java/securibench/micro', '../bench-defs/sv-benchmarks/java/securibench/Basic35']	6e1388bcc2a3301b19874d7a1c5e8f76be6c90027f636a2863ec76bdee907c6b
../bench-defs/sv-benchmarks/java/securibench/Basic37.yml	../bench-defs/sv-benchmarks/java/properties/valid-assert.prp	false	['../bench-defs/sv-benchmarks/java/common', '../bench-defs/sv-benchmarks/java/securibench/micro', '../bench-defs/sv-benchmarks/java/securibench/Basic37']	e389fedb4dfff2059caa929552c5946121bb43934a0b46f742e81a8e503b0495
../bench-defs/sv-benchmarks/java/securibench/Basic38.yml	../bench-defs/sv-benchmarks/java/properties/valid-assert.prp	false	['../bench-defs/sv-benchmarks/java/common', '../bench-defs/sv-benchmarks/java/securibench/micro', '../bench-defs/sv-benchmarks/java/securibench/Basic38']	72515059f49ff324d7f9cb691d14c28383762111640a87473b001d9d513e0dc0
../bench-defs/sv-benchmarks/java/securibench/Basic39.yml	../bench-defs/sv-benchmarks/java/properties/valid-assert.prp	false	['../bench-defs/sv-benchmarks/java/common', '../bench-defs/sv-benchmarks/java/securibench/micro', '../bench-defs/sv-benchmarks/java/securibench/Basic39']	e37922c386192881ec8e576122cf496bfd4ffa379f4f85be859f07805520b460
../bench-defs/sv-benchmarks/java/securibench/Basic4.yml	../bench-defs/sv-benchmarks/java/properties/valid-assert.prp	false	['../bench-defs/sv-benchmarks/java/common', '../bench-defs/sv-benchmarks/java/securibench/micro', '../bench-defs/sv-benchmarks/java/securibench/Basic4']	0b476790968f2cc3e9558dae9b6db76f2c161c96e1a022c3c6b8a8e317f2c42c
../bench-defs/sv-benchmarks/java/securibench/Basic5.yml	../bench-defs/sv-benchmarks/java/properties/valid-assert.prp	false	['../bench-defs/sv-benchmarks/java/common', '../bench-defs/sv-benchmarks/java/securibench/micro', '../bench-defs/sv-benchmarks/java/securibench/Basic5']	b0b9dd7be423d3d8ee9dd3dc2754e9d53f48ca2b6fc23b57f23f87660b2e2904
../bench-defs/sv-benchmarks/java/securibench/Basic6.yml	../bench-defs/sv-benchmarks/java/properties/valid-assert.prp	true	['../bench-defs/sv-benchmarks/java/common', '../bench-defs/sv-benchmarks/java/securibench/micro', '../bench-defs/sv-benchmarks/java/securibench/Basic6']	bbeb1c67bfe7075f939349f12d020238c9ca95b6d4f85734144d69b275fbdd41
../bench-defs/sv-benchmarks/java/securibench/Basic7.yml	../bench-defs/sv-benchmarks/java/properties/valid-assert.prp	false	['../bench-defs/sv-benchmarks/java/common', '../bench-defs/sv-benchmarks/java/securibench/micro', '../bench-defs/sv-benchmarks/java/securibench/Basic7']	6d2c8c2e876638339af55f245e826daebc5e1f7f53ea80732ea77d722409b79b
../bench-defs/sv-benchmarks/java/securibench/Basic8.yml	../bench-defs/sv-benchmarks/java/properties/valid-assert.prp	true	['../bench-defs/sv-benchmarks/java/common', '../bench-defs/sv-benchmarks/java/securibench/micro', '../bench-defs/sv-benchmarks/java/securibench/Basic8']	316f82e142a597f88f601f9aa52c94a3bae6d7f43aefd14c82e81802e263c3b8
../bench-defs/sv-benchmarks/java/securibench/Basic9.yml	../bench-defs/sv-benchmarks/java/properties/valid-assert.prp	false	['../bench-defs/sv-benchmarks/java/common', '../bench-defs/sv-benchmarks/java/securibench/micro', '../bench-defs/sv-benchmarks/java/securibench/Basic9']	4ef3961f0d23ec3b8a345e013c4fdf1d980e3f3c1687bc257f9b2a7207e9bd8d
../bench-defs/sv-benchmarks/java/securibench/Collections1.yml	../bench-defs/sv-benchmarks/java/properties/valid-assert.prp	false	['../bench-defs/sv-benchmarks/java/common', '../bench-defs/sv-benchmarks/java/securibench/micro', '../bench-defs/sv-benchmarks/java/securibench/Collections1']	d4d6d0ccf98f3494e6148059e326c2fc551468b3bd182468f05e8824191b2686
../bench-defs/sv-benchmarks/java/securibench/Collections10.yml	../bench-defs/sv-benchmarks/java/properties/valid-assert.prp	false	['../bench-defs/sv-benchmarks/java/common', '../bench-defs/sv-benchmarks/java/securibench/micro', '../bench-defs/sv-benchmarks/java/securibench/Collections10']	bebca502b78e78ddab57a622c1ceb032cc1dbfbb8b3a4d69f54dd2dd8e55c4a1
../bench-defs/sv-benchmarks/java/securibench/Collections12.yml	../bench-defs/sv-benchmarks/java/properties/valid-assert.prp	false	['../bench-defs/sv-benchmarks/java/common', '../bench-defs/sv-benchmarks/java/securibench/micro', '../bench-defs/sv-benchmarks/java/securibench/Collections12']	d257af9c58528125130f2da548954c0967aca647848abd42b1529e955e9c6d23
../bench-defs/sv-benchmarks/java/securibench/Collections13.yml	../bench-defs/sv-benchmarks/java/properties/valid-assert.prp	false	['../bench-defs/sv-benchmarks/java/common', '../bench-defs/sv-benchmarks/java/securibench/micro', '../bench-defs/sv-benchmarks/java/securibench/Collections13']	fdbef32e4bf0fd116a2789c1f1270a74046fe8730ff0385cd325bc487504f0a9
../bench-defs/sv-benchmarks/java/securibench/Collections14.yml	../bench-defs/sv-benchmarks/java/properties/valid-assert.prp	false	['../bench-defs/sv-benchmarks/java/common', '../bench-defs/sv-benchmarks/java/securibench/micro', '../bench-defs/sv-benchmarks/java/securibench/Collections14']	69c89eb0d2ce399d5977e14122f2f0ded61bcef6a9e2798b075c2b51db33ce58
../bench-defs/sv-benchmarks/java/securibench/Collections2.yml	../bench-defs/sv-benchmarks/java/properties/valid-assert.prp	false	['../bench-defs/sv-benchmarks/java/common', '../bench-defs/sv-benchmarks/java/securibench/micro', '../bench-defs/sv-benchmarks/java/securibench/Collections2']	1db31689d2896ef54e19716b69b52944393c7017c545f28b462b2fd268d7f30a
../bench-defs/sv-benchmarks/java/securibench/Collections3.yml	../bench-defs/sv-benchmarks/java/properties/valid-assert.prp	false	['../bench-defs/sv-benchmarks/java/common', '../bench-defs/sv-benchmarks/java/securibench/micro', '../bench-defs/sv-benchmarks/java/securibench/Collections3']	b046ba710b7e9aaf94bb044cff9cb237ee916c8b98d0db7b898678cf5ffb6634
../bench-defs/sv-benchmarks/java/securibench/Collections4.yml	../bench-defs/sv-benchmarks/java/properties/valid-assert.prp	false	['../bench-defs/sv-benchmarks/java/common', '../bench-defs/sv-benchmarks/java/securibench/micro', '../bench-defs/sv-benchmarks/java/securibench/Collections4']	a4446c7cbba2b801389a28b997c6e239c58094bcf7e990c0d8635f5f86325b64
../bench-defs/sv-benchmarks/java/securibench/Collections5.yml	../bench-defs/sv-benchmarks/java/properties/valid-assert.prp	false	['../bench-defs/sv-benchmarks/java/common', '../bench-defs/sv-benchmarks/java/securibench/micro', '../bench-defs/sv-benchmarks/java/securibench/Collections5']	e6c50d905195941de1d493849f3378d49b881bc4aa1f45c33d33fd00fa2ef101
../bench-defs/sv-benchmarks/java/securibench/Collections6.yml	../bench-defs/sv-benchmarks/java/properties/valid-assert.prp	false	['../bench-defs/sv-benchmarks/java/common', '../bench-defs/sv-benchmarks/java/securibench/micro', '../bench-defs/sv-benchmarks/java/securibench/Collections6']	d615bc65a68d3d4b08180011e10981d5e81a07c29af7e02445421fdf0ecf9689
../bench-defs/sv-benchmarks/java/securibench/Collections7.yml	../bench-defs/sv-benchmarks/java/properties/valid-assert.prp	false	['../bench-defs/sv-benchmarks/java/common', '../bench-defs/sv-benchmarks/java/securibench/micro', '../bench-defs/sv-benchmarks/java/securibench/Collections7']	ba7b6cdea01eb65a7cdf752e95ae2c642b5d33ec2d0575f480b8988a49c66271
../bench-defs/sv-benchmarks/java/securibench/Collections8.yml	../bench-defs/sv-benchmarks/java/properties/valid-assert.prp	true	['../bench-defs/sv-benchmarks/java/common', '../bench-defs/sv-benchmarks/java/securibench/micro', '../bench-defs/sv-benchmarks/java/securibench/Collections8']	e00a5b4c50be2c13e67b38af5a4ae3a5a1caa4da7bf121e37b7784434a7c1537
../bench-defs/sv-benchmarks/java/securibench/Collections9.yml	../bench-defs/sv-benchmarks/java/properties/valid-assert.prp	true	['../bench-defs/sv-benchmarks/java/common', '../bench-defs/sv-benchmarks/java/securibench/micro', '../bench-defs/sv-benchmarks/java/securibench/Collections9']	b5a6c35c8a0bfb4779cfd1329597cc7515589dc2ec14fe9d7bd06e857120d440
../bench-defs/sv-benchmarks/java/securibench/Datastructures1.yml	../bench-defs/sv-benchmarks/java/properties/valid-assert.prp	false	['../bench-defs/sv-benchmarks/java/common', '../bench-defs/sv-benchmarks/java/securibench/micro', '../bench-defs/sv-benchmarks/java/securibench/Datastructures1']	c13a6dc0e018de0bd305d3d967a515153c420a6c182462912b3587791134849f
../bench-defs/sv-benchmarks/java/securibench/Datastructures2.yml	../bench-defs/sv-benchmarks/java/properties/valid-assert.prp	false	['../bench-defs/sv-benchmarks/java/common', '../bench-defs/sv-benchmarks/java/securibench/micro', '../bench-defs/sv-benchmarks/java/securibench/Datastructures2']	4e7f71c7ab45b00891e9e86475b06676b28ce42a8ad80cd9d40fe3a7d9e8b0be
../bench-defs/sv-benchmarks/java/securibench/Datastructures3.yml	../bench-defs/sv-benchmarks/java/properties/valid-assert.prp	false	['../bench-defs/sv-benchmarks/java/common', '../bench-defs/sv-benchmarks/java/securibench/micro', '../bench-defs/sv-benchmarks/java/securibench/Datastructures3']	8fc5b584b32f72b7a5fe7f9fd7f7bdb205d79e8f1ccafe6d6b157a430b10b56d
../bench-defs/sv-benchmarks/java/securibench/Datastructures4.yml	../bench-defs/sv-benchmarks/java/properties/valid-assert.prp	true	['../bench-defs/sv-benchmarks/java/common', '../bench-defs/sv-benchmarks/java/securibench/micro', '../bench-defs/sv-benchmarks/java/securibench/Datastructures4']	7a7cc2ecdee535423817a5d5e8f85803022b387a5963bab10a9655316d60466b
../bench-defs/sv-benchmarks/java/securibench/Datastructures5.yml	../bench-defs/sv-benchmarks/java/properties/valid-assert.prp	false	['../bench-defs/sv-benchmarks/java/common', '../bench-defs/sv-benchmarks/java/securibench/micro', '../bench-defs/sv-benchmarks/java/securibench/Datastructures5']	586c31b9b98a952966525afdd82e9f411252205a9504b0e06006fd641120c625
../bench-defs/sv-benchmarks/java/securibench/Datastructures6.yml	../bench-defs/sv-benchmarks/java/properties/valid-assert.prp	false	['../bench-defs/sv-benchmarks/java/common', '../bench-defs/sv-benchmarks/java/securibench/micro', '../bench-defs/sv-benchmarks/java/securibench/Datastructures6']	3878366adda1a2b8c87e42a2e0e016dc52bd5d04f36281125a5456e20c3c313f
../bench-defs/sv-benchmarks/java/securibench/Factories1.yml	../bench-defs/sv-benchmarks/java/properties/valid-assert.prp	false	['../bench-defs/sv-benchmarks/java/common', '../bench-defs/sv-benchmarks/java/securibench/micro', '../bench-defs/sv-benchmarks/java/securibench/Factories1']	d86f4f0522fce41f65d48e8c798a1f8b53c3b729d2c103609c0b3e3c4a628f5d
../bench-defs/sv-benchmarks/java/securibench/Factories2.yml	../bench-defs/sv-benchmarks/java/properties/valid-assert.prp	false	['../bench-defs/sv-benchmarks/java/common', '../bench-defs/sv-benchmarks/java/securibench/micro', '../bench-defs/sv-benchmarks/java/securibench/Factories2']	642f5ecaf4161fdd0c83cf2a01269976c4c02567e0d7ec5a5e344e62f6e6bbfa
../bench-defs/sv-benchmarks/java/securibench/Factories3.yml	../bench-defs/sv-benchmarks/java/properties/valid-assert.prp	false	['../bench-defs/sv-benchmarks/java/common', '../bench-defs/sv-benchmarks/java/securibench/micro', '../bench-defs/sv-benchmarks/java/securibench/Factories3']	aa5980440a3cab23ec3450172b6b20b116dbc6fa5bd0ec5c0d9d1757bee1e03e
../bench-defs/sv-benchmarks/java/securibench/Inter1.yml	../bench-defs/sv-benchmarks/java/properties/valid-assert.prp	false	['../bench-defs/sv-benchmarks/java/common', '../bench-defs/sv-benchmarks/java/securibench/micro', '../bench-defs/sv-benchmarks/java/securibench/Inter1']	0e93d5a5782f517077563b22998695db5418b11d22a3f01db16202b697630555
../bench-defs/sv-benchmarks/java/securibench/Inter10.yml	../bench-defs/sv-benchmarks/java/properties/valid-assert.prp	false	['../bench-defs/sv-benchmarks/java/common', '../bench-defs/sv-benchmarks/java/securibench/micro', '../bench-defs/sv-benchmarks/java/securibench/Inter10']	df6c94fa40b919f987948103f727606f4b321e0880c8d66472549a627c44e782
../bench-defs/sv-benchmarks/java/securibench/Inter11.yml	../bench-defs/sv-benchmarks/java/properties/valid-assert.prp	false	['../bench-defs/sv-benchmarks/java/common', '../bench-defs/sv-benchmarks/java/securibench/micro', '../bench-defs/sv-benchmarks/java/securibench/Inter11']	45703aa4381ebc4cb97b6d66d68ab6db9a95771de2bf3781c466212557c19208
../bench-defs/sv-benchmarks/java/securibench/Inter12.yml	../bench-defs/sv-benchmarks/java/properties/valid-assert.prp	false	['../bench-defs/sv-benchmarks/java/common', '../bench-defs/sv-benchmarks/java/securibench/micro', '../bench-defs/sv-benchmarks/java/securibench/Inter12']	d7ffb272a8724c1d094f08d0f59bb367d2b629c9cc2c7c872c08e8c30f16a1fd
../bench-defs/sv-benchmarks/java/securibench/Inter13.yml	../bench-defs/sv-benchmarks/java/properties/valid-assert.prp	false	['../bench-defs/sv-benchmarks/java/common', '../bench-defs/sv-benchmarks/java/securibench/micro', '../bench-defs/sv-benchmarks/java/securibench/Inter13']	8fb639cc86083c3a594813b4ab1301459498a34c4cf4a4165e28dc1773bd7df0
../bench-defs/sv-benchmarks/java/securibench/Inter14.yml	../bench-defs/sv-benchmarks/java/properties/valid-assert.prp	false	['../bench-defs/sv-benchmarks/java/common', '../bench-defs/sv-benchmarks/java/securibench/micro', '../bench-defs/sv-benchmarks/java/securibench/Inter14']	feeb8c70f36083b7fd86ae11d8889c21b2412bfe3dae62659bf239523a0c31b2
../bench-defs/sv-benchmarks/java/securibench/Inter2.yml	../bench-defs/sv-benchmarks/java/properties/valid-assert.prp	false	['../bench-defs/sv-benchmarks/java/common', '../bench-defs/sv-benchmarks/java/securibench/micro', '../bench-defs/sv-benchmarks/java/securibench/Inter2']	9ed77dab8fe2a8ea5be1018d226c8d75f8dca0d57ad2f8ac697b1a3cfc6ae091
../bench-defs/sv-benchmarks/java/securibench/Inter3.yml	../bench-defs/sv-benchmarks/java/properties/valid-assert.prp	false	['../bench-defs/sv-benchmarks/java/common', '../bench-defs/sv-benchmarks/java/securibench/micro', '../bench-defs/sv-benchmarks/java/securibench/Inter3']	d03270c00fdd3604384dc415dec0e52f4c8af3fdace94c69752058d260de9f50
../bench-defs/sv-benchmarks/java/securibench/Inter4.yml	../bench-defs/sv-benchmarks/java/properties/valid-assert.prp	false	['../bench-defs/sv-benchmarks/java/common', '../bench-defs/sv-benchmarks/java/securibench/micro', '../bench-defs/sv-benchmarks/java/securibench/Inter4']	8b71bcb1e1f77838947564cef25b361a7675cc330f9d2c692a6d101b7997b8ef
../bench-defs/sv-benchmarks/java/securibench/Inter5.yml	../bench-defs/sv-benchmarks/java/properties/valid-assert.prp	false	['../bench-defs/sv-benchmarks/java/common', '../bench-defs/sv-benchmarks/java/securibench/micro', '../bench-defs/sv-benchmarks/java/securibench/Inter5']	803502fa18c1e31343ca5f397640b4bd254ab767d459dabeb0a060e5cbf4a410
../bench-defs/sv-benchmarks/java/securibench/Inter6.yml	../bench-defs/sv-benchmarks/java/properties/valid-assert.prp	false	['../bench-defs/sv-benchmarks/java/common', '../bench-defs/sv-benchmarks/java/securibench/micro', '../bench-defs/sv-benchmarks/java/securibench/Inter6']	218a4a257b462cc8a849e5f6fe54db0a106414d98726843be7275220ee767207
../bench-defs/sv-benchmarks/java/securibench/Inter7.yml	../bench-defs/sv-benchmarks/java/properties/valid-assert.prp	false	['../bench-defs/sv-benchmarks/java/common', '../bench-defs/sv-benchmarks/java/securibench/micro', '../bench-defs/sv-benchmarks/java/securibench/Inter7']	4d501dff38f8547c44dcd8d42304378f67f01ce46298f7eca740dd46c6058878
../bench-defs/sv-benchmarks/java/securibench/Inter8.yml	../bench-defs/sv-benchmarks/java/properties/valid-assert.prp	false	['../bench-defs/sv-benchmarks/java/common', '../bench-defs/sv-benchmarks/java/securibench/micro', '../bench-defs/sv-benchmarks/java/securibench/Inter8']	726a09acb83310bd418156fe89aa307aca729e1de2f7ec5f3ae7601face1c689
../bench-defs/sv-benchmarks/java/securibench/Inter9.yml	../bench-defs/sv-benchmarks/java/properties/valid-assert.prp	false	['../bench-defs/sv-benchmarks/java/common', '../bench-defs/sv-benchmarks/java/securibench/micro', '../bench-defs/sv-benchmarks/java/securibench/Inter9']	aed4b2a3bed519abd9f9bf63a1c5394f82bb77ba8ad4def4c0023a8bd9f103dc
../bench-defs/sv-benchmarks/java/securibench/Pred1.yml	../bench-defs/sv-benchmarks/java/properties/valid-assert.prp	true	['../bench-defs/sv-benchmarks/java/common', '../bench-defs/sv-benchmarks/java/securibench/micro', '../bench-defs/sv-benchmarks/java/securibench/Pred1']	405534195fae537c6de55ce1bd18e988619006382658842cb5b035991417cdd1
../bench-defs/sv-benchmarks/java/securibench/Pred2.yml	../bench-defs/sv-benchmarks/java/properties/valid-assert.prp	false	['../bench-defs/sv-benchmarks/java/common', '../bench-defs/sv-benchmarks/java/securibench/micro', '../bench-defs/sv-benchmarks/java/securibench/Pred2']	2e314432c4210d0fbe26374d0e45397a38189541a986437349a87febae3685c9
../bench-defs/sv-benchmarks/java/securibench/Pred3.yml	../bench-defs/sv-benchmarks/java/properties/valid-assert.prp	true	['../bench-defs/sv-benchmarks/java/common', '../bench-defs/sv-benchmarks/java/securibench/micro', '../bench-defs/sv-benchmarks/java/securibench/Pred3']	46453fa7261065c0af50f3f4dfa49d13ccc8d90486091539dcbc270e28cb3bd7
../bench-defs/sv-benchmarks/java/securibench/Pred4.yml	../bench-defs/sv-benchmarks/java/properties/valid-assert.prp	false	['../bench-defs/sv-benchmarks/java/common', '../bench-defs/sv-benchmarks/java/securibench/micro', '../bench-defs/sv-benchmarks/java/securibench/Pred4']	88c54d9e5e8b0579d4bbb4b09268b90810c44d3dfe3d8d5e2afe3357903005e7
../bench-defs/sv-benchmarks/java/securibench/Pred5.yml	../bench-defs/sv-benchmarks/java/properties/valid-assert.prp	false	['../bench-defs/sv-benchmarks/java/common', '../bench-defs/sv-benchmarks/java/securibench/micro', '../bench-defs/sv-benchmarks/java/securibench/Pred5']	e6ca7aa8de8dc7a393e5c491cca9b4da7557b2a8a9f543a1c7306b777ae4bf5f
../bench-defs/sv-benchmarks/java/securibench/Pred6.yml	../bench-defs/sv-benchmarks/java/properties/valid-assert.prp	true	['../bench-defs/sv-benchmarks/java/common', '../bench-defs/sv-benchmarks/java/securibench/micro', '../bench-defs/sv-benchmarks/java/securibench/Pred6']	d43fff7173dbb48f79a6cdf49ea627a2fd8fbfdf746cc9ab0b49ef2c16914ab9
../bench-defs/sv-benchmarks/java/securibench/Pred7.yml	../bench-defs/sv-benchmarks/java/properties/valid-assert.prp	true	['../bench-defs/sv-benchmarks/java/common', '../bench-defs/sv-benchmarks/java/securibench/micro', '../bench-defs/sv-benchmarks/java/securibench/Pred7']	4edab2b31598ff9ad29df38c599b7109ed96c9ef4508210744a2b553d3827aed
../bench-defs/sv-benchmarks/java/securibench/Pred8.yml	../bench-defs/sv-benchmarks/java/properties/valid-assert.prp	false	['../bench-defs/sv-benchmarks/java/common', '../bench-defs/sv-benchmarks/java/securibench/micro', '../bench-defs/sv-benchmarks/java/securibench/Pred8']	a979fe69ba6cdd515a559c12594a123b37931b63df6813b3a2448e1737c798ee
../bench-defs/sv-benchmarks/java/securibench/Pred9.yml	../bench-defs/sv-benchmarks/java/properties/valid-assert.prp	true	['../bench-defs/sv-benchmarks/java/common', '../bench-defs/sv-benchmarks/java/securibench/micro', '../bench-defs/sv-benchmarks/java/securibench/Pred9']	2dcfa3e4668dfc8ca1e72fb8c28405f3ef39fcb6618fe78adaed96863e306ca4
../bench-defs/sv-benchmarks/java/securibench/Refl1.yml	../bench-defs/sv-benchmarks/java/properties/valid-assert.prp	false	['../bench-defs/sv-benchmarks/java/common', '../bench-defs/sv-benchmarks/java/securibench/micro', '../bench-defs/sv-benchmarks/java/securibench/Refl1']	cd002e9793cd2f429e667548afa0dc76fd4c6eb8fb938c3acc09327a5db9e087
../bench-defs/sv-benchmarks/java/securibench/Refl2.yml	../bench-defs/sv-benchmarks/java/properties/valid-assert.prp	false	['../bench-defs/sv-benchmarks/java/common', '../bench-defs/sv-benchmarks/java/securibench/micro', '../bench-defs/sv-benchmarks/java/securibench/Refl2']	b3a8cfeaa4a50a79c2c10349e7d03f5af8e2498d7f517af1ead96204700867bf
../bench-defs/sv-benchmarks/java/securibench/Refl3.yml	../bench-defs/sv-benchmarks/java/properties/valid-assert.prp	false	['../bench-defs/sv-benchmarks/java/common', '../bench-defs/sv-benchmarks/java/securibench/micro', '../bench-defs/sv-benchmarks/java/securibench/Refl3']	cfec346a70f27cab8bbb8d686d0600f60225baf6faba98ad184c61b025943d57
../bench-defs/sv-benchmarks/java/securibench/Refl4.yml	../bench-defs/sv-benchmarks/java/properties/valid-assert.prp	false	['../bench-defs/sv-benchmarks/java/common', '../bench-defs/sv-benchmarks/java/securibench/micro', '../bench-defs/sv-benchmarks/java/securibench/Refl4']	7a8f2d144c7f04ccb9de15ba156288f0f5b7457afe7e712a0d10dc316b2bb955
../bench-defs/sv-benchmarks/java/securibench/Sanitizers1.yml	../bench-defs/sv-benchmarks/java/properties/valid-assert.prp	false	['../bench-defs/sv-benchmarks/java/common', '../bench-defs/sv-benchmarks/java/securibench/micro', '../bench-defs/sv-benchmarks/java/securibench/Sanitizers1']	794683ef15d5a3febd84ed0ba051785d86411f3fa903f765d897d44992afbb33
../bench-defs/sv-benchmarks/java/securibench/Sanitizers2.yml	../bench-defs/sv-benchmarks/java/properties/valid-assert.prp	true	['../bench-defs/sv-benchmarks/java/common', '../bench-defs/sv-benchmarks/java/securibench/micro', '../bench-defs/sv-benchmarks/java/securibench/Sanitizers2']	784c28d317176150b52b14975604209da437319c0f19f4d9a455cf17d972e181
../bench-defs/sv-benchmarks/java/securibench/Sanitizers3.yml	../bench-defs/sv-benchmarks/java/properties/valid-assert.prp	true	['../bench-defs/sv-benchmarks/java/common', '../bench-defs/sv-benchmarks/java/securibench/micro', '../bench-defs/sv-benchmarks/java/securibench/Sanitizers3']	13a82b9e96ed4b486b8b0a6dd47cdc27fdc878739a51cad6ebe76f6073192729
../bench-defs/sv-benchmarks/java/securibench/Sanitizers4.yml	../bench-defs/sv-benchmarks/java/properties/valid-assert.prp	false	['../bench-defs/sv-benchmarks/java/common', '../bench-defs/sv-benchmarks/java/securibench/micro', '../bench-defs/sv-benchmarks/java/securibench/Sanitizers4']	053d082cd3c781c74134bd5c513fc22e7fd8237d75eb4384115fdae973dc1fd3
../bench-defs/sv-benchmarks/java/securibench/Sanitizers5.yml	../bench-defs/sv-benchmarks/java/properties/valid-assert.prp	false	['../bench-defs/sv-benchmarks/java/common', '../bench-defs/sv-benchmarks/java/securibench/micro', '../bench-defs/sv-benchmarks/java/securibench/Sanitizers5']	a7ef60c878990ee1a2568289c0b91a917cee7fb944f15bbf5aac98b60be2836c
../bench-defs/sv-benchmarks/java/securibench/Sanitizers6.yml	../bench-defs/sv-benchmarks/java/properties/valid-assert.prp	true	['../bench-defs/sv-benchmarks/java/common', '../bench-defs/sv-benchmarks/java/securibench/micro', '../bench-defs/sv-benchmarks/java/securibench/Sanitizers6']	e11a3e840d3b301b9dfe80404d6ca9705a7a90ca7f21690852ac0873c6187ed4
../bench-defs/sv-benchmarks/java/securibench/Session1.yml	../bench-defs/sv-benchmarks/java/properties/valid-assert.prp	false	['../bench-defs/sv-benchmarks/java/common', '../bench-defs/sv-benchmarks/java/securibench/micro', '../bench-defs/sv-benchmarks/java/securibench/Session1']	5b3bd2ab5c69e1512b03c1871c51e13dcf88d79708bd1c23169ba68fd4ae5579
../bench-defs/sv-benchmarks/java/securibench/Session2.yml	../bench-defs/sv-benchmarks/java/properties/valid-assert.prp	false	['../bench-defs/sv-benchmarks/java/common', '../bench-defs/sv-benchmarks/java/securibench/micro', '../bench-defs/sv-benchmarks/java/securibench/Session2']	07e2a0d6315864912b02e284038dd6800072db849bf4004c3a7e40dd91054c66
../bench-defs/sv-benchmarks/java/securibench/Session3.yml	../bench-defs/sv-benchmarks/java/properties/valid-assert.prp	false	['../bench-defs/sv-benchmarks/java/common', '../bench-defs/sv-benchmarks/java/securibench/micro', '../bench-defs/sv-benchmarks/java/securibench/Session3']	7472d6d4fee2e66ceb0138347911db14582680bf269bce85793818ba8ee21d87
../bench-defs/sv-benchmarks/java/securibench/StrongUpdates1.yml	../bench-defs/sv-benchmarks/java/properties/valid-assert.prp	true	['../bench-defs/sv-benchmarks/java/common', '../bench-defs/sv-benchmarks/java/securibench/micro', '../bench-defs/sv-benchmarks/java/securibench/StrongUpdates1']	cdb5c0050b8be98e502c887e8285e97481b94d2bda0bf1dbbef4f361772ff000
../bench-defs/sv-benchmarks/java/securibench/StrongUpdates2.yml	../bench-defs/sv-benchmarks/java/properties/valid-assert.prp	true	['../bench-defs/sv-benchmarks/java/common', '../bench-defs/sv-benchmarks/java/securibench/micro', '../bench-defs/sv-benchmarks/java/securibench/StrongUpdates2']	e90604f9184b84360ebac3cfb3599402345b4daa3f08e14f8a46fd79e8ae94a1
../bench-defs/sv-benchmarks/java/securibench/StrongUpdates3.yml	../bench-defs/sv-benchmarks/java/properties/valid-assert.prp	true	['../bench-defs/sv-benchmarks/java/common', '../bench-defs/sv-benchmarks/java/securibench/micro', '../bench-defs/sv-benchmarks/java/securibench/StrongUpdates3']	061f0ffeccfd4ba316362e240538cf41176996938241a1cc5bdcbaa293d4916e
../bench-defs/sv-benchmarks/java/securibench/StrongUpdates4.yml	../bench-defs/sv-benchmarks/java/properties/valid-assert.prp	true	['../bench-defs/sv-benchmarks/java/common', '../bench-defs/sv-benchmarks/java/securibench/micro', '../bench-defs/sv-benchmarks/java/securibench/StrongUpdates4']	4ed93c5905ce4f5f79090eb814e4c5d73d0a11b19d27e505754c1f76f682bea8
../bench-defs/sv-benchmarks/java/securibench/StrongUpdates5.yml	../bench-defs/sv-benchmarks/java/properties/valid-assert.prp	true	['../bench-defs/sv-benchmarks/java/common', '../bench-defs/sv-benchmarks/java/securibench/micro', '../bench-defs/sv-benchmarks/java/securibench/StrongUpdates5']	638d308465db26a206c42191933ba49c3474a9428c9a19fb324e2ec68696b0b9
../bench-defs/sv-benchmarks/java/float_unboundedloop/Adjustable-Inner-Count-Halving.yml	../bench-defs/sv-benchmarks/java/properties/valid-assert.prp	true	['../bench-defs/sv-benchmarks/java/common', '../bench-defs/sv-benchmarks/java/float_unboundedloop/Adjustable-Inner-Count-Halving']	57b7ab25fb3b927de34c9708fb03f919a4551f9a8d0e403b23a79cd3f688a8ec
../bench-defs/sv-benchmarks/java/float_unboundedloop/Alternating-Step-Schedule.yml	../bench-defs/sv-benchmarks/java/properties/valid-assert.prp	true	['../bench-defs/sv-benchmarks/java/common', '../bench-defs/sv-benchmarks/java/float_unboundedloop/Alternating-Step-Schedule']	2c142f1e3eba0a604cbec862285064c19e8d3ed33e06303fba89a1dbd9c93622
../bench-defs/sv-benchmarks/java/float_unboundedloop/Batch-Conveyor-Counter.yml	../bench-defs/sv-benchmarks/java/properties/valid-assert.prp	true	['../bench-defs/sv-benchmarks/java/common', '../bench-defs/sv-benchmarks/java/float_unboundedloop/Batch-Conveyor-Counter']	0aaf7c4e46b61fbb3aeffcb58e9fb551fa8a0497b45636ee429ae656d3d55eec
../bench-defs/sv-benchmarks/java/float_unboundedloop/Bounded-Proportional-Update.yml	../bench-defs/sv-benchmarks/java/properties/valid-assert.prp	true	['../bench-defs/sv-benchmarks/java/common', '../bench-defs/sv-benchmarks/java/float_unboundedloop/Bounded-Proportional-Update']	4bce8a5ac37f6f31b54322385c370a5edddacb30be9203553e3df84b038ce1ae
../bench-defs/sv-benchmarks/java/float_unboundedloop/Bounded-Reset-Linear-Growth.yml	../bench-defs/sv-benchmarks/java/properties/valid-assert.prp	true	['../bench-defs/sv-benchmarks/java/common', '../bench-defs/sv-benchmarks/java/float_unboundedloop/Bounded-Reset-Linear-Growth']	054cd5eb2af313c7c12348194e4fc24e60d2dd547ae47cf3e105402cfdac53d1
../bench-defs/sv-benchmarks/java/float_unboundedloop/Clamped-Triangular-Drift.yml	../bench-defs/sv-benchmarks/java/properties/valid-assert.prp	true	['../bench-defs/sv-benchmarks/java/common', '../bench-defs/sv-benchmarks/java/float_unboundedloop/Clamped-Triangular-Drift']	233bf2e44871b56eefdd3e5828dbd20d6f931259faee0694937c502123684540
../bench-defs/sv-benchmarks/java/float_unboundedloop/Cyclic-Preset-Inner-ABC.yml	../bench-defs/sv-benchmarks/java/properties/valid-assert.prp	true	['../bench-defs/sv-benchmarks/java/common', '../bench-defs/sv-benchmarks/java/float_unboundedloop/Cyclic-Preset-Inner-ABC']	8fd778238d9bef4cf089de8a41b5a5df7c3d5f951e40da1488c691e210e2d345
../bench-defs/sv-benchmarks/java/float_unboundedloop/Fixed-Block-Accumulator.yml	../bench-defs/sv-benchmarks/java/properties/valid-assert.prp	true	['../bench-defs/sv-benchmarks/java/common', '../bench-defs/sv-benchmarks/java/float_unboundedloop/Fixed-Block-Accumulator']	81ecacf2d280e81faa0ae3aaa4648bc4cc10d94b18843affd9ce43cc578a0672
../bench-defs/sv-benchmarks/java/float_unboundedloop/Hysteresis-On-Off-with-Deadband.yml	../bench-defs/sv-benchmarks/java/properties/valid-assert.prp	true	['../bench-defs/sv-benchmarks/java/common', '../bench-defs/sv-benchmarks/java/float_unboundedloop/Hysteresis-On-Off-with-Deadband']	ec17864fcfde893c58c53b6320dc16f0c26380aad76540ef1adc7545d75cbdcc
../bench-defs/sv-benchmarks/java/float_unboundedloop/Inner-Retry-Until-OK.yml	../bench-defs/sv-benchmarks/java/properties/valid-assert.prp	true	['../bench-defs/sv-benchmarks/java/common', '../bench-defs/sv-benchmarks/java/float_unboundedloop/Inner-Retry-Until-OK']	9b0015c9943977be79c9fb25062196d148663fc189501a274fe3ef8cada48243
../bench-defs/sv-benchmarks/java/float_unboundedloop/Leak-and-Refill.yml	../bench-defs/sv-benchmarks/java/properties/valid-assert.prp	true	['../bench-defs/sv-benchmarks/java/common', '../bench-defs/sv-benchmarks/java/float_unboundedloop/Leak-and-Refill']	3ff49fbc563f0c2dfab69788a697fbb01f41b8257d180bc64d4a55f311a85da3
../bench-defs/sv-benchmarks/java/float_unboundedloop/Mixed-Phase-AddHalve-with-Slack-Box.yml	../bench-defs/sv-benchmarks/java/properties/valid-assert.prp	true	['../bench-defs/sv-benchmarks/java/common', '../bench-defs/sv-benchmarks/java/float_unboundedloop/Mixed-Phase-AddHalve-with-Slack-Box']	bf20abcb70e36550f47050306a64242126e3fa1c0a7517435209a7b27ed32e37
../bench-defs/sv-benchmarks/java/float_unboundedloop/Nested-Drain-Then-Step.yml	../bench-defs/sv-benchmarks/java/properties/valid-assert.prp	true	['../bench-defs/sv-benchmarks/java/common', '../bench-defs/sv-benchmarks/java/float_unboundedloop/Nested-Drain-Then-Step']	ae0ca68e22029867afa511a23f2dca0d03c6337634462e9365afe818555a85bc
../bench-defs/sv-benchmarks/java/float_unboundedloop/Nested-MinStep-Regulator.yml	../bench-defs/sv-benchmarks/java/properties/valid-assert.prp	true	['../bench-defs/sv-benchmarks/java/common', '../bench-defs/sv-benchmarks/java/float_unboundedloop/Nested-MinStep-Regulator']	90e0e8cc84f13c4ff1ff9b5f68821911f1cf3b73a77b73b4096107e270ef6f2f
../bench-defs/sv-benchmarks/java/float_unboundedloop/Nested-PingPong-with-Caps.yml	../bench-defs/sv-benchmarks/java/properties/valid-assert.prp	true	['../bench-defs/sv-benchmarks/java/common', '../bench-defs/sv-benchmarks/java/float_unboundedloop/Nested-PingPong-with-Caps']	f41e2566d5bfbbd0eddca52419c9037e89f3d6c784faf3c8630fa276d86c9848
../bench-defs/sv-benchmarks/java/float_unboundedloop/Nested-Saturation-Then-Reset.yml	../bench-defs/sv-benchmarks/java/properties/valid-assert.prp	true	['../bench-defs/sv-benchmarks/java/common', '../bench-defs/sv-benchmarks/java/float_unboundedloop/Nested-Saturation-Then-Reset']	0f80a76aa3ec95bb2c2d030954b80a4081fd2d67b3bdba739c3d4cdc23ed185b
../bench-defs/sv-benchmarks/java/float_unboundedloop/Nested-Windowed-Add-Remove.yml	../bench-defs/sv-benchmarks/java/properties/valid-assert.prp	true	['../bench-defs/sv-benchmarks/java/common', '../bench-defs/sv-benchmarks/java/float_unboundedloop/Nested-Windowed-Add-Remove']	5716b6abd9b598e79657f159f576a2dcf05602de4cc40d90f9f2b4a233697253
../bench-defs/sv-benchmarks/java/float_unboundedloop/Producer-Consumer-Level.yml	../bench-defs/sv-benchmarks/java/properties/valid-assert.prp	true	['../bench-defs/sv-benchmarks/java/common', '../bench-defs/sv-benchmarks/java/float_unboundedloop/Producer-Consumer-Level']	9bd32127603d4b3dda0c56e9d354c2b381ff21b494d9123feb4df8c0e96bc677
../bench-defs/sv-benchmarks/java/float_unboundedloop/Ramp-and-Hold.yml	../bench-defs/sv-benchmarks/java/properties/valid-assert.prp	true	['../bench-defs/sv-benchmarks/java/common', '../bench-defs/sv-benchmarks/java/float_unboundedloop/Ramp-and-Hold']	49b89f117998a60d3b5a783f331b7a2d6a7cd92fa14e50de3e7f9de184b773fe
../bench-defs/sv-benchmarks/java/float_unboundedloop/Safe-Accumulator-with-Bounded-Noise.yml	../bench-defs/sv-benchmarks/java/properties/valid-assert.prp	true	['../bench-defs/sv-benchmarks/java/common', '../bench-defs/sv-benchmarks/java/float_unboundedloop/Safe-Accumulator-with-Bounded-Noise']	a016fb9e3eb93155958a2bd10eb65f913a72018b5b69711451c8914520c94dd3
../bench-defs/sv-benchmarks/java/float_unboundedloop/Saturating-Integrator.yml	../bench-defs/sv-benchmarks/java/properties/valid-assert.prp	true	['../bench-defs/sv-benchmarks/java/common', '../bench-defs/sv-benchmarks/java/float_unboundedloop/Saturating-Integrator']	3acbfcf1b1ddcb5ed3b61089ad8e055ff7bf6028d4ce4a846284bf43218c5b9f
../bench-defs/sv-benchmarks/java/float_unboundedloop/Slew-Rate-Limiter.yml	../bench-defs/sv-benchmarks/java/properties/valid-assert.prp	true	['../bench-defs/sv-benchmarks/java/common', '../bench-defs/sv-benchmarks/java/float_unboundedloop/Slew-Rate-Limiter']	fc51764c746de694c3cf8cf297ff346917d1cc233c5f00c46e90822134b309d0
../bench-defs/sv-benchmarks/java/float_unboundedloop/Switched-Linear-Plant.yml	../bench-defs/sv-benchmarks/java/properties/valid-assert.prp	true	['../bench-defs/sv-benchmarks/java/common', '../bench-defs/sv-benchmarks/java/float_unboundedloop/Switched-Linear-Plant']	0b58b235cc0a85a4f1318b887eb61aa1a9d7e1fa9a3e88d1cd739bc0f6c3cb65
../bench-defs/sv-benchmarks/java/float_unboundedloop/Two-Band-Piecewise-Linear-Oscillator.yml	../bench-defs/sv-benchmarks/java/properties/valid-assert.prp	true	['../bench-defs/sv-benchmarks/java/common', '../bench-defs/sv-benchmarks/java/float_unboundedloop/Two-Band-Piecewise-Linear-Oscillator']	463967a4200883202aedf7c5bd7f9a2d697a2b84fb2d29e3762ce0eda1d6449d
../bench-defs/sv-benchmarks/java/float_unboundedloop/Two-Counter-Lexicographic-Small.yml	../bench-defs/sv-benchmarks/java/properties/valid-assert.prp	true	['../bench-defs/sv-benchmarks/java/common', '../bench-defs/sv-benchmarks/java/float_unboundedloop/Two-Counter-Lexicographic-Small']	5476e5b4dcae98f5667eecd9f7820b523c9522407116ca3df0bb92fdd208ae16
../bench-defs/sv-benchmarks/java/float_unboundedloop/Two-Level-Nested-Scheduler.yml	../bench-defs/sv-benchmarks/java/properties/valid-assert.prp	true	['../bench-defs/sv-benchmarks/java/common', '../bench-defs/sv-benchmarks/java/float_unboundedloop/Two-Level-Nested-Scheduler']	2444573e1cb33978c982b30350197b185a91a85a9c98c1b7be62e0cc72a15229
../bench-defs/sv-benchmarks/java/float_unboundedloop/Two-State-FP-Oscillator.yml	../bench-defs/sv-benchmarks/java/properties/valid-assert.prp	true	['../bench-defs/sv-benchmarks/java/common', '../bench-defs/sv-benchmarks/java/float_unboundedloop/Two-State-FP-Oscillator']	cefbe342d993dca2822fcd0225f087ff54d3dbd3ac784d82edc3dfe9749793a0
../bench-defs/sv-benchmarks/java/float_unboundedloop/Two-Var-Nested-Handshake.yml	../bench-defs/sv-benchmarks/java/properties/valid-assert.prp	true	['../bench-defs/sv-benchmarks/java/common', '../bench-defs/sv-benchmarks/java/float_unboundedloop/Two-Var-Nested-Handshake']	32f7c72216adb1a675a3c22c14464a366ac40f65a67682d486cb36eafe2e1a30
../bench-defs/sv-benchmarks/java/float_unboundedloop/Two-Variable_Averaging_Filter.yml	../bench-defs/sv-benchmarks/java/properties/valid-assert.prp	true	['../bench-defs/sv-benchmarks/java/common', '../bench-defs/sv-benchmarks/java/float_unboundedloop/Two-Variable_Averaging_Filter']	c63093a2a13a42f062b31ee3a97baac509ea4f1a7df39d3a71fbaeceff093c4a
../bench-defs/sv-benchmarks/java/float_unboundedloop/Unbounded-Outer-Inner-Safety-Gate.yml	../bench-defs/sv-benchmarks/java/properties/valid-assert.prp	true	['../bench-defs/sv-benchmarks/java/common', '../bench-defs/sv-benchmarks/java/float_unboundedloop/Unbounded-Outer-Inner-Safety-Gate']	6d7fd011c35450e0b72799af324e3b9a3500a87ba3b2d2055f76ac5a5752a411
../bench-defs/sv-benchmarks/java/float-nonlinear-calculation/Bessel.yml	../bench-defs/sv-benchmarks/java/properties/valid-assert.prp	true	['../bench-defs/sv-benchmarks/java/common', '../bench-defs/sv-benchmarks/java/float-nonlinear-calculation/Bessel']	acc73469478d34e1b681e6cd73e00fa6ecb4515f46ee930ad564faebc5786c53
../bench-defs/sv-benchmarks/java/float-nonlinear-calculation/Conflict.yml	../bench-defs/sv-benchmarks/java/properties/valid-assert.prp	true	['../bench-defs/sv-benchmarks/java/common', '../bench-defs/sv-benchmarks/java/float-nonlinear-calculation/Conflict']	374dad5d863e1ebba42c1105e97964515c713603e71f34bcde4e6f13c6e8948a
../bench-defs/sv-benchmarks/java/float-nonlinear-calculation/EulerMethod.yml	../bench-defs/sv-benchmarks/java/properties/valid-assert.prp	false	['../bench-defs/sv-benchmarks/java/common', '../bench-defs/sv-benchmarks/java/float-nonlinear-calculation/EulerMethod']	a67bd1f7e673103adf1cebae939430737b0cb037f377ba7bfc9fd30ce430c393
../bench-defs/sv-benchmarks/java/float-nonlinear-calculation/MathSin.yml	../bench-defs/sv-benchmarks/java/properties/valid-assert.prp	false	['../bench-defs/sv-benchmarks/java/common', '../bench-defs/sv-benchmarks/java/float-nonlinear-calculation/MathSin', '../bench-defs/sv-benchmarks/java/float-nonlinear-calculation/common']	29fba49e88905d3e9deee5900084953f7530177e855d524d17ee2af7a9dfcdb3
../bench-defs/sv-benchmarks/java/float-nonlinear-calculation/Optimization1.yml	../bench-defs/sv-benchmarks/java/properties/valid-assert.prp	false	['../bench-defs/sv-benchmarks/java/common', '../bench-defs/sv-benchmarks/java/float-nonlinear-calculation/Optimization1', '../bench-defs/sv-benchmarks/java/float-nonlinear-calculation/common']	4ced4bdd00823b3453f917ab1b488c475db2b2353975f7ea8507174379e6ec79
../bench-defs/sv-benchmarks/java/float-nonlinear-calculation/Optimization2.yml	../bench-defs/sv-benchmarks/java/properties/valid-assert.prp	false	['../bench-defs/sv-benchmarks/java/common', '../bench-defs/sv-benchmarks/java/float-nonlinear-calculation/Optimization2', '../bench-defs/sv-benchmarks/java/float-nonlinear-calculation/common']	21e00c1ccf3c18a31a8d2b21d21fb1de7d0895a6a0926ee2a7a55a3993210ef9
../bench-defs/sv-benchmarks/java/float-nonlinear-calculation/Optimization3.yml	../bench-defs/sv-benchmarks/java/properties/valid-assert.prp	false	['../bench-defs/sv-benchmarks/java/common', '../bench-defs/sv-benchmarks/java/float-nonlinear-calculation/Optimization3', '../bench-defs/sv-benchmarks/java/float-nonlinear-calculation/common']	31988e04e2eaa1504125ca06a8f12e1441854814541b4726c437401457b641df
../bench-defs/sv-benchmarks/java/float-nonlinear-calculation/Optimization4.yml	../bench-defs/sv-benchmarks/java/properties/valid-assert.prp	false	['../bench-defs/sv-benchmarks/java/common', '../bench-defs/sv-benchmarks/java/float-nonlinear-calculation/Optimization4', '../bench-defs/sv-benchmarks/java/float-nonlinear-calculation/common']	bb4bf858a646230688ef8a9a9f7e0613685460a67b1550cb36ba665c4fd80e7e
../bench-defs/sv-benchmarks/java/float-nonlinear-calculation/Optimization5.yml	../bench-defs/sv-benchmarks/java/properties/valid-assert.prp	false	['../bench-defs/sv-benchmarks/java/common', '../bench-defs/sv-benchmarks/java/float-nonlinear-calculation/Optimization5', '../bench-defs/sv-benchmarks/java/float-nonlinear-calculation/common']	466ccb9c3f755ae5bbd226e1f454ea04810e88d55ebe8135121049918d2bb208
../bench-defs/sv-benchmarks/java/float-nonlinear-calculation/Optimization6.yml	../bench-defs/sv-benchmarks/java/properties/valid-assert.prp	false	['../bench-defs/sv-benchmarks/java/common', '../bench-defs/sv-benchmarks/java/float-nonlinear-calculation/Optimization6', '../bench-defs/sv-benchmarks/java/float-nonlinear-calculation/common']	f9cce46569217ef570035c9ff608f3efdffac4d52f0b91bc0369e1dc7be8c95f
../bench-defs/sv-benchmarks/java/float-nonlinear-calculation/PartitionEx.yml	../bench-defs/sv-benchmarks/java/properties/valid-assert.prp	true	['../bench-defs/sv-benchmarks/java/common', '../bench-defs/sv-benchmarks/java/float-nonlinear-calculation/PartitionEx']	79aa7f180a4342e16ca3695d9252bdb11561c4627069e43cac611a52547ed717
../bench-defs/sv-benchmarks/java/float-nonlinear-calculation/TurnLogic.yml	../bench-defs/sv-benchmarks/java/properties/valid-assert.prp	true	['../bench-defs/sv-benchmarks/java/common', '../bench-defs/sv-benchmarks/java/float-nonlinear-calculation/TurnLogic']	42d4680f9775ed2ff041218e9720d4aadc7a52520da95fdc2935e02fc9a50aa0
../bench-defs/sv-benchmarks/java/float-nonlinear-calculation/coral1.yml	../bench-defs/sv-benchmarks/java/properties/valid-assert.prp	false	['../bench-defs/sv-benchmarks/java/common', '../bench-defs/sv-benchmarks/java/float-nonlinear-calculation/coral1', '../bench-defs/sv-benchmarks/java/float-nonlinear-calculation/common']	0aad07fc9874fc952119dc8c7bb7aacfe9d641c7e75b92c20046a29c73e963a3
../bench-defs/sv-benchmarks/java/float-nonlinear-calculation/coral10.yml	../bench-defs/sv-benchmarks/java/properties/valid-assert.prp	false	['../bench-defs/sv-benchmarks/java/common', '../bench-defs/sv-benchmarks/java/float-nonlinear-calculation/coral10', '../bench-defs/sv-benchmarks/java/float-nonlinear-calculation/common']	87ad0bdabaccb8d2e0972ef6cece20046b6db4b91fc590f7c907f82bac73743f
../bench-defs/sv-benchmarks/java/float-nonlinear-calculation/coral11.yml	../bench-defs/sv-benchmarks/java/properties/valid-assert.prp	false	['../bench-defs/sv-benchmarks/java/common', '../bench-defs/sv-benchmarks/java/float-nonlinear-calculation/coral11', '../bench-defs/sv-benchmarks/java/float-nonlinear-calculation/common']	bb69c24c5e719de1d05be268c13a97257da6b8137bcb6b963487834f262def93
../bench-defs/sv-benchmarks/java/float-nonlinear-calculation/coral12.yml	../bench-defs/sv-benchmarks/java/properties/valid-assert.prp	false	['../bench-defs/sv-benchmarks/java/common', '../bench-defs/sv-benchmarks/java/float-nonlinear-calculation/coral12', '../bench-defs/sv-benchmarks/java/float-nonlinear-calculation/common']	7d86449848ac5c79be6e886da59afa43a6b3c5e415ee60c547e1f64d3fd53878
../bench-defs/sv-benchmarks/java/float-nonlinear-calculation/coral13.yml	../bench-defs/sv-benchmarks/java/properties/valid-assert.prp	false	['../bench-defs/sv-benchmarks/java/common', '../bench-defs/sv-benchmarks/java/float-nonlinear-calculation/coral13', '../bench-defs/sv-benchmarks/java/float-nonlinear-calculation/common']	4f4e34d36482a2cbca4f177c86221a4e6e570e02f363bd1f892ce6c7e102ddc4
../bench-defs/sv-benchmarks/java/float-nonlinear-calculation/coral14.yml	../bench-defs/sv-benchmarks/java/properties/valid-assert.prp	false	['../bench-defs/sv-benchmarks/java/common', '../bench-defs/sv-benchmarks/java/float-nonlinear-calculation/coral14', '../bench-defs/sv-benchmarks/java/float-nonlinear-calculation/common']	aad592e402c1218c24282ba2dfaee28ddbb6ea0323600b5e387ce7bc45d5ac01
../bench-defs/sv-benchmarks/java/float-nonlinear-calculation/coral15.yml	../bench-defs/sv-benchmarks/java/properties/valid-assert.prp	false	['../bench-defs/sv-benchmarks/java/common', '../bench-defs/sv-benchmarks/java/float-nonlinear-calculation/coral15', '../bench-defs/sv-benchmarks/java/float-nonlinear-calculation/common']	75b0ba6eaa3e802a5bbc340011bc0f9263b02668779ab18c832d80d58a66decd
../bench-defs/sv-benchmarks/java/float-nonlinear-calculation/coral16.yml	../bench-defs/sv-benchmarks/java/properties/valid-assert.prp	false	['../bench-defs/sv-benchmarks/java/common', '../bench-defs/sv-benchmarks/java/float-nonlinear-calculation/coral16', '../bench-defs/sv-benchmarks/java/float-nonlinear-calculation/common']	a24c5fca3a0b074e4f674f7444695b4116e4343b93dd31a6fd537509d7ff9740
../bench-defs/sv-benchmarks/java/float-nonlinear-calculation/coral17.yml	../bench-defs/sv-benchmarks/java/properties/valid-assert.prp	false	['../bench-defs/sv-benchmarks/java/common', '../bench-defs/sv-benchmarks/java/float-nonlinear-calculation/coral17', '../bench-defs/sv-benchmarks/java/float-nonlinear-calculation/common']	012da8b58ad8b1c85f04bdac49021cab91d533c8872567c2b212445aecbb4c07
../bench-defs/sv-benchmarks/java/float-nonlinear-calculation/coral18.yml	../bench-defs/sv-benchmarks/java/properties/valid-assert.prp	false	['../bench-defs/sv-benchmarks/java/common', '../bench-defs/sv-benchmarks/java/float-nonlinear-calculation/coral18', '../bench-defs/sv-benchmarks/java/float-nonlinear-calculation/common']	d289a88138448bc22579de56bedda8fc8694e1a995fe06590f8830c5ba7c90a9
../bench-defs/sv-benchmarks/java/float-nonlinear-calculation/coral19.yml	../bench-defs/sv-benchmarks/java/properties/valid-assert.prp	false	['../bench-defs/sv-benchmarks/java/common', '../bench-defs/sv-benchmarks/java/float-nonlinear-calculation/coral19', '../bench-defs/sv-benchmarks/java/float-nonlinear-calculation/common']	8af98f7fe71ab387a28105da183264e82411f0db56342b2c59aa5b1ea5c789b2
../bench-defs/sv-benchmarks/java/float-nonlinear-calculation/coral2.yml	../bench-defs/sv-benchmarks/java/properties/valid-assert.prp	false	['../bench-defs/sv-benchmarks/java/common', '../bench-defs/sv-benchmarks/java/float-nonlinear-calculation/coral2', '../bench-defs/sv-benchmarks/java/float-nonlinear-calculation/common']	c05f137e1cf8881b96426cd2b18addfd5df64c83bd562cc0575008bd244cd52e
../bench-defs/sv-benchmarks/java/float-nonlinear-calculation/coral20.yml	../bench-defs/sv-benchmarks/java/properties/valid-assert.prp	false	['../bench-defs/sv-benchmarks/java/common', '../bench-defs/sv-benchmarks/java/float-nonlinear-calculation/coral20', '../bench-defs/sv-benchmarks/java/float-nonlinear-calculation/common']	aa945150b6888edeea2bbc2cef48c1cd77125c2e1155c944c2814b2e631dbdf4
../bench-defs/sv-benchmarks/java/float-nonlinear-calculation/coral21.yml	../bench-defs/sv-benchmarks/java/properties/valid-assert.prp	false	['../bench-defs/sv-benchmarks/java/common', '../bench-defs/sv-benchmarks/java/float-nonlinear-calculation/coral21', '../bench-defs/sv-benchmarks/java/float-nonlinear-calculation/common']	6f01f899eb1d33f35fa9d0409fd147467b39623ea2dcbcf82653f0c9df5fe8c2
../bench-defs/sv-benchmarks/java/float-nonlinear-calculation/coral22.yml	../bench-defs/sv-benchmarks/java/properties/valid-assert.prp	false	['../bench-defs/sv-benchmarks/java/common', '../bench-defs/sv-benchmarks/java/float-nonlinear-calculation/coral22', '../bench-defs/sv-benchmarks/java/float-nonlinear-calculation/common']	8c515dfcbfc72d982b4cb2d216ab6ed2103a14d9e918cbf379695634a86af05e
../bench-defs/sv-benchmarks/java/float-nonlinear-calculation/coral23.yml	../bench-defs/sv-benchmarks/java/properties/valid-assert.prp	true	['../bench-defs/sv-benchmarks/java/common', '../bench-defs/sv-benchmarks/java/float-nonlinear-calculation/coral23', '../bench-defs/sv-benchmarks/java/float-nonlinear-calculation/common']	fa1272ea3f0a6aaa9ec08fd2918a5b47c7ea1ee264906fe0e0c46942d30559ef
../bench-defs/sv-benchmarks/java/float-nonlinear-calculation/coral26.yml	../bench-defs/sv-benchmarks/java/properties/valid-assert.prp	true	['../bench-defs/sv-benchmarks/java/common', '../bench-defs/sv-benchmarks/java/float-nonlinear-calculation/coral26', '../bench-defs/sv-benchmarks/java/float-nonlinear-calculation/common']	52029476d7f7d15b3a90d075034fcec0e6137792f7e9a64a55ff46c86ad7f321
../bench-defs/sv-benchmarks/java/float-nonlinear-calculation/coral27.yml	../bench-defs/sv-benchmarks/java/properties/valid-assert.prp	false	['../bench-defs/sv-benchmarks/java/common', '../bench-defs/sv-benchmarks/java/float-nonlinear-calculation/coral27', '../bench-defs/sv-benchmarks/java/float-nonlinear-calculation/common']	8c0fd2fce889c7de1ba1052b5686106eb1226bb177af8f5e8006dd0a83d6df74
../bench-defs/sv-benchmarks/java/float-nonlinear-calculation/coral28.yml	../bench-defs/sv-benchmarks/java/properties/valid-assert.prp	false	['../bench-defs/sv-benchmarks/java/common', '../bench-defs/sv-benchmarks/java/float-nonlinear-calculation/coral28', '../bench-defs/sv-benchmarks/java/float-nonlinear-calculation/common']	64d9a2f2eb76fc93f22dd666acd4a6b4a9c4d584890b9ae3997e96ea1a4c0363
../bench-defs/sv-benchmarks/java/float-nonlinear-calculation/coral29.yml	../bench-defs/sv-benchmarks/java/properties/valid-assert.prp	false	['../bench-defs/sv-benchmarks/java/common', '../bench-defs/sv-benchmarks/java/float-nonlinear-calculation/coral29', '../bench-defs/sv-benchmarks/java/float-nonlinear-calculation/common']	8574cdd155cc70a995bd9e933508dfdc8b7a4768c586f72f32bcaf480f97df6f
../bench-defs/sv-benchmarks/java/float-nonlinear-calculation/coral3.yml	../bench-defs/sv-benchmarks/java/properties/valid-assert.prp	true	['../bench-defs/sv-benchmarks/java/common', '../bench-defs/sv-benchmarks/java/float-nonlinear-calculation/coral3', '../bench-defs/sv-benchmarks/java/float-nonlinear-calculation/common']	4e3ca5849ceacbd39077578a8a981515b743e8248ba46abed607bf7438a6015c
../bench-defs/sv-benchmarks/java/float-nonlinear-calculation/coral30.yml	../bench-defs/sv-benchmarks/java/properties/valid-assert.prp	false	['../bench-defs/sv-benchmarks/java/common', '../bench-defs/sv-benchmarks/java/float-nonlinear-calculation/coral30', '../bench-defs/sv-benchmarks/java/float-nonlinear-calculation/common']	da272f2082262a1caaeade89dd4a4115fe1ddbc019db1ce31ffb1f76066f068a
../bench-defs/sv-benchmarks/java/float-nonlinear-calculation/coral31.yml	../bench-defs/sv-benchmarks/java/properties/valid-assert.prp	false	['../bench-defs/sv-benchmarks/java/common', '../bench-defs/sv-benchmarks/java/float-nonlinear-calculation/coral31', '../bench-defs/sv-benchmarks/java/float-nonlinear-calculation/common']	8825492c03d9136cb118121eee0de8a16d3c57ce52e2e7c410f7f6d24afa3ba5
../bench-defs/sv-benchmarks/java/float-nonlinear-calculation/coral32.yml	../bench-defs/sv-benchmarks/java/properties/valid-assert.prp	false	['../bench-defs/sv-benchmarks/java/common', '../bench-defs/sv-benchmarks/java/float-nonlinear-calculation/coral32', '../bench-defs/sv-benchmarks/java/float-nonlinear-calculation/common']	25289b734ba60c033085decb4ec8487cc597b9cf21720b1ec998624d6b88c9dd
../bench-defs/sv-benchmarks/java/float-nonlinear-calculation/coral33.yml	../bench-defs/sv-benchmarks/java/properties/valid-assert.prp	false	['../bench-defs/sv-benchmarks/java/common', '../bench-defs/sv-benchmarks/java/float-nonlinear-calculation/coral33', '../bench-defs/sv-benchmarks/java/float-nonlinear-calculation/common']	842bb6c067e40d0701d7b971ef3e6e4a78f184ce93c91868e0c1a1a91cb60581
../bench-defs/sv-benchmarks/java/float-nonlinear-calculation/coral34.yml	../bench-defs/sv-benchmarks/java/properties/valid-assert.prp	false	['../bench-defs/sv-benchmarks/java/common', '../bench-defs/sv-benchmarks/java/float-nonlinear-calculation/coral34', '../bench-defs/sv-benchmarks/java/float-nonlinear-calculation/common']	419c168636c607b500f33d15ceec267cae5542014cd28d2c6a06b7fda9b03972
../bench-defs/sv-benchmarks/java/float-nonlinear-calculation/coral35.yml	../bench-defs/sv-benchmarks/java/properties/valid-assert.prp	false	['../bench-defs/sv-benchmarks/java/common', '../bench-defs/sv-benchmarks/java/float-nonlinear-calculation/coral35', '../bench-defs/sv-benchmarks/java/float-nonlinear-calculation/common']	346eab9829e6145ed6b4065ffc24e9599d30c749d69348133d78f803994bf1f3
../bench-defs/sv-benchmarks/java/float-nonlinear-calculation/coral36.yml	../bench-defs/sv-benchmarks/java/properties/valid-assert.prp	false	['../bench-defs/sv-benchmarks/java/common', '../bench-defs/sv-benchmarks/java/float-nonlinear-calculation/coral36', '../bench-defs/sv-benchmarks/java/float-nonlinear-calculation/common']	2cdf3a4b0457d5aa61137a2e0aeaa200cf2f8e32b39295d9921997ee2c02f427
../bench-defs/sv-benchmarks/java/float-nonlinear-calculation/coral38.yml	../bench-defs/sv-benchmarks/java/properties/valid-assert.prp	false	['../bench-defs/sv-benchmarks/java/common', '../bench-defs/sv-benchmarks/java/float-nonlinear-calculation/coral38', '../bench-defs/sv-benchmarks/java/float-nonlinear-calculation/common']	3573bf3b1ef1d555f70d780af6ed981c807b7889f201b57bb15031539ace329c
../bench-defs/sv-benchmarks/java/float-nonlinear-calculation/coral39.yml	../bench-defs/sv-benchmarks/java/properties/valid-assert.prp	false	['../bench-defs/sv-benchmarks/java/common', '../bench-defs/sv-benchmarks/java/float-nonlinear-calculation/coral39', '../bench-defs/sv-benchmarks/java/float-nonlinear-calculation/common']	d4c6c7b6c677b2118d6da120c343a74eb1d3a512538dbcc247fd584e7c091b4e
../bench-defs/sv-benchmarks/java/float-nonlinear-calculation/coral4.yml	../bench-defs/sv-benchmarks/java/properties/valid-assert.prp	false	['../bench-defs/sv-benchmarks/java/common', '../bench-defs/sv-benchmarks/java/float-nonlinear-calculation/coral4', '../bench-defs/sv-benchmarks/java/float-nonlinear-calculation/common']	972e40a63cdd729301835c5748abf91fde8f656427cedb5b5f7e680c15a97280
../bench-defs/sv-benchmarks/java/float-nonlinear-calculation/coral40.yml	../bench-defs/sv-benchmarks/java/properties/valid-assert.prp	false	['../bench-defs/sv-benchmarks/java/common', '../bench-defs/sv-benchmarks/java/float-nonlinear-calculation/coral40', '../bench-defs/sv-benchmarks/java/float-nonlinear-calculation/common']	7f3204054f969a839c97ebe1b7e89f891a8a8ed52586be85c903a579dcefe8d1
../bench-defs/sv-benchmarks/java/float-nonlinear-calculation/coral41.yml	../bench-defs/sv-benchmarks/java/properties/valid-assert.prp	false	['../bench-defs/sv-benchmarks/java/common', '../bench-defs/sv-benchmarks/java/float-nonlinear-calculation/coral41', '../bench-defs/sv-benchmarks/java/float-nonlinear-calculation/common']	ace724e6079f15b9f7da06046929c818be64605bd5309b78c29e612d07348dda
../bench-defs/sv-benchmarks/java/float-nonlinear-calculation/coral42.yml	../bench-defs/sv-benchmarks/java/properties/valid-assert.prp	false	['../bench-defs/sv-benchmarks/java/common', '../bench-defs/sv-benchmarks/java/float-nonlinear-calculation/coral42', '../bench-defs/sv-benchmarks/java/float-nonlinear-calculation/common']	8866ecd5452f03bf5e02d543f31f37c1c5edda4aad9e3a9d1da71ad5004307e5
../bench-defs/sv-benchmarks/java/float-nonlinear-calculation/coral43.yml	../bench-defs/sv-benchmarks/java/properties/valid-assert.prp	false	['../bench-defs/sv-benchmarks/java/common', '../bench-defs/sv-benchmarks/java/float-nonlinear-calculation/coral43', '../bench-defs/sv-benchmarks/java/float-nonlinear-calculation/common']	8901a83f9da81696938b0cb423f7e1e85b2edbb6b42e114df640f88709757cd7
../bench-defs/sv-benchmarks/java/float-nonlinear-calculation/coral44.yml	../bench-defs/sv-benchmarks/java/properties/valid-assert.prp	false	['../bench-defs/sv-benchmarks/java/common', '../bench-defs/sv-benchmarks/java/float-nonlinear-calculation/coral44', '../bench-defs/sv-benchmarks/java/float-nonlinear-calculation/common']	af7f1fed071922ece7cf391bb9f71f1b3e5e6bb6a86cce3b75dc740c76f86af8
../bench-defs/sv-benchmarks/java/float-nonlinear-calculation/coral45.yml	../bench-defs/sv-benchmarks/java/properties/valid-assert.prp	false	['../bench-defs/sv-benchmarks/java/common', '../bench-defs/sv-benchmarks/java/float-nonlinear-calculation/coral45', '../bench-defs/sv-benchmarks/java/float-nonlinear-calculation/common']	71214b0af069ae066c48b3a2a11cc49dea2aaf31e96e61476242729e4ec77e3e
../bench-defs/sv-benchmarks/java/float-nonlinear-calculation/coral46.yml	../bench-defs/sv-benchmarks/java/properties/valid-assert.prp	true	['../bench-defs/sv-benchmarks/java/common', '../bench-defs/sv-benchmarks/java/float-nonlinear-calculation/coral46', '../bench-defs/sv-benchmarks/java/float-nonlinear-calculation/common']	c146933abd7eb8a39897cf50c2e44d662c2647c193cf19efa62f803ea68ff509
../bench-defs/sv-benchmarks/java/float-nonlinear-calculation/coral48.yml	../bench-defs/sv-benchmarks/java/properties/valid-assert.prp	false	['../bench-defs/sv-benchmarks/java/common', '../bench-defs/sv-benchmarks/java/float-nonlinear-calculation/coral48', '../bench-defs/sv-benchmarks/java/float-nonlinear-calculation/common']	ba95d08d931553a2552badc31c8005487d4d6ad986c7777add3edbd9e250b9cf
../bench-defs/sv-benchmarks/java/float-nonlinear-calculation/coral49.yml	../bench-defs/sv-benchmarks/java/properties/valid-assert.prp	false	['../bench-defs/sv-benchmarks/java/common', '../bench-defs/sv-benchmarks/java/float-nonlinear-calculation/coral49', '../bench-defs/sv-benchmarks/java/float-nonlinear-calculation/common']	e5b7815233e28c31e0e0b580e81ac04b100a1723da445b513d9243772455a8b5
../bench-defs/sv-benchmarks/java/float-nonlinear-calculation/coral5.yml	../bench-defs/sv-benchmarks/java/properties/valid-assert.prp	true	['../bench-defs/sv-benchmarks/java/common', '../bench-defs/sv-benchmarks/java/float-nonlinear-calculation/coral5', '../bench-defs/sv-benchmarks/java/float-nonlinear-calculation/common']	bc6724ad5d5284ca576a02c1e9696545b483a501bb34e6c1d3a886427920ffdb
../bench-defs/sv-benchmarks/java/float-nonlinear-calculation/coral50.yml	../bench-defs/sv-benchmarks/java/properties/valid-assert.prp	false	['../bench-defs/sv-benchmarks/java/common', '../bench-defs/sv-benchmarks/java/float-nonlinear-calculation/coral50', '../bench-defs/sv-benchmarks/java/float-nonlinear-calculation/common']	6665e818482de41fdbaa9acdfa859e24d2bd82c91605c0ff0cb08ae264baa248
../bench-defs/sv-benchmarks/java/float-nonlinear-calculation/coral51.yml	../bench-defs/sv-benchmarks/java/properties/valid-assert.prp	false	['../bench-defs/sv-benchmarks/java/common', '../bench-defs/sv-benchmarks/java/float-nonlinear-calculation/coral51', '../bench-defs/sv-benchmarks/java/float-nonlinear-calculation/common']	3470b19a2a097dd84729a3eb221acb51c5564338e291503c9cfc5e952c099316
../bench-defs/sv-benchmarks/java/float-nonlinear-calculation/coral52.yml	../bench-defs/sv-benchmarks/java/properties/valid-assert.prp	false	['../bench-defs/sv-benchmarks/java/common', '../bench-defs/sv-benchmarks/java/float-nonlinear-calculation/coral52', '../bench-defs/sv-benchmarks/java/float-nonlinear-calculation/common']	6f141093f21080779c3828a41811ae704af47c5a45196867c3a606f6ed1a30ca
../bench-defs/sv-benchmarks/java/float-nonlinear-calculation/coral53.yml	../bench-defs/sv-benchmarks/java/properties/valid-assert.prp	false	['../bench-defs/sv-benchmarks/java/common', '../bench-defs/sv-benchmarks/java/float-nonlinear-calculation/coral53', '../bench-defs/sv-benchmarks/java/float-nonlinear-calculation/common']	f1dde5870729f372cb6bed393c4da4c87f96b76490a24d2b97f742394170a4c7
../bench-defs/sv-benchmarks/java/float-nonlinear-calculation/coral54.yml	../bench-defs/sv-benchmarks/java/properties/valid-assert.prp	false	['../bench-defs/sv-benchmarks/java/common', '../bench-defs/sv-benchmarks/java/float-nonlinear-calculation/coral54', '../bench-defs/sv-benchmarks/java/float-nonlinear-calculation/common']	107f95c4cac5631762a216caa7f454211a002bff0fca8dbec52a3ba367cc3528
../bench-defs/sv-benchmarks/java/float-nonlinear-calculation/coral55.yml	../bench-defs/sv-benchmarks/java/properties/valid-assert.prp	true	['../bench-defs/sv-benchmarks/java/common', '../bench-defs/sv-benchmarks/java/float-nonlinear-calculation/coral55', '../bench-defs/sv-benchmarks/java/float-nonlinear-calculation/common']	c4f68621a7d73777dc0a656a13ff540020b280f6a1ce709b1084455bcbd0f4a7
../bench-defs/sv-benchmarks/java/float-nonlinear-calculation/coral56.yml	../bench-defs/sv-benchmarks/java/properties/valid-assert.prp	false	['../bench-defs/sv-benchmarks/java/common', '../bench-defs/sv-benchmarks/java/float-nonlinear-calculation/coral56', '../bench-defs/sv-benchmarks/java/float-nonlinear-calculation/common']	d7e5d5993b8f829a12927363ea22b261cec20e3729a746940f97a6a5c9892e39
../bench-defs/sv-benchmarks/java/float-nonlinear-calculation/coral57.yml	../bench-defs/sv-benchmarks/java/properties/valid-assert.prp	false	['../bench-defs/sv-benchmarks/java/common', '../bench-defs/sv-benchmarks/java/float-nonlinear-calculation/coral57', '../bench-defs/sv-benchmarks/java/float-nonlinear-calculation/common']	86ed35700f49b021f9ef29fe7b186fa61883a83e81d0a0fa78339af1fec17dc5
../bench-defs/sv-benchmarks/java/float-nonlinear-calculation/coral58.yml	../bench-defs/sv-benchmarks/java/properties/valid-assert.prp	false	['../bench-defs/sv-benchmarks/java/common', '../bench-defs/sv-benchmarks/java/float-nonlinear-calculation/coral58', '../bench-defs/sv-benchmarks/java/float-nonlinear-calculation/common']	c7c59e23c77e2ec0e348104813ecb6eba7ec1b6cd09bff7308e6c82b914d3fd7
../bench-defs/sv-benchmarks/java/float-nonlinear-calculation/coral59.yml	../bench-defs/sv-benchmarks/java/properties/valid-assert.prp	false	['../bench-defs/sv-benchmarks/java/common', '../bench-defs/sv-benchmarks/java/float-nonlinear-calculation/coral59', '../bench-defs/sv-benchmarks/java/float-nonlinear-calculation/common']	3471a3904daeacf91342d94793946e8869b2bca751043f1d7b874d4391aedb86
../bench-defs/sv-benchmarks/java/float-nonlinear-calculation/coral6.yml	../bench-defs/sv-benchmarks/java/properties/valid-assert.prp	false	['../bench-defs/sv-benchmarks/java/common', '../bench-defs/sv-benchmarks/java/float-nonlinear-calculation/coral6', '../bench-defs/sv-benchmarks/java/float-nonlinear-calculation/common']	f1666be91e7ab277761e95af9352aa0c22976f1436c24d12fa8766983940155b
../bench-defs/sv-benchmarks/java/float-nonlinear-calculation/coral60.yml	../bench-defs/sv-benchmarks/java/properties/valid-assert.prp	false	['../bench-defs/sv-benchmarks/java/common', '../bench-defs/sv-benchmarks/java/float-nonlinear-calculation/coral60', '../bench-defs/sv-benchmarks/java/float-nonlinear-calculation/common']	7ecc46663c490d3817a50fe24de6d073a9b14e65326f5d1139db3c09fb036660
../bench-defs/sv-benchmarks/java/float-nonlinear-calculation/coral61.yml	../bench-defs/sv-benchmarks/java/properties/valid-assert.prp	false	['../bench-defs/sv-benchmarks/java/common', '../bench-defs/sv-benchmarks/java/float-nonlinear-calculation/coral61', '../bench-defs/sv-benchmarks/java/float-nonlinear-calculation/common']	e9cd16eb21f984950272f3197bc51a3b32f17d67e5b17de003b70aac2885bdec
../bench-defs/sv-benchmarks/java/float-nonlinear-calculation/coral62.yml	../bench-defs/sv-benchmarks/java/properties/valid-assert.prp	false	['../bench-defs/sv-benchmarks/java/common', '../bench-defs/sv-benchmarks/java/float-nonlinear-calculation/coral62', '../bench-defs/sv-benchmarks/java/float-nonlinear-calculation/common']	404317cb6b4b4eca3f5265907067fac02e9155dd1154ec3d3f37fab9fb3e15e6
../bench-defs/sv-benchmarks/java/float-nonlinear-calculation/coral63.yml	../bench-defs/sv-benchmarks/java/properties/valid-assert.prp	false	['../bench-defs/sv-benchmarks/java/common', '../bench-defs/sv-benchmarks/java/float-nonlinear-calculation/coral63', '../bench-defs/sv-benchmarks/java/float-nonlinear-calculation/common']	1db7f81ba5c7f0a643c59c2a22b34c0aec8e6c35ba2e387f0a5bbbbd227e9ea8
../bench-defs/sv-benchmarks/java/float-nonlinear-calculation/coral64.yml	../bench-defs/sv-benchmarks/java/properties/valid-assert.prp	false	['../bench-defs/sv-benchmarks/java/common', '../bench-defs/sv-benchmarks/java/float-nonlinear-calculation/coral64', '../bench-defs/sv-benchmarks/java/float-nonlinear-calculation/common']	83414c1f39ddc613878f23286a125c940a93f38da85efd3cecede08b09e10b5b
../bench-defs/sv-benchmarks/java/float-nonlinear-calculation/coral65.yml	../bench-defs/sv-benchmarks/java/properties/valid-assert.prp	false	['../bench-defs/sv-benchmarks/java/common', '../bench-defs/sv-benchmarks/java/float-nonlinear-calculation/coral65', '../bench-defs/sv-benchmarks/java/float-nonlinear-calculation/common']	8d89df19e5545115db26f340c7b9bd8cfaad60f213b924108e676c94e5c15191
../bench-defs/sv-benchmarks/java/float-nonlinear-calculation/coral66.yml	../bench-defs/sv-benchmarks/java/properties/valid-assert.prp	false	['../bench-defs/sv-benchmarks/java/common', '../bench-defs/sv-benchmarks/java/float-nonlinear-calculation/coral66', '../bench-defs/sv-benchmarks/java/float-nonlinear-calculation/common']	830f7adf0dfc9577e756e1edefb02a4a6e2a377abdb0c7e561c8cf21b5aefc64
../bench-defs/sv-benchmarks/java/float-nonlinear-calculation/coral67.yml	../bench-defs/sv-benchmarks/java/properties/valid-assert.prp	false	['../bench-defs/sv-benchmarks/java/common', '../bench-defs/sv-benchmarks/java/float-nonlinear-calculation/coral67', '../bench-defs/sv-benchmarks/java/float-nonlinear-calculation/common']	57bfe7c0a6f2b89407679024e948e9582491775ef2c875b4c9b17028380ce82e
../bench-defs/sv-benchmarks/java/float-nonlinear-calculation/coral68.yml	../bench-defs/sv-benchmarks/java/properties/valid-assert.prp	false	['../bench-defs/sv-benchmarks/java/common', '../bench-defs/sv-benchmarks/java/float-nonlinear-calculation/coral68', '../bench-defs/sv-benchmarks/java/float-nonlinear-calculation/common']	2f6c2f701007f22c3f833db69b0b69783100d0ae7e50304572eb98661b477484
../bench-defs/sv-benchmarks/java/float-nonlinear-calculation/coral69.yml	../bench-defs/sv-benchmarks/java/properties/valid-assert.prp	false	['../bench-defs/sv-benchmarks/java/common', '../bench-defs/sv-benchmarks/java/float-nonlinear-calculation/coral69', '../bench-defs/sv-benchmarks/java/float-nonlinear-calculation/common']	1b61e196dec8952624e8664fad75916212c7af7ef92146b57af7ac3016410409
../bench-defs/sv-benchmarks/java/float-nonlinear-calculation/coral71.yml	../bench-defs/sv-benchmarks/java/properties/valid-assert.prp	false	['../bench-defs/sv-benchmarks/java/common', '../bench-defs/sv-benchmarks/java/float-nonlinear-calculation/coral71', '../bench-defs/sv-benchmarks/java/float-nonlinear-calculation/common']	5046dce73622ade62bd3a75f80bd34686c8308953db45b00e4e3da5480f0cdfc
../bench-defs/sv-benchmarks/java/float-nonlinear-calculation/coral72.yml	../bench-defs/sv-benchmarks/java/properties/valid-assert.prp	false	['../bench-defs/sv-benchmarks/java/common', '../bench-defs/sv-benchmarks/java/float-nonlinear-calculation/coral72', '../bench-defs/sv-benchmarks/java/float-nonlinear-calculation/common']	cb0facbde3ab7d41bac59185cdb1ea4329e25ca11b887124bda7d52d412ad918
../bench-defs/sv-benchmarks/java/float-nonlinear-calculation/coral73.yml	../bench-defs/sv-benchmarks/java/properties/valid-assert.prp	false	['../bench-defs/sv-benchmarks/java/common', '../bench-defs/sv-benchmarks/java/float-nonlinear-calculation/coral73', '../bench-defs/sv-benchmarks/java/float-nonlinear-calculation/common']	570d291ab55d2f3b33c3d53dfbbcad9980076e090797d52bc1c6b29e39976c59
../bench-defs/sv-benchmarks/java/float-nonlinear-calculation/coral74.yml	../bench-defs/sv-benchmarks/java/properties/valid-assert.prp	false	['../bench-defs/sv-benchmarks/java/common', '../bench-defs/sv-benchmarks/java/float-nonlinear-calculation/coral74', '../bench-defs/sv-benchmarks/java/float-nonlinear-calculation/common']	76440695f859e5fdfafd3021213310136c2aaf7898048cbe0bdbfa55eaad3a22
../bench-defs/sv-benchmarks/java/float-nonlinear-calculation/coral75.yml	../bench-defs/sv-benchmarks/java/properties/valid-assert.prp	false	['../bench-defs/sv-benchmarks/java/common', '../bench-defs/sv-benchmarks/java/float-nonlinear-calculation/coral75', '../bench-defs/sv-benchmarks/java/float-nonlinear-calculation/common']	fc033e59c460164a331ea8e3a664315e02602b4374c73c9d467ef21ba322e77a
../bench-defs/sv-benchmarks/java/float-nonlinear-calculation/coral76.yml	../bench-defs/sv-benchmarks/java/properties/valid-assert.prp	false	['../bench-defs/sv-benchmarks/java/common', '../bench-defs/sv-benchmarks/java/float-nonlinear-calculation/coral76', '../bench-defs/sv-benchmarks/java/float-nonlinear-calculation/common']	448492c90d8b220ed3fe97ca04ecd8799b722398a3f56c12513820c93c4bfa5b
../bench-defs/sv-benchmarks/java/float-nonlinear-calculation/coral77.yml	../bench-defs/sv-benchmarks/java/properties/valid-assert.prp	false	['../bench-defs/sv-benchmarks/java/common', '../bench-defs/sv-benchmarks/java/float-nonlinear-calculation/coral77', '../bench-defs/sv-benchmarks/java/float-nonlinear-calculation/common']	9e7b3eb743722214e2a5344d91c9bbe10c33e00b7cc04c7545229b6854193708
../bench-defs/sv-benchmarks/java/float-nonlinear-calculation/coral79.yml	../bench-defs/sv-benchmarks/java/properties/valid-assert.prp	false	['../bench-defs/sv-benchmarks/java/common', '../bench-defs/sv-benchmarks/java/float-nonlinear-calculation/coral79', '../bench-defs/sv-benchmarks/java/float-nonlinear-calculation/common']	9d6b43dfcb1a75fb5f6185a93ddb186317d1902151a49fbf611d0cd294748cea
../bench-defs/sv-benchmarks/java/float-nonlinear-calculation/coral80.yml	../bench-defs/sv-benchmarks/java/properties/valid-assert.prp	true	['../bench-defs/sv-benchmarks/java/common', '../bench-defs/sv-benchmarks/java/float-nonlinear-calculation/coral80', '../bench-defs/sv-benchmarks/java/float-nonlinear-calculation/common']	65dcf146f172f4276007a7ed0861aedaa264264b743e4bef2c28a2853f52fa72
../bench-defs/sv-benchmarks/java/float-nonlinear-calculation/coral81.yml	../bench-defs/sv-benchmarks/java/properties/valid-assert.prp	false	['../bench-defs/sv-benchmarks/java/common', '../bench-defs/sv-benchmarks/java/float-nonlinear-calculation/coral81', '../bench-defs/sv-benchmarks/java/float-nonlinear-calculation/common']	a16a110acf64a54e7cb7ebed08ba56c970743a7ddd336252da0e407cd8d924d8
../bench-defs/sv-benchmarks/java/float-nonlinear-calculation/coral84.yml	../bench-defs/sv-benchmarks/java/properties/valid-assert.prp	false	['../bench-defs/sv-benchmarks/java/common', '../bench-defs/sv-benchmarks/java/float-nonlinear-calculation/coral84', '../bench-defs/sv-benchmarks/java/float-nonlinear-calculation/common']	fded9b074c5df134e664c3191bb228fc29b5d9251daab6fc001b6408ea6f3980
../bench-defs/sv-benchmarks/java/float-nonlinear-calculation/coral9.yml	../bench-defs/sv-benchmarks/java/properties/valid-assert.prp	false	['../bench-defs/sv-benchmarks/java/common', '../bench-defs/sv-benchmarks/java/float-nonlinear-calculation/coral9', '../bench-defs/sv-benchmarks/java/float-nonlinear-calculation/common']	c6f203ad44a1b70b5d11df3697fa10a2fc9938ff7389713f63846fa01bccddd8
../bench-defs/sv-benchmarks/java/float-nonlinear-calculation/coral91.yml	../bench-defs/sv-benchmarks/java/properties/valid-assert.prp	true	['../bench-defs/sv-benchmarks/java/common', '../bench-defs/sv-benchmarks/java/float-nonlinear-calculation/coral91', '../bench-defs/sv-benchmarks/java/float-nonlinear-calculation/common']	861515798fa316d8ec0e965ebed2679a7ba7ed66264da097821d2ed5ad0aac67
../bench-defs/sv-benchmarks/java/argv-tasks/AbstractSerializationStreamReader_false.yml	../bench-defs/sv-benchmarks/java/properties/valid-assert.prp	false	['../bench-defs/sv-benchmarks/java/common', '../bench-defs/sv-benchmarks/java/argv-tasks/AbstractSerializationStreamReader_false']	fddd9783477346762c865e6b5e932134cf4e99669955001bb13c494d629c519f
../bench-defs/sv-benchmarks/java/argv-tasks/AbstractSerializationStreamReader_true.yml	../bench-defs/sv-benchmarks/java/properties/valid-assert.prp	true	['../bench-defs/sv-benchmarks/java/common', '../bench-defs/sv-benchmarks/java/argv-tasks/AbstractSerializationStreamReader_true']	50d441238ba5ea038c3ccad99f9beb818c458cb008f656f66ff562bb1a848149
../bench-defs/sv-benchmarks/java/argv-tasks/AccelerometerListener_false.yml	../bench-defs/sv-benchmarks/java/properties/valid-assert.prp	false	['../bench-defs/sv-benchmarks/java/common', '../bench-defs/sv-benchmarks/java/argv-tasks/AccelerometerListener_false']	d999daa06cb36581dc0ade502ffb774923cb01c84bf2ca7cd76c50b3d808297d
../bench-defs/sv-benchmarks/java/argv-tasks/AccelerometerListener_true.yml	../bench-defs/sv-benchmarks/java/properties/valid-assert.prp	true	['../bench-defs/sv-benchmarks/java/common', '../bench-defs/sv-benchmarks/java/argv-tasks/AccelerometerListener_true']	cee64c8d8132bfeaf2864e104140afb9f81eb88f00dc7ec691a8a85efc8521f5
../bench-defs/sv-benchmarks/java/argv-tasks/ActiveCheck.yml	../bench-defs/sv-benchmarks/java/properties/valid-assert.prp	true	['../bench-defs/sv-benchmarks/java/common', '../bench-defs/sv-benchmarks/java/argv-tasks/ActiveCheck']	4b2bb3622e46f45f9e67c89877fe237342503aac791d81e9fbfa62f19ed5e601
../bench-defs/sv-benchmarks/java/argv-tasks/AlbersProjection_false.yml	../bench-defs/sv-benchmarks/java/properties/valid-assert.prp	false	['../bench-defs/sv-benchmarks/java/common', '../bench-defs/sv-benchmarks/java/argv-tasks/AlbersProjection_false']	6a5f40e7e4fa6141682fd5b5ce14d934bed0a9ba2be940db3f548e17b8ed81ff
../bench-defs/sv-benchmarks/java/argv-tasks/AlbersProjection_true.yml	../bench-defs/sv-benchmarks/java/properties/valid-assert.prp	true	['../bench-defs/sv-benchmarks/java/common', '../bench-defs/sv-benchmarks/java/argv-tasks/AlbersProjection_true']	0ca27777e8c6e8e10e563333992f9c55992d4da851285df4efa0fef5bbdae171
../bench-defs/sv-benchmarks/java/argv-tasks/Base.yml	../bench-defs/sv-benchmarks/java/properties/valid-assert.prp	true	['../bench-defs/sv-benchmarks/java/common', '../bench-defs/sv-benchmarks/java/argv-tasks/Base']	b31342590cec7e39cfbbd8d5cb474f4878f704d6b26f4ac0b64c5faa4adc40f0
../bench-defs/sv-benchmarks/java/argv-tasks/Base64.yml	../bench-defs/sv-benchmarks/java/properties/valid-assert.prp	true	['../bench-defs/sv-benchmarks/java/common', '../bench-defs/sv-benchmarks/java/argv-tasks/Base64']	1f7d586fea7010226182c128bb8a58afbb35d95c9e8d16a78f3c542ce97f7eba
../bench-defs/sv-benchmarks/java/argv-tasks/BufferedBlockCipher.yml	../bench-defs/sv-benchmarks/java/properties/valid-assert.prp	true	['../bench-defs/sv-benchmarks/java/common', '../bench-defs/sv-benchmarks/java/argv-tasks/BufferedBlockCipher']	f38b9b94cd4f4f28d95cccaf2543c2996356ce50ed83e9980820fd2ea4766dd6
../bench-defs/sv-benchmarks/java/argv-tasks/Constant_false.yml	../bench-defs/sv-benchmarks/java/properties/valid-assert.prp	false	['../bench-defs/sv-benchmarks/java/common', '../bench-defs/sv-benchmarks/java/argv-tasks/Constant_false']	da7a605643f815b610d105974676eacee87b7a2072a8fd62d6c3f3985f84a787
../bench-defs/sv-benchmarks/java/argv-tasks/Constant_true.yml	../bench-defs/sv-benchmarks/java/properties/valid-assert.prp	true	['../bench-defs/sv-benchmarks/java/common', '../bench-defs/sv-benchmarks/java/argv-tasks/Constant_true']	efbedefd1be1fd62ecc11c15fd976b2c1ec0af55e5761c2767072ec431fd2b24
../bench-defs/sv-benchmarks/java/argv-tasks/CustomViewAbove.yml	../bench-defs/sv-benchmarks/java/properties/valid-assert.prp	true	['../bench-defs/sv-benchmarks/java/common', '../bench-defs/sv-benchmarks/java/argv-tasks/CustomViewAbove']	501ffc6c78432c6c7648313915b323b3aaff6978df9e630e7b8feedf9e897aa0
../bench-defs/sv-benchmarks/java/argv-tasks/DiskBasedCache.yml	../bench-defs/sv-benchmarks/java/properties/valid-assert.prp	true	['../bench-defs/sv-benchmarks/java/common', '../bench-defs/sv-benchmarks/java/argv-tasks/DiskBasedCache']	e14d1e235eb7f18fac927b8603d86813faf7b38def160ef286416b0db6833c07
../bench-defs/sv-benchmarks/java/argv-tasks/DistinguishedNameParser.yml	../bench-defs/sv-benchmarks/java/properties/valid-assert.prp	false	['../bench-defs/sv-benchmarks/java/common', '../bench-defs/sv-benchmarks/java/argv-tasks/DistinguishedNameParser']	e519226e161e4ae84d5c2fbbbd01bcf28d3b851f0445fb317c9da3c3ddb49852
../bench-defs/sv-benchmarks/java/argv-tasks/EquidistantConicProjection_false.yml	../bench-defs/sv-benchmarks/java/properties/valid-assert.prp	false	['../bench-defs/sv-benchmarks/java/common', '../bench-defs/sv-benchmarks/java/argv-tasks/EquidistantConicProjection_false']	eeec5d0d10d57771de74476da93c3e0aaaf71ba7472903e7a895cee9be3dce02
../bench-defs/sv-benchmarks/java/argv-tasks/EquidistantConicProjection_true.yml	../bench-defs/sv-benchmarks/java/properties/valid-assert.prp	true	['../bench-defs/sv-benchmarks/java/common', '../bench-defs/sv-benchmarks/java/argv-tasks/EquidistantConicProjection_true']	fcf867fa8bf7ba073d3b5d48e524e18a5fae21a19bbd36d5c0c33c5be1084db7
../bench-defs/sv-benchmarks/java/argv-tasks/FractalTouchHandler_false.yml	../bench-defs/sv-benchmarks/java/properties/valid-assert.prp	false	['../bench-defs/sv-benchmarks/java/common', '../bench-defs/sv-benchmarks/java/argv-tasks/FractalTouchHandler_false']	bcfcbc6a3fb9b9bfbd9852b5b5d3f70fb6b86eac2ab527e7506c49230a79f061
../bench-defs/sv-benchmarks/java/argv-tasks/FractalTouchHandler_true.yml	../bench-defs/sv-benchmarks/java/properties/valid-assert.prp	true	['../bench-defs/sv-benchmarks/java/common', '../bench-defs/sv-benchmarks/java/argv-tasks/FractalTouchHandler_true']	c6ff13beb81b6637852567827e93388e56a2854848ea108f933fb30c34132ac5
../bench-defs/sv-benchmarks/java/argv-tasks/GraphFragment_false.yml	../bench-defs/sv-benchmarks/java/properties/valid-assert.prp	false	['../bench-defs/sv-benchmarks/java/common', '../bench-defs/sv-benchmarks/java/argv-tasks/GraphFragment_false']	1e38dd2c586232cefeffb07353fb91f965ac4b8bd49673b1eec616689dcebb9d
../bench-defs/sv-benchmarks/java/argv-tasks/GraphFragment_true.yml	../bench-defs/sv-benchmarks/java/properties/valid-assert.prp	true	['../bench-defs/sv-benchmarks/java/common', '../bench-defs/sv-benchmarks/java/argv-tasks/GraphFragment_true']	42cbce91c0eb150089e9b60d722847067403541d5337819c94df7d3003c7394b
../bench-defs/sv-benchmarks/java/argv-tasks/HPack.yml	../bench-defs/sv-benchmarks/java/properties/valid-assert.prp	true	['../bench-defs/sv-benchmarks/java/common', '../bench-defs/sv-benchmarks/java/argv-tasks/HPack']	14a2226a6050b563d4a87288ca03abf0cbffaeb2b3345d958dc2a7047207a58b
../bench-defs/sv-benchmarks/java/argv-tasks/HebrewDate.yml	../bench-defs/sv-benchmarks/java/properties/valid-assert.prp	true	['../bench-defs/sv-benchmarks/java/common', '../bench-defs/sv-benchmarks/java/argv-tasks/HebrewDate']	85230e63da350e27d21adb57b5cc0c07d6f35b057e7fcd9aaf2be8df054e9ed6
../bench-defs/sv-benchmarks/java/argv-tasks/HighlightView_false.yml	../bench-defs/sv-benchmarks/java/properties/valid-assert.prp	false	['../bench-defs/sv-benchmarks/java/common', '../bench-defs/sv-benchmarks/java/argv-tasks/HighlightView_false']	7aa4ee5bf897e4664a7b7a6df62dfa9505402215ccbb1dae21189d4aa6237a10
../bench-defs/sv-benchmarks/java/argv-tasks/HighlightView_true.yml	../bench-defs/sv-benchmarks/java/properties/valid-assert.prp	true	['../bench-defs/sv-benchmarks/java/common', '../bench-defs/sv-benchmarks/java/argv-tasks/HighlightView_true']	2d9ceec70dec8068df3c140be3a3152b3ccdc17b3f7d00279659ad76af6fff8f
../bench-defs/sv-benchmarks/java/argv-tasks/HotspotIntegerGenerator_false.yml	../bench-defs/sv-benchmarks/java/properties/valid-assert.prp	false	['../bench-defs/sv-benchmarks/java/common', '../bench-defs/sv-benchmarks/java/argv-tasks/HotspotIntegerGenerator_false']	ca30ef1af7bf745425b7b795cfbf77134374afaa2c532a58fbc94405cb9e76c5
../bench-defs/sv-benchmarks/java/argv-tasks/HotspotIntegerGenerator_true.yml	../bench-defs/sv-benchmarks/java/properties/valid-assert.prp	true	['../bench-defs/sv-benchmarks/java/common', '../bench-defs/sv-benchmarks/java/argv-tasks/HotspotIntegerGenerator_true']	bb75bf9cc0c13a5f3f59da31318b21ee9cd363dffe20e89cdecacdba8306eb30
../bench-defs/sv-benchmarks/java/argv-tasks/HttpConnectionHandler.yml	../bench-defs/sv-benchmarks/java/properties/valid-assert.prp	true	['../bench-defs/sv-benchmarks/java/common', '../bench-defs/sv-benchmarks/java/argv-tasks/HttpConnectionHandler']	67f9f08c25b573f19f8bde3eeeef3f098e0c47150d49a40bcaf2dc9209c1488c
../bench-defs/sv-benchmarks/java/argv-tasks/HttpTransport_false.yml	../bench-defs/sv-benchmarks/java/properties/valid-assert.prp	false	['../bench-defs/sv-benchmarks/java/common', '../bench-defs/sv-benchmarks/java/argv-tasks/HttpTransport_false']	4fed469361c21bfb71bee2505324d69d8cc4a0bad819267c59d9876846280485
../bench-defs/sv-benchmarks/java/argv-tasks/HttpTransport_true.yml	../bench-defs/sv-benchmarks/java/properties/valid-assert.prp	true	['../bench-defs/sv-benchmarks/java/common', '../bench-defs/sv-benchmarks/java/argv-tasks/HttpTransport_true']	10a62f89790b687d719f4511e1ec3918fd92ec488f3fc838a989621ff55d12b9
../bench-defs/sv-benchmarks/java/argv-tasks/ImageRequest.yml	../bench-defs/sv-benchmarks/java/properties/valid-assert.prp	true	['../bench-defs/sv-benchmarks/java/common', '../bench-defs/sv-benchmarks/java/argv-tasks/ImageRequest']	85a9df33e275392e7a92ee047a901c35706c53533ca702ec2278402e70314c8d
../bench-defs/sv-benchmarks/java/argv-tasks/MathHelper_false.yml	../bench-defs/sv-benchmarks/java/properties/valid-assert.prp	false	['../bench-defs/sv-benchmarks/java/common', '../bench-defs/sv-benchmarks/java/argv-tasks/MathHelper_false']	e5ce8855f1856a3d95e493ef2f99af21fb5e436499eec0b84ce5d5fa675d14dd
../bench-defs/sv-benchmarks/java/argv-tasks/MathHelper_true.yml	../bench-defs/sv-benchmarks/java/properties/valid-assert.prp	true	['../bench-defs/sv-benchmarks/java/common', '../bench-defs/sv-benchmarks/java/argv-tasks/MathHelper_true']	3c60c649bcb1f9ca68a3169a1d66a6191f6caccc730e6be5007ef1ce6f673d8f
../bench-defs/sv-benchmarks/java/argv-tasks/PieSegment_false.yml	../bench-defs/sv-benchmarks/java/properties/valid-assert.prp	false	['../bench-defs/sv-benchmarks/java/common', '../bench-defs/sv-benchmarks/java/argv-tasks/PieSegment_false']	95f377a22e6e5e040b95b9aae5546b457b9d459477adead9f2e33a105be0c461
../bench-defs/sv-benchmarks/java/argv-tasks/PieSegment_true.yml	../bench-defs/sv-benchmarks/java/properties/valid-assert.prp	true	['../bench-defs/sv-benchmarks/java/common', '../bench-defs/sv-benchmarks/java/argv-tasks/PieSegment_true']	ce5bfc12ac7e72b32202dcc8b26cb35f4da094cd7dcf418797077eaa1de810b7
../bench-defs/sv-benchmarks/java/argv-tasks/Piecewise_false.yml	../bench-defs/sv-benchmarks/java/properties/valid-assert.prp	false	['../bench-defs/sv-benchmarks/java/common', '../bench-defs/sv-benchmarks/java/argv-tasks/Piecewise_false']	769852be7f637f827b567b3ecbe3c309f7f1fbf7b4c35b38bfd256350d075346
../bench-defs/sv-benchmarks/java/argv-tasks/Piecewise_true.yml	../bench-defs/sv-benchmarks/java/properties/valid-assert.prp	true	['../bench-defs/sv-benchmarks/java/common', '../bench-defs/sv-benchmarks/java/argv-tasks/Piecewise_true']	af41c1bd95fbd933a7bf404e682172689081a8aee425e32ed8a33ec39cb4ce1b
../bench-defs/sv-benchmarks/java/argv-tasks/ReverseInterpolator_false.yml	../bench-defs/sv-benchmarks/java/properties/valid-assert.prp	false	['../bench-defs/sv-benchmarks/java/common', '../bench-defs/sv-benchmarks/java/argv-tasks/ReverseInterpolator_false']	7a98bdb18a9eb8d70a1ef3c76866bff79b13977adc7b155d27e549772df30ebe
../bench-defs/sv-benchmarks/java/argv-tasks/ReverseInterpolator_true.yml	../bench-defs/sv-benchmarks/java/properties/valid-assert.prp	true	['../bench-defs/sv-benchmarks/java/common', '../bench-defs/sv-benchmarks/java/argv-tasks/ReverseInterpolator_true']	9cc292a7cd926195c35e8a8b461b05656bd04416bcb51266d3a511a1b278e638
../bench-defs/sv-benchmarks/java/argv-tasks/SpdyStream.yml	../bench-defs/sv-benchmarks/java/properties/valid-assert.prp	true	['../bench-defs/sv-benchmarks/java/common', '../bench-defs/sv-benchmarks/java/argv-tasks/SpdyStream']	10b4cc87834d0b35dbefbd591f594a9f5e6466a85334ae061a67901e564f1a6b
../bench-defs/sv-benchmarks/java/argv-tasks/StrictLineReader.yml	../bench-defs/sv-benchmarks/java/properties/valid-assert.prp	true	['../bench-defs/sv-benchmarks/java/common', '../bench-defs/sv-benchmarks/java/argv-tasks/StrictLineReader']	cc045db9ca3a64454fd513859a8f3ce90d30c3114b705762ae9e2304a2d2a749
../bench-defs/sv-benchmarks/java/argv-tasks/SunTimes_false.yml	../bench-defs/sv-benchmarks/java/properties/valid-assert.prp	false	['../bench-defs/sv-benchmarks/java/common', '../bench-defs/sv-benchmarks/java/argv-tasks/SunTimes_false']	841309f231224b3483d93b59bd294fe1ce37a65bcd8da6903181992625cf8288
../bench-defs/sv-benchmarks/java/argv-tasks/SunTimes_true.yml	../bench-defs/sv-benchmarks/java/properties/valid-assert.prp	true	['../bench-defs/sv-benchmarks/java/common', '../bench-defs/sv-benchmarks/java/argv-tasks/SunTimes_true']	b7ccf48bd9383dc3668dae15b11b8bbcdec696758aa4509989a37e335773bd4a
../bench-defs/sv-benchmarks/java/argv-tasks/TallyCounts_false.yml	../bench-defs/sv-benchmarks/java/properties/valid-assert.prp	false	['../bench-defs/sv-benchmarks/java/common', '../bench-defs/sv-benchmarks/java/argv-tasks/TallyCounts_false']	4734f603c51e9fdd3b01d9de93c89df15e0d87954fd5e0d1e6f5a6065b7586cd
../bench-defs/sv-benchmarks/java/argv-tasks/TallyCounts_true.yml	../bench-defs/sv-benchmarks/java/properties/valid-assert.prp	true	['../bench-defs/sv-benchmarks/java/common', '../bench-defs/sv-benchmarks/java/argv-tasks/TallyCounts_true']	19f7f8f246ab3daae9c8f5fcf51bdd68705a5b8a84d4fbee7873686c58a2bbbd
../bench-defs/sv-benchmarks/java/argv-tasks/TimeChart.yml	../bench-defs/sv-benchmarks/java/properties/valid-assert.prp	true	['../bench-defs/sv-benchmarks/java/common', '../bench-defs/sv-benchmarks/java/argv-tasks/TimeChart']	e5450a88d1488d98f65ec0aa759f688c1118ca584ce8416897972c6cf48d71d6
../bench-defs/sv-benchmarks/java/argv-tasks/TouchPadView.yml	../bench-defs/sv-benchmarks/java/properties/valid-assert.prp	true	['../bench-defs/sv-benchmarks/java/common', '../bench-defs/sv-benchmarks/java/argv-tasks/TouchPadView']	766e4f1e5f7e29e725b90c70a90a1668b3b6f9edd7bbc346de1649bfea9a65fc
../bench-defs/sv-benchmarks/java/argv-tasks/VelocityTracker_false.yml	../bench-defs/sv-benchmarks/java/properties/valid-assert.prp	false	['../bench-defs/sv-benchmarks/java/common', '../bench-defs/sv-benchmarks/java/argv-tasks/VelocityTracker_false']	a1c0cf324f10c791860d86ad67615b4e45d70e2276f642df09933a30d1e481a4
../bench-defs/sv-benchmarks/java/argv-tasks/VelocityTracker_true.yml	../bench-defs/sv-benchmarks/java/properties/valid-assert.prp	true	['../bench-defs/sv-benchmarks/java/common', '../bench-defs/sv-benchmarks/java/argv-tasks/VelocityTracker_true']	9c554a626fbb892c81be258b033aad669506a385a539c0edf305905471a4ea3d
../bench-defs/sv-benchmarks/java/autostub/Boolean_public_boolean_java_lang_Boolean_booleanValue.yml	../bench-defs/sv-benchmarks/java/properties/valid-assert.prp	false	['../bench-defs/sv-benchmarks/java/common', '../bench-defs/sv-benchmarks/java/autostub/Boolean_public_boolean_java_lang_Boolean_booleanValue']	8fea512da2cea761baa99273a07f8bcbc1439118ae54841b643a4e329bf3c520
../bench-defs/sv-benchmarks/java/autostub/Boolean_public_int_java_lang_Boolean_compareTo_java_lang_Boolean.yml	../bench-defs/sv-benchmarks/java/properties/valid-assert.prp	false	['../bench-defs/sv-benchmarks/java/common', '../bench-defs/sv-benchmarks/java/autostub/Boolean_public_int_java_lang_Boolean_compareTo_java_lang_Boolean']	05338d33896c5d90ed75c28a71445adf5f78e8a9a84149f776c618daec379b26
../bench-defs/sv-benchmarks/java/autostub/Boolean_public_java_lang_String_java_lang_Boolean_toString.yml	../bench-defs/sv-benchmarks/java/properties/valid-assert.prp	false	['../bench-defs/sv-benchmarks/java/common', '../bench-defs/sv-benchmarks/java/autostub/Boolean_public_java_lang_String_java_lang_Boolean_toString']	9eb55313705c856c61368b09cc620d17dc551d877e2ac0b6d4ee3c1d69e8e49b
../bench-defs/sv-benchmarks/java/autostub/Boolean_public_static_boolean_java_lang_Boolean_logicalAnd_boolean_boolean.yml	../bench-defs/sv-benchmarks/java/properties/valid-assert.prp	false	['../bench-defs/sv-benchmarks/java/common', '../bench-defs/sv-benchmarks/java/autostub/Boolean_public_static_boolean_java_lang_Boolean_logicalAnd_boolean_boolean']	43bcbcae9e3ddecbfe974511d43548d0620fe9b3dea663395c5a565d18ce5588
../bench-defs/sv-benchmarks/java/autostub/Boolean_public_static_boolean_java_lang_Boolean_logicalOr_boolean_boolean.yml	../bench-defs/sv-benchmarks/java/properties/valid-assert.prp	false	['../bench-defs/sv-benchmarks/java/common', '../bench-defs/sv-benchmarks/java/autostub/Boolean_public_static_boolean_java_lang_Boolean_logicalOr_boolean_boolean']	6d4feac789ffca8c18dd694558d3658914fff11bc86069605750aa460cc3b265
../bench-defs/sv-benchmarks/java/autostub/Boolean_public_static_boolean_java_lang_Boolean_logicalXor_boolean_boolean.yml	../bench-defs/sv-benchmarks/java/properties/valid-assert.prp	false	['../bench-defs/sv-benchmarks/java/common', '../bench-defs/sv-benchmarks/java/autostub/Boolean_public_static_boolean_java_lang_Boolean_logicalXor_boolean_boolean']	3fdf7f8bc086c5878fbed9b3751466fc78513d283430e2c2d467383b4ca3fa3e
../bench-defs/sv-benchmarks/java/autostub/Boolean_public_static_int_java_lang_Boolean_compare_boolean_boolean.yml	../bench-defs/sv-benchmarks/java/properties/valid-assert.prp	false	['../bench-defs/sv-benchmarks/java/common', '../bench-defs/sv-benchmarks/java/autostub/Boolean_public_static_int_java_lang_Boolean_compare_boolean_boolean']	a53bb9db03693cc8070e2c19da2015a52195043aa37a60a0397457356da4494b
../bench-defs/sv-benchmarks/java/autostub/Boolean_public_static_java_lang_Boolean_java_lang_Boolean_valueOf_boolean.yml	../bench-defs/sv-benchmarks/java/properties/valid-assert.prp	false	['../bench-defs/sv-benchmarks/java/common', '../bench-defs/sv-benchmarks/java/autostub/Boolean_public_static_java_lang_Boolean_java_lang_Boolean_valueOf_boolean']	40d3b9f5798455cc3b156170c878dc64cd28e4deadb4178b81fc639c81ef9701
../bench-defs/sv-benchmarks/java/autostub/Boolean_public_static_java_lang_String_java_lang_Boolean_toString_boolean.yml	../bench-defs/sv-benchmarks/java/properties/valid-assert.prp	false	['../bench-defs/sv-benchmarks/java/common', '../bench-defs/sv-benchmarks/java/autostub/Boolean_public_static_java_lang_String_java_lang_Boolean_toString_boolean']	e8b7fa8294a3dbc9397d51b2fd1d566320f8a8ef5ab488efc2dbd9a4694e11aa
../bench-defs/sv-benchmarks/java/autostub/Byte_public_byte_java_lang_Byte_byteValue.yml	../bench-defs/sv-benchmarks/java/properties/valid-assert.prp	false	['../bench-defs/sv-benchmarks/java/common', '../bench-defs/sv-benchmarks/java/autostub/Byte_public_byte_java_lang_Byte_byteValue']	b5e0063580018c07a60f91339f4389e80ee32d6baee83d7b3ba37f269791326b
../bench-defs/sv-benchmarks/java/autostub/Byte_public_double_java_lang_Byte_doubleValue.yml	../bench-defs/sv-benchmarks/java/properties/valid-assert.prp	false	['../bench-defs/sv-benchmarks/java/common', '../bench-defs/sv-benchmarks/java/autostub/Byte_public_double_java_lang_Byte_doubleValue']	09b4574dd309b44dcfbfe8413d520a82d27e5c97d0d00434c8d27f0d345e351b
../bench-defs/sv-benchmarks/java/autostub/Byte_public_float_java_lang_Byte_floatValue.yml	../bench-defs/sv-benchmarks/java/properties/valid-assert.prp	false	['../bench-defs/sv-benchmarks/java/common', '../bench-defs/sv-benchmarks/java/autostub/Byte_public_float_java_lang_Byte_floatValue']	1e940cce38d8091a772654d69d0c26ebd4d0e50b2c60b192ab990b28a4c96600
../bench-defs/sv-benchmarks/java/autostub/Byte_public_int_java_lang_Byte_compareTo_java_lang_Byte.yml	../bench-defs/sv-benchmarks/java/properties/valid-assert.prp	false	['../bench-defs/sv-benchmarks/java/common', '../bench-defs/sv-benchmarks/java/autostub/Byte_public_int_java_lang_Byte_compareTo_java_lang_Byte']	6170c517a34394f52d4b6d026728d2bac1cd70fff0ff21cb904d40406852ac50
../bench-defs/sv-benchmarks/java/autostub/Byte_public_int_java_lang_Byte_intValue.yml	../bench-defs/sv-benchmarks/java/properties/valid-assert.prp	false	['../bench-defs/sv-benchmarks/java/common', '../bench-defs/sv-benchmarks/java/autostub/Byte_public_int_java_lang_Byte_intValue']	76d8d0379d2e4eef22aac628432789f952612f1dc99350a71c765c9c4bc4602b
../bench-defs/sv-benchmarks/java/autostub/Byte_public_java_lang_String_java_lang_Byte_toString.yml	../bench-defs/sv-benchmarks/java/properties/valid-assert.prp	false	['../bench-defs/sv-benchmarks/java/common', '../bench-defs/sv-benchmarks/java/autostub/Byte_public_java_lang_String_java_lang_Byte_toString']	15d999437107df7eef7c6507ef4d7db9a01c6e1ae560202defbdd4b6a0bdc0a1
../bench-defs/sv-benchmarks/java/autostub/Byte_public_long_java_lang_Byte_longValue.yml	../bench-defs/sv-benchmarks/java/properties/valid-assert.prp	false	['../bench-defs/sv-benchmarks/java/common', '../bench-defs/sv-benchmarks/java/autostub/Byte_public_long_java_lang_Byte_longValue']	ff226b83a012183d157820241f42e5a7cf38f33340d19f0dbf1a1f061d2801b4
../bench-defs/sv-benchmarks/java/autostub/Byte_public_short_java_lang_Byte_shortValue.yml	../bench-defs/sv-benchmarks/java/properties/valid-assert.prp	false	['../bench-defs/sv-benchmarks/java/common', '../bench-defs/sv-benchmarks/java/autostub/Byte_public_short_java_lang_Byte_shortValue']	6e0236fc115647355a39cf276e78ea720afcd3bfab12f91c6cb8d879eb2b3261
../bench-defs/sv-benchmarks/java/autostub/Byte_public_static_int_java_lang_Byte_compare_byte_byte.yml	../bench-defs/sv-benchmarks/java/properties/valid-assert.prp	false	['../bench-defs/sv-benchmarks/java/common', '../bench-defs/sv-benchmarks/java/autostub/Byte_public_static_int_java_lang_Byte_compare_byte_byte']	ecbfbf1cb09b27adf375c53e37bd16821be6f282fe1965197760321e8a17a659
../bench-defs/sv-benchmarks/java/autostub/Byte_public_static_int_java_lang_Byte_toUnsignedInt_byte.yml	../bench-defs/sv-benchmarks/java/properties/valid-assert.prp	false	['../bench-defs/sv-benchmarks/java/common', '../bench-defs/sv-benchmarks/java/autostub/Byte_public_static_int_java_lang_Byte_toUnsignedInt_byte']	b0932e15d64ef54d1d8187d7ee3e194702b4b73d274d50968134b4e98c8bd5a3
../bench-defs/sv-benchmarks/java/autostub/Byte_public_static_java_lang_Byte_java_lang_Byte_valueOf_byte.yml	../bench-defs/sv-benchmarks/java/properties/valid-assert.prp	false	['../bench-defs/sv-benchmarks/java/common', '../bench-defs/sv-benchmarks/java/autostub/Byte_public_static_java_lang_Byte_java_lang_Byte_valueOf_byte']	dce5b8ec3dbc6b0ab92ffa6e0254f71263da0fafa527d7dd23b25ca385a2e5c8
../bench-defs/sv-benchmarks/java/autostub/Byte_public_static_java_lang_String_java_lang_Byte_toString_byte.yml	../bench-defs/sv-benchmarks/java/properties/valid-assert.prp	false	['../bench-defs/sv-benchmarks/java/common', '../bench-defs/sv-benchmarks/java/autostub/Byte_public_static_java_lang_String_java_lang_Byte_toString_byte']	5fae37fd71e917a9f1d1f9cbecd465101013dced4ceaaca4513e1fc833ede6a9
../bench-defs/sv-benchmarks/java/autostub/Byte_public_static_long_java_lang_Byte_toUnsignedLong_byte.yml	../bench-defs/sv-benchmarks/java/properties/valid-assert.prp	false	['../bench-defs/sv-benchmarks/java/common', '../bench-defs/sv-benchmarks/java/autostub/Byte_public_static_long_java_lang_Byte_toUnsignedLong_byte']	edcc0f3025cb42afa2faa850492dd97489f34c3fe325782b601ba8a7ff9e4f7a
../bench-defs/sv-benchmarks/java/autostub/Character_public_char_java_lang_Character_charValue.yml	../bench-defs/sv-benchmarks/java/properties/valid-assert.prp	false	['../bench-defs/sv-benchmarks/java/common', '../bench-defs/sv-benchmarks/java/autostub/Character_public_char_java_lang_Character_charValue']	58f70e9483f3c97efb0e080bb8dc1ffeabbd0dd561b76362443e146416ba10d2
../bench-defs/sv-benchmarks/java/autostub/Character_public_int_java_lang_Character_compareTo_java_lang_Character.yml	../bench-defs/sv-benchmarks/java/properties/valid-assert.prp	false	['../bench-defs/sv-benchmarks/java/common', '../bench-defs/sv-benchmarks/java/autostub/Character_public_int_java_lang_Character_compareTo_java_lang_Character']	0d7855b0ddec94177ee4f1632a84a38d07a0bc1ffb8bd3d3455977d95621c1fc
../bench-defs/sv-benchmarks/java/autostub/Character_public_java_lang_String_java_lang_Character_toString.yml	../bench-defs/sv-benchmarks/java/properties/valid-assert.prp	false	['../bench-defs/sv-benchmarks/java/common', '../bench-defs/sv-benchmarks/java/autostub/Character_public_java_lang_String_java_lang_Character_toString']	fb3409933a30ad6ec6767c6aa6ae4252f69bd0e4e92271c02820c05e4c6fea95
../bench-defs/sv-benchmarks/java/autostub/Character_public_static_boolean_java_lang_Character_isAlphabetic_int.yml	../bench-defs/sv-benchmarks/java/properties/valid-assert.prp	false	['../bench-defs/sv-benchmarks/java/common', '../bench-defs/sv-benchmarks/java/autostub/Character_public_static_boolean_java_lang_Character_isAlphabetic_int']	5894919a47584ea50349ff230ba4a3b798e01ab4ff49b7d06990b5903ec91105
../bench-defs/sv-benchmarks/java/autostub/Character_public_static_boolean_java_lang_Character_isBmpCodePoint_int.yml	../bench-defs/sv-benchmarks/java/properties/valid-assert.prp	false	['../bench-defs/sv-benchmarks/java/common', '../bench-defs/sv-benchmarks/java/autostub/Character_public_static_boolean_java_lang_Character_isBmpCodePoint_int']	e7e31fe5d204a8e4d77959ec46bfd24f7e52918b7eb1b1b95ef8c72e55768e94
../bench-defs/sv-benchmarks/java/autostub/Character_public_static_boolean_java_lang_Character_isDefined_int.yml	../bench-defs/sv-benchmarks/java/properties/valid-assert.prp	false	['../bench-defs/sv-benchmarks/java/common', '../bench-defs/sv-benchmarks/java/autostub/Character_public_static_boolean_java_lang_Character_isDefined_int']	2b0e454c0eaed07664ab32dc4267aab9a08553dae791422044e44b1cb4a6c37c
../bench-defs/sv-benchmarks/java/autostub/Character_public_static_boolean_java_lang_Character_isDigit_char.yml	../bench-defs/sv-benchmarks/java/properties/valid-assert.prp	false	['../bench-defs/sv-benchmarks/java/common', '../bench-defs/sv-benchmarks/java/autostub/Character_public_static_boolean_java_lang_Character_isDigit_char']	a8de19a95e74cd64613751c2c0df1c07b3a14c7118fe4b1c72de39f8f565caf7
../bench-defs/sv-benchmarks/java/autostub/Character_public_static_boolean_java_lang_Character_isDigit_int.yml	../bench-defs/sv-benchmarks/java/properties/valid-assert.prp	false	['../bench-defs/sv-benchmarks/java/common', '../bench-defs/sv-benchmarks/java/autostub/Character_public_static_boolean_java_lang_Character_isDigit_int']	8521f6d334e772f4c219fb913c0eb8b3847a46dcdc8647d9546e33f918f4848e
../bench-defs/sv-benchmarks/java/autostub/Character_public_static_boolean_java_lang_Character_isISOControl_int.yml	../bench-defs/sv-benchmarks/java/properties/valid-assert.prp	false	['../bench-defs/sv-benchmarks/java/common', '../bench-defs/sv-benchmarks/java/autostub/Character_public_static_boolean_java_lang_Character_isISOControl_int']	a2d8f788221a941ae0eab5d8993c1b1873d3a135ab13b230c973562ab74c9540
../bench-defs/sv-benchmarks/java/autostub/Character_public_static_boolean_java_lang_Character_isIdentifierIgnorable_int.yml	../bench-defs/sv-benchmarks/java/properties/valid-assert.prp	false	['../bench-defs/sv-benchmarks/java/common', '../bench-defs/sv-benchmarks/java/autostub/Character_public_static_boolean_java_lang_Character_isIdentifierIgnorable_int']	60156909f46cfcf3d62a3dabe0ed249ccb7f21787856e20b06e2ca5e4c2f4986
../bench-defs/sv-benchmarks/java/autostub/Character_public_static_boolean_java_lang_Character_isIdeographic_int.yml	../bench-defs/sv-benchmarks/java/properties/valid-assert.prp	false	['../bench-defs/sv-benchmarks/java/common', '../bench-defs/sv-benchmarks/java/autostub/Character_public_static_boolean_java_lang_Character_isIdeographic_int']	3ceaa73a63e15bb8beb9ca1277638b79d4a23c508557725998076118d84ce31f
../bench-defs/sv-benchmarks/java/autostub/Character_public_static_boolean_java_lang_Character_isJavaIdentifierPart_char.yml	../bench-defs/sv-benchmarks/java/properties/valid-assert.prp	false	['../bench-defs/sv-benchmarks/java/common', '../bench-defs/sv-benchmarks/java/autostub/Character_public_static_boolean_java_lang_Character_isJavaIdentifierPart_char']	dcaaf5cd370db471a612aed12a2e2e6463ed28f5cf2be7267406156fb886bc87
../bench-defs/sv-benchmarks/java/autostub/Character_public_static_boolean_java_lang_Character_isJavaIdentifierPart_int.yml	../bench-defs/sv-benchmarks/java/properties/valid-assert.prp	false	['../bench-defs/sv-benchmarks/java/common', '../bench-defs/sv-benchmarks/java/autostub/Character_public_static_boolean_java_lang_Character_isJavaIdentifierPart_int']	8de0d0f969a211483982edf2b03da96dd6a0b48d5cec888e6eebb412d9d8e7a1
../bench-defs/sv-benchmarks/java/autostub/Character_public_static_boolean_java_lang_Character_isJavaIdentifierStart_char.yml	../bench-defs/sv-benchmarks/java/properties/valid-assert.prp	false	['../bench-defs/sv-benchmarks/java/common', '../bench-defs/sv-benchmarks/java/autostub/Character_public_static_boolean_java_lang_Character_isJavaIdentifierStart_char']	a4439bf9e91604e9937294b9048e6c9fb7fffe7c810f02f5b905364f033b8cd8
../bench-defs/sv-benchmarks/java/autostub/Character_public_static_boolean_java_lang_Character_isJavaIdentifierStart_int.yml	../bench-defs/sv-benchmarks/java/properties/valid-assert.prp	false	['../bench-defs/sv-benchmarks/java/common', '../bench-defs/sv-benchmarks/java/autostub/Character_public_static_boolean_java_lang_Character_isJavaIdentifierStart_int']	e9b33e0e3f0fb4172ba69e0e2290fef4947ba2390928fa71115865afa2d9f374
../bench-defs/sv-benchmarks/java/autostub/Character_public_static_boolean_java_lang_Character_isJavaLetterOrDigit_char.yml	../bench-defs/sv-benchmarks/java/properties/valid-assert.prp	false	['../bench-defs/sv-benchmarks/java/common', '../bench-defs/sv-benchmarks/java/autostub/Character_public_static_boolean_java_lang_Character_isJavaLetterOrDigit_char']	557ae35a037d5e02f1d5978e56a87216693736a43542d28cbbfa2a8ef34787eb
../bench-defs/sv-benchmarks/java/autostub/Character_public_static_boolean_java_lang_Character_isJavaLetter_char.yml	../bench-defs/sv-benchmarks/java/properties/valid-assert.prp	false	['../bench-defs/sv-benchmarks/java/common', '../bench-defs/sv-benchmarks/java/autostub/Character_public_static_boolean_java_lang_Character_isJavaLetter_char']	c89dd063fdadce15f97d86066c9aca5f54d82e6f4b976a90611659de8093c5a1
../bench-defs/sv-benchmarks/java/autostub/Character_public_static_boolean_java_lang_Character_isLetterOrDigit_char.yml	../bench-defs/sv-benchmarks/java/properties/valid-assert.prp	false	['../bench-defs/sv-benchmarks/java/common', '../bench-defs/sv-benchmarks/java/autostub/Character_public_static_boolean_java_lang_Character_isLetterOrDigit_char']	65a6422f61b501f21f384746286219e31a0a5afd467f38f12b1c13ca11f0b330
../bench-defs/sv-benchmarks/java/autostub/Character_public_static_boolean_java_lang_Character_isLetterOrDigit_int.yml	../bench-defs/sv-benchmarks/java/properties/valid-assert.prp	false	['../bench-defs/sv-benchmarks/java/common', '../bench-defs/sv-benchmarks/java/autostub/Character_public_static_boolean_java_lang_Character_isLetterOrDigit_int']	903dd70c486ca44886f481c699ff1cbd2c4440dafa1e7b45fcba19f5b3270245
../bench-defs/sv-benchmarks/java/autostub/Character_public_static_boolean_java_lang_Character_isLetter_char.yml	../bench-defs/sv-benchmarks/java/properties/valid-assert.prp	false	['../bench-defs/sv-benchmarks/java/common', '../bench-defs/sv-benchmarks/java/autostub/Character_public_static_boolean_java_lang_Character_isLetter_char']	86c398b34facc176631a731c0c74b38f80aa09b0d7a83e14f9678f00fb986101
../bench-defs/sv-benchmarks/java/autostub/Character_public_static_boolean_java_lang_Character_isLetter_int.yml	../bench-defs/sv-benchmarks/java/properties/valid-assert.prp	false	['../bench-defs/sv-benchmarks/java/common', '../bench-defs/sv-benchmarks/java/autostub/Character_public_static_boolean_java_lang_Character_isLetter_int']	1648e4914f43fc07cf2c31e936318bd4337b5c2eed08713dd49773f3dc203992
../bench-defs/sv-benchmarks/java/autostub/Character_public_static_boolean_java_lang_Character_isLowerCase_char.yml	../bench-defs/sv-benchmarks/java/properties/valid-assert.prp	false	['../bench-defs/sv-benchmarks/java/common', '../bench-defs/sv-benchmarks/java/autostub/Character_public_static_boolean_java_lang_Character_isLowerCase_char']	3d15f37ee6abd6c7e1b37a93c7a30f01b50e874c35795febcb6a4b94e2d832a1
../bench-defs/sv-benchmarks/java/autostub/Character_public_static_boolean_java_lang_Character_isLowerCase_int.yml	../bench-defs/sv-benchmarks/java/properties/valid-assert.prp	false	['../bench-defs/sv-benchmarks/java/common', '../bench-defs/sv-benchmarks/java/autostub/Character_public_static_boolean_java_lang_Character_isLowerCase_int']	c950568047e418176950ed4e085f32a483396962364e4c33df1ecdca0864f338
../bench-defs/sv-benchmarks/java/autostub/Character_public_static_boolean_java_lang_Character_isMirrored_char.yml	../bench-defs/sv-benchmarks/java/properties/valid-assert.prp	false	['../bench-defs/sv-benchmarks/java/common', '../bench-defs/sv-benchmarks/java/autostub/Character_public_static_boolean_java_lang_Character_isMirrored_char']	1717729e4cbca92be777ad394c609e94e9112cdbcd7976c21f6385babeb10993
../bench-defs/sv-benchmarks/java/autostub/Character_public_static_boolean_java_lang_Character_isMirrored_int.yml	../bench-defs/sv-benchmarks/java/properties/valid-assert.prp	false	['../bench-defs/sv-benchmarks/java/common', '../bench-defs/sv-benchmarks/java/autostub/Character_public_static_boolean_java_lang_Character_isMirrored_int']	babbfeedce2a9d6a1b8a5e788cffb0e37a95082599fc299e5ee61fae65c17321
../bench-defs/sv-benchmarks/java/autostub/Character_public_static_boolean_java_lang_Character_isSpaceChar_char.yml	../bench-defs/sv-benchmarks/java/properties/valid-assert.prp	false	['../bench-defs/sv-benchmarks/java/common', '../bench-defs/sv-benchmarks/java/autostub/Character_public_static_boolean_java_lang_Character_isSpaceChar_char']	542aa1c5ff47855b4879da2f943b82ee6d2887a7ec2f727dfd69deacdc1e320f
../bench-defs/sv-benchmarks/java/autostub/Character_public_static_boolean_java_lang_Character_isSpaceChar_int.yml	../bench-defs/sv-benchmarks/java/properties/valid-assert.prp	false	['../bench-defs/sv-benchmarks/java/common', '../bench-defs/sv-benchmarks/java/autostub/Character_public_static_boolean_java_lang_Character_isSpaceChar_int']	0a448bba6bcf7a188f90a5263781bd40e663bf99a9cd781a12735afcc842cd65
../bench-defs/sv-benchmarks/java/autostub/Character_public_static_boolean_java_lang_Character_isSpace_char.yml	../bench-defs/sv-benchmarks/java/properties/valid-assert.prp	false	['../bench-defs/sv-benchmarks/java/common', '../bench-defs/sv-benchmarks/java/autostub/Character_public_static_boolean_java_lang_Character_isSpace_char']	1c70a61a01e8bbd8fe668515f6265e480d82c263e23f528050264a7ca6af380c
../bench-defs/sv-benchmarks/java/autostub/Character_public_static_boolean_java_lang_Character_isSupplementaryCodePoint_int.yml	../bench-defs/sv-benchmarks/java/properties/valid-assert.prp	false	['../bench-defs/sv-benchmarks/java/common', '../bench-defs/sv-benchmarks/java/autostub/Character_public_static_boolean_java_lang_Character_isSupplementaryCodePoint_int']	fc21f657a5b8260dd4243ae7ebd449a9ae5942bd8ae9e77831f5068d2a6d7c8f
../bench-defs/sv-benchmarks/java/autostub/Character_public_static_boolean_java_lang_Character_isTitleCase_int.yml	../bench-defs/sv-benchmarks/java/properties/valid-assert.prp	false	['../bench-defs/sv-benchmarks/java/common', '../bench-defs/sv-benchmarks/java/autostub/Character_public_static_boolean_java_lang_Character_isTitleCase_int']	67e2b1b20d9ceb50c09ef562b4df2d97b45852447d68690a5d2ce79dd60eb3e9
../bench-defs/sv-benchmarks/java/autostub/Character_public_static_boolean_java_lang_Character_isUnicodeIdentifierPart_char.yml	../bench-defs/sv-benchmarks/java/properties/valid-assert.prp	false	['../bench-defs/sv-benchmarks/java/common', '../bench-defs/sv-benchmarks/java/autostub/Character_public_static_boolean_java_lang_Character_isUnicodeIdentifierPart_char']	95e95cfa17af22aa77c5c8042ad626e0d5db4d137180fd675c5358ac5e988977
../bench-defs/sv-benchmarks/java/autostub/Character_public_static_boolean_java_lang_Character_isUnicodeIdentifierPart_int.yml	../bench-defs/sv-benchmarks/java/properties/valid-assert.prp	false	['../bench-defs/sv-benchmarks/java/common', '../bench-defs/sv-benchmarks/java/autostub/Character_public_static_boolean_java_lang_Character_isUnicodeIdentifierPart_int']	38d6d657b9e11885a8074ac0271edd2e76a39cd9ca99df1a07fe547b8568913f
../bench-defs/sv-benchmarks/java/autostub/Character_public_static_boolean_java_lang_Character_isUnicodeIdentifierStart_char.yml	../bench-defs/sv-benchmarks/java/properties/valid-assert.prp	false	['../bench-defs/sv-benchmarks/java/common', '../bench-defs/sv-benchmarks/java/autostub/Character_public_static_boolean_java_lang_Character_isUnicodeIdentifierStart_char']	aad87eaaa7a85bddb935f741075bf60fea24123b5f2f6b246f80ec1b6e981b85
../bench-defs/sv-benchmarks/java/autostub/Character_public_static_boolean_java_lang_Character_isUnicodeIdentifierStart_int.yml	../bench-defs/sv-benchmarks/java/properties/valid-assert.prp	false	['../bench-defs/sv-benchmarks/java/common', '../bench-defs/sv-benchmarks/java/autostub/Character_public_static_boolean_java_lang_Character_isUnicodeIdentifierStart_int']	5fef3c826adc8d178050d4972579daaef1ff4fad5fdf3748c720da5e30573fe1
../bench-defs/sv-benchmarks/java/autostub/Character_public_static_boolean_java_lang_Character_isUpperCase_char.yml	../bench-defs/sv-benchmarks/java/properties/valid-assert.prp	false	['../bench-defs/sv-benchmarks/java/common', '../bench-defs/sv-benchmarks/java/autostub/Character_public_static_boolean_java_lang_Character_isUpperCase_char']	65525ae452a248ab858275803939aadf9d8cd0364628564a99608fcea869e4f2
../bench-defs/sv-benchmarks/java/autostub/Character_public_static_boolean_java_lang_Character_isUpperCase_int.yml	../bench-defs/sv-benchmarks/java/properties/valid-assert.prp	false	['../bench-defs/sv-benchmarks/java/common', '../bench-defs/sv-benchmarks/java/autostub/Character_public_static_boolean_java_lang_Character_isUpperCase_int']	f1d1f3232180aa2e145fe04b5e2cb21510fdedca9db94b8aa2384752af9cedbe
../bench-defs/sv-benchmarks/java/autostub/Character_public_static_boolean_java_lang_Character_isValidCodePoint_int.yml	../bench-defs/sv-benchmarks/java/properties/valid-assert.prp	false	['../bench-defs/sv-benchmarks/java/common', '../bench-defs/sv-benchmarks/java/autostub/Character_public_static_boolean_java_lang_Character_isValidCodePoint_int']	ceb90fcd15aef05edef542901f91c98b3a41151a0eb66ea93bc1baf0a35e53dd
../bench-defs/sv-benchmarks/java/autostub/Character_public_static_boolean_java_lang_Character_isWhitespace_char.yml	../bench-defs/sv-benchmarks/java/properties/valid-assert.prp	false	['../bench-defs/sv-benchmarks/java/common', '../bench-defs/sv-benchmarks/java/autostub/Character_public_static_boolean_java_lang_Character_isWhitespace_char']	0d5312649429f995451d364a1a5e78de5cd8498fc77728f3ad98d675a1ca6c4e
../bench-defs/sv-benchmarks/java/autostub/Character_public_static_boolean_java_lang_Character_isWhitespace_int.yml	../bench-defs/sv-benchmarks/java/properties/valid-assert.prp	false	['../bench-defs/sv-benchmarks/java/common', '../bench-defs/sv-benchmarks/java/autostub/Character_public_static_boolean_java_lang_Character_isWhitespace_int']	a591653995d776e9430147d82344288d3f3899ae487afe6aeaf916138c018aed
../bench-defs/sv-benchmarks/java/autostub/Character_public_static_byte_java_lang_Character_getDirectionality_char.yml	../bench-defs/sv-benchmarks/java/properties/valid-assert.prp	false	['../bench-defs/sv-benchmarks/java/common', '../bench-defs/sv-benchmarks/java/autostub/Character_public_static_byte_java_lang_Character_getDirectionality_char']	f1f12098ff8317eb53abf5339594721b3587a624ca04cbe21a596e1fea1cb564
../bench-defs/sv-benchmarks/java/autostub/Character_public_static_byte_java_lang_Character_getDirectionality_int.yml	../bench-defs/sv-benchmarks/java/properties/valid-assert.prp	false	['../bench-defs/sv-benchmarks/java/common', '../bench-defs/sv-benchmarks/java/autostub/Character_public_static_byte_java_lang_Character_getDirectionality_int']	db03ed309a53f1d11c84521a629b33294285e566d2f368762f927499745dea96
../bench-defs/sv-benchmarks/java/autostub/Character_public_static_char_java_lang_Character_forDigit_int_int.yml	../bench-defs/sv-benchmarks/java/properties/valid-assert.prp	false	['../bench-defs/sv-benchmarks/java/common', '../bench-defs/sv-benchmarks/java/autostub/Character_public_static_char_java_lang_Character_forDigit_int_int']	1adbd69dfb720f67f5465fe235d25782c69f61dc07c5a06bb86b596e4cb64610
../bench-defs/sv-benchmarks/java/autostub/Character_public_static_char_java_lang_Character_toLowerCase_char.yml	../bench-defs/sv-benchmarks/java/properties/valid-assert.prp	false	['../bench-defs/sv-benchmarks/java/common', '../bench-defs/sv-benchmarks/java/autostub/Character_public_static_char_java_lang_Character_toLowerCase_char']	69f1fa12543f882a8cf4ffaf8418b4da5f2664c0face4f0eb729c8318ccbb0fc
../bench-defs/sv-benchmarks/java/autostub/Character_public_static_char_java_lang_Character_toTitleCase_char.yml	../bench-defs/sv-benchmarks/java/properties/valid-assert.prp	false	['../bench-defs/sv-benchmarks/java/common', '../bench-defs/sv-benchmarks/java/autostub/Character_public_static_char_java_lang_Character_toTitleCase_char']	094cda8d95f1fcc1127d9cfe54a99407651894e3394d4dc6eff30da6be641f6f
../bench-defs/sv-benchmarks/java/autostub/Character_public_static_char_java_lang_Character_toUpperCase_char.yml	../bench-defs/sv-benchmarks/java/properties/valid-assert.prp	false	['../bench-defs/sv-benchmarks/java/common', '../bench-defs/sv-benchmarks/java/autostub/Character_public_static_char_java_lang_Character_toUpperCase_char']	8e47af648c2957c289ce5ab3c41239350d4bec08fa3e71d1ce37eec021cda174
../bench-defs/sv-benchmarks/java/autostub/Character_public_static_int_java_lang_Character_charCount_int.yml	../bench-defs/sv-benchmarks/java/properties/valid-assert.prp	false	['../bench-defs/sv-benchmarks/java/common', '../bench-defs/sv-benchmarks/java/autostub/Character_public_static_int_java_lang_Character_charCount_int']	279fe94c40dff702adc242dac5ae5ac0eb44f05769b096d09b550644ac086fc3
../bench-defs/sv-benchmarks/java/autostub/Character_public_static_int_java_lang_Character_compare_char_char.yml	../bench-defs/sv-benchmarks/java/properties/valid-assert.prp	false	['../bench-defs/sv-benchmarks/java/common', '../bench-defs/sv-benchmarks/java/autostub/Character_public_static_int_java_lang_Character_compare_char_char']	e82d8a482f3453a36cdd02fa6ecfc9ae9b84dda599dea0dcf67fa5cf7151accf
../bench-defs/sv-benchmarks/java/autostub/Character_public_static_int_java_lang_Character_digit_char_int.yml	../bench-defs/sv-benchmarks/java/properties/valid-assert.prp	false	['../bench-defs/sv-benchmarks/java/common', '../bench-defs/sv-benchmarks/java/autostub/Character_public_static_int_java_lang_Character_digit_char_int']	3c6b4688fe83aa2c5bf79414b12c525228d612579d185b9b15df1a720dcce871
../bench-defs/sv-benchmarks/java/autostub/Character_public_static_int_java_lang_Character_digit_int_int.yml	../bench-defs/sv-benchmarks/java/properties/valid-assert.prp	false	['../bench-defs/sv-benchmarks/java/common', '../bench-defs/sv-benchmarks/java/autostub/Character_public_static_int_java_lang_Character_digit_int_int']	155b024da8380c50f228c02b3ab51d85c08d049d64e3840a24fe2a18a88c490a
../bench-defs/sv-benchmarks/java/autostub/Character_public_static_int_java_lang_Character_getNumericValue_char.yml	../bench-defs/sv-benchmarks/java/properties/valid-assert.prp	false	['../bench-defs/sv-benchmarks/java/common', '../bench-defs/sv-benchmarks/java/autostub/Character_public_static_int_java_lang_Character_getNumericValue_char']	028b3f42851d477c68021af30aab31b6ec678366327e9afd92feaeeca46860cd
../bench-defs/sv-benchmarks/java/autostub/Character_public_static_int_java_lang_Character_getNumericValue_int.yml	../bench-defs/sv-benchmarks/java/properties/valid-assert.prp	false	['../bench-defs/sv-benchmarks/java/common', '../bench-defs/sv-benchmarks/java/autostub/Character_public_static_int_java_lang_Character_getNumericValue_int']	4a27c3b816fa45a8c37ea804c3c7434fb0a4e59995586f5660f0a1b045001c54
../bench-defs/sv-benchmarks/java/autostub/Character_public_static_int_java_lang_Character_getType_char.yml	../bench-defs/sv-benchmarks/java/properties/valid-assert.prp	false	['../bench-defs/sv-benchmarks/java/common', '../bench-defs/sv-benchmarks/java/autostub/Character_public_static_int_java_lang_Character_getType_char']	dd3d785e476f2cb6a5fd94dcba4ee923f310ecebf46dbc427d56ddf434856c58
../bench-defs/sv-benchmarks/java/autostub/Character_public_static_int_java_lang_Character_getType_int.yml	../bench-defs/sv-benchmarks/java/properties/valid-assert.prp	false	['../bench-defs/sv-benchmarks/java/common', '../bench-defs/sv-benchmarks/java/autostub/Character_public_static_int_java_lang_Character_getType_int']	93da309aa2f7c0f35e97d0b2af52461a40d1de2ce5e8c80fdd99dd947e8fa915
../bench-defs/sv-benchmarks/java/autostub/Character_public_static_int_java_lang_Character_toCodePoint_char_char.yml	../bench-defs/sv-benchmarks/java/properties/valid-assert.prp	false	['../bench-defs/sv-benchmarks/java/common', '../bench-defs/sv-benchmarks/java/autostub/Character_public_static_int_java_lang_Character_toCodePoint_char_char']	52082b85ca23fddcb8ebf41cae30dc98ca7ebb5f8ef9bb445638c9140327f641
../bench-defs/sv-benchmarks/java/autostub/Character_public_static_int_java_lang_Character_toLowerCase_int.yml	../bench-defs/sv-benchmarks/java/properties/valid-assert.prp	false	['../bench-defs/sv-benchmarks/java/common', '../bench-defs/sv-benchmarks/java/autostub/Character_public_static_int_java_lang_Character_toLowerCase_int']	d4084c263701d44cff9f752a91c45da0e8ae38129a7cf6928637063f8a4ec3da
../bench-defs/sv-benchmarks/java/autostub/Character_public_static_int_java_lang_Character_toTitleCase_int.yml	../bench-defs/sv-benchmarks/java/properties/valid-assert.prp	false	['../bench-defs/sv-benchmarks/java/common', '../bench-defs/sv-benchmarks/java/autostub/Character_public_static_int_java_lang_Character_toTitleCase_int']	d56f9b3b14b74fb552fd3e4d0ece5130b8c3cad698a3e4e7066470cffc2b43da
../bench-defs/sv-benchmarks/java/autostub/Character_public_static_int_java_lang_Character_toUpperCase_int.yml	../bench-defs/sv-benchmarks/java/properties/valid-assert.prp	false	['../bench-defs/sv-benchmarks/java/common', '../bench-defs/sv-benchmarks/java/autostub/Character_public_static_int_java_lang_Character_toUpperCase_int']	9177afedeb14ec7a167167177ff827e42efa741b7a936c1eaa075b1206a8fc8c
../bench-defs/sv-benchmarks/java/autostub/Character_public_static_java_lang_Character_java_lang_Character_valueOf_char.yml	../bench-defs/sv-benchmarks/java/properties/valid-assert.prp	false	['../bench-defs/sv-benchmarks/java/common', '../bench-defs/sv-benchmarks/java/autostub/Character_public_static_java_lang_Character_java_lang_Character_valueOf_char']	049f6a41c991dbf4b1f1c60dd1dcdc867f1d38009d75f826deb8bd50538198a2
../bench-defs/sv-benchmarks/java/autostub/Character_public_static_java_lang_String_java_lang_Character_toString_char.yml	../bench-defs/sv-benchmarks/java/properties/valid-assert.prp	false	['../bench-defs/sv-benchmarks/java/common', '../bench-defs/sv-benchmarks/java/autostub/Character_public_static_java_lang_String_java_lang_Character_toString_char']	99d8d0cb6f8f62720648469b6efd7b7b89f527ec127abb9485c226baf5afe7d5
../bench-defs/sv-benchmarks/java/autostub/Double_public_boolean_java_lang_Double_isInfinite.yml	../bench-defs/sv-benchmarks/java/properties/valid-assert.prp	false	['../bench-defs/sv-benchmarks/java/common', '../bench-defs/sv-benchmarks/java/autostub/Double_public_boolean_java_lang_Double_isInfinite']	6210e1ecc5e71ebb85912ed36c0d282b99712e7bf107eda88f3cbd83254b776e
../bench-defs/sv-benchmarks/java/autostub/Double_public_boolean_java_lang_Double_isNaN.yml	../bench-defs/sv-benchmarks/java/properties/valid-assert.prp	false	['../bench-defs/sv-benchmarks/java/common', '../bench-defs/sv-benchmarks/java/autostub/Double_public_boolean_java_lang_Double_isNaN']	5e51e8f89b3cf9ca241820df2b323f5b95b52803cc9065c09605d13ee6ab4113
../bench-defs/sv-benchmarks/java/autostub/Double_public_byte_java_lang_Double_byteValue.yml	../bench-defs/sv-benchmarks/java/properties/valid-assert.prp	false	['../bench-defs/sv-benchmarks/java/common', '../bench-defs/sv-benchmarks/java/autostub/Double_public_byte_java_lang_Double_byteValue']	fa86120e19f92d9091f7c37cc285d7f8e78a1bd6522555fe3d7a682cc9a717d2
../bench-defs/sv-benchmarks/java/autostub/Double_public_int_java_lang_Double_compareTo_java_lang_Double.yml	../bench-defs/sv-benchmarks/java/properties/valid-assert.prp	false	['../bench-defs/sv-benchmarks/java/common', '../bench-defs/sv-benchmarks/java/autostub/Double_public_int_java_lang_Double_compareTo_java_lang_Double']	a7afc496b7bb568346da04586d3cd33d42940ad0b1db8942376ff04e9faac653
../bench-defs/sv-benchmarks/java/autostub/Double_public_int_java_lang_Double_intValue.yml	../bench-defs/sv-benchmarks/java/properties/valid-assert.prp	false	['../bench-defs/sv-benchmarks/java/common', '../bench-defs/sv-benchmarks/java/autostub/Double_public_int_java_lang_Double_intValue']	a88567155c931009b6b03f56b6162a2222db39022f7398dafe26b2c0c96bd11e
../bench-defs/sv-benchmarks/java/autostub/Double_public_java_lang_String_java_lang_Double_toString.yml	../bench-defs/sv-benchmarks/java/properties/valid-assert.prp	false	['../bench-defs/sv-benchmarks/java/common', '../bench-defs/sv-benchmarks/java/autostub/Double_public_java_lang_String_java_lang_Double_toString']	3f13361fe02f44f5f304a33890e4bfd1171103d6a49ec88e39c6baed8860b47a
../bench-defs/sv-benchmarks/java/autostub/Double_public_long_java_lang_Double_longValue.yml	../bench-defs/sv-benchmarks/java/properties/valid-assert.prp	false	['../bench-defs/sv-benchmarks/java/common', '../bench-defs/sv-benchmarks/java/autostub/Double_public_long_java_lang_Double_longValue']	c69f4686bd9ba1e302e267b10df3c4ba4709af601d96f8e302321a0475cf7ccf
../bench-defs/sv-benchmarks/java/autostub/Double_public_short_java_lang_Double_shortValue.yml	../bench-defs/sv-benchmarks/java/properties/valid-assert.prp	false	['../bench-defs/sv-benchmarks/java/common', '../bench-defs/sv-benchmarks/java/autostub/Double_public_short_java_lang_Double_shortValue']	69a2a4b47e83a3928cb55a1f5e3c97706dfe40f7343ee770ab7ae3fe8f807ed1
../bench-defs/sv-benchmarks/java/autostub/Double_public_static_boolean_java_lang_Double_isFinite_double.yml	../bench-defs/sv-benchmarks/java/properties/valid-assert.prp	false	['../bench-defs/sv-benchmarks/java/common', '../bench-defs/sv-benchmarks/java/autostub/Double_public_static_boolean_java_lang_Double_isFinite_double']	33822788274afaf52015cdfcaaafd3cb729853a6b7f3c21827749d0ac3adf49e
../bench-defs/sv-benchmarks/java/autostub/Double_public_static_boolean_java_lang_Double_isInfinite_double.yml	../bench-defs/sv-benchmarks/java/properties/valid-assert.prp	false	['../bench-defs/sv-benchmarks/java/common', '../bench-defs/sv-benchmarks/java/autostub/Double_public_static_boolean_java_lang_Double_isInfinite_double']	2bdb45e81db0df659fa61f95648bc10f08d9c66b33a1b00b884aff8dbefb2e65
../bench-defs/sv-benchmarks/java/autostub/Double_public_static_boolean_java_lang_Double_isNaN_double.yml	../bench-defs/sv-benchmarks/java/properties/valid-assert.prp	false	['../bench-defs/sv-benchmarks/java/common', '../bench-defs/sv-benchmarks/java/autostub/Double_public_static_boolean_java_lang_Double_isNaN_double']	0edf28100d54837f3b3dcdd99a85f665f1db9295b65b5a950e0375e1fb16e409
../bench-defs/sv-benchmarks/java/autostub/Double_public_static_int_java_lang_Double_compare_double_double.yml	../bench-defs/sv-benchmarks/java/properties/valid-assert.prp	false	['../bench-defs/sv-benchmarks/java/common', '../bench-defs/sv-benchmarks/java/autostub/Double_public_static_int_java_lang_Double_compare_double_double']	be656dcd307650155441281f04d43080a31ee18d1cc6979be46e7af038e77fd6
../bench-defs/sv-benchmarks/java/autostub/Double_public_static_java_lang_String_java_lang_Double_toHexString_double.yml	../bench-defs/sv-benchmarks/java/properties/valid-assert.prp	false	['../bench-defs/sv-benchmarks/java/common', '../bench-defs/sv-benchmarks/java/autostub/Double_public_static_java_lang_String_java_lang_Double_toHexString_double']	e09283965e02eb20734086ed31ed4821787eb77fc73518d3cd5ea4943141a7fe
../bench-defs/sv-benchmarks/java/autostub/Double_public_static_java_lang_String_java_lang_Double_toString_double.yml	../bench-defs/sv-benchmarks/java/properties/valid-assert.prp	false	['../bench-defs/sv-benchmarks/java/common', '../bench-defs/sv-benchmarks/java/autostub/Double_public_static_java_lang_String_java_lang_Double_toString_double']	492bc6406439943eba858c7bb95ebedd1808db6ef770f2434da08bce27496158
../bench-defs/sv-benchmarks/java/autostub/Double_public_static_long_java_lang_Double_doubleToLongBits_double.yml	../bench-defs/sv-benchmarks/java/properties/valid-assert.prp	false	['../bench-defs/sv-benchmarks/java/common', '../bench-defs/sv-benchmarks/java/autostub/Double_public_static_long_java_lang_Double_doubleToLongBits_double']	97b7adf04eee285d4f52add3f69bc496bc1be695faed23a23923c8a531edfe10
../bench-defs/sv-benchmarks/java/autostub/Double_public_static_native_long_java_lang_Double_doubleToRawLongBits_double.yml	../bench-defs/sv-benchmarks/java/properties/valid-assert.prp	false	['../bench-defs/sv-benchmarks/java/common', '../bench-defs/sv-benchmarks/java/autostub/Double_public_static_native_long_java_lang_Double_doubleToRawLongBits_double']	0ea47d758b34bf318bd8670cd6a64bf8de481e167a387a97642253b3a334ed6e
../bench-defs/sv-benchmarks/java/autostub/Float_public_boolean_java_lang_Float_isInfinite.yml	../bench-defs/sv-benchmarks/java/properties/valid-assert.prp	false	['../bench-defs/sv-benchmarks/java/common', '../bench-defs/sv-benchmarks/java/autostub/Float_public_boolean_java_lang_Float_isInfinite']	0a200592b6b3ab6ccdff67c98370ebf31ba808a57ae68415249afcd3192d71fc
../bench-defs/sv-benchmarks/java/autostub/Float_public_boolean_java_lang_Float_isNaN.yml	../bench-defs/sv-benchmarks/java/properties/valid-assert.prp	false	['../bench-defs/sv-benchmarks/java/common', '../bench-defs/sv-benchmarks/java/autostub/Float_public_boolean_java_lang_Float_isNaN']	24a76c7e56e352be1c0d5593427c872d5cbdaa1e3630b812b0d68fda6f949435
../bench-defs/sv-benchmarks/java/autostub/Float_public_byte_java_lang_Float_byteValue.yml	../bench-defs/sv-benchmarks/java/properties/valid-assert.prp	false	['../bench-defs/sv-benchmarks/java/common', '../bench-defs/sv-benchmarks/java/autostub/Float_public_byte_java_lang_Float_byteValue']	6a8065d6a1102c4e47928c91c7ea4e933c1da7fdf9a16c421d62c9d88aec2034
../bench-defs/sv-benchmarks/java/autostub/Float_public_int_java_lang_Float_compareTo_java_lang_Float.yml	../bench-defs/sv-benchmarks/java/properties/valid-assert.prp	false	['../bench-defs/sv-benchmarks/java/common', '../bench-defs/sv-benchmarks/java/autostub/Float_public_int_java_lang_Float_compareTo_java_lang_Float']	8d3ae8f798c50f8f06dcf76a43e27ec6a4f70f49f44d7a2ed6363eda19017bae
../bench-defs/sv-benchmarks/java/autostub/Float_public_int_java_lang_Float_intValue.yml	../bench-defs/sv-benchmarks/java/properties/valid-assert.prp	false	['../bench-defs/sv-benchmarks/java/common', '../bench-defs/sv-benchmarks/java/autostub/Float_public_int_java_lang_Float_intValue']	6983fa96fd6aae83e819dd1cf31a6e0362e39ee9c12fefc3bbcc6ee1a37a897a
../bench-defs/sv-benchmarks/java/autostub/Float_public_java_lang_String_java_lang_Float_toString.yml	../bench-defs/sv-benchmarks/java/properties/valid-assert.prp	false	['../bench-defs/sv-benchmarks/java/common', '../bench-defs/sv-benchmarks/java/autostub/Float_public_java_lang_String_java_lang_Float_toString']	39e32181b312a7849fd28acf16a7faa99c4d30bae1fd1764e8e2010b0bc927fc
../bench-defs/sv-benchmarks/java/autostub/Float_public_long_java_lang_Float_longValue.yml	../bench-defs/sv-benchmarks/java/properties/valid-assert.prp	false	['../bench-defs/sv-benchmarks/java/common', '../bench-defs/sv-benchmarks/java/autostub/Float_public_long_java_lang_Float_longValue']	b92a6970ccbfd90d9a5ecc1866a1ff0450ec0c1ef4b124ac9f4732d7433b8bc6
../bench-defs/sv-benchmarks/java/autostub/Float_public_short_java_lang_Float_shortValue.yml	../bench-defs/sv-benchmarks/java/properties/valid-assert.prp	false	['../bench-defs/sv-benchmarks/java/common', '../bench-defs/sv-benchmarks/java/autostub/Float_public_short_java_lang_Float_shortValue']	c62ee06130b14a7f55693f4facd37cdf4f836a360b2c27ad9c72d5daefb18385
../bench-defs/sv-benchmarks/java/autostub/Float_public_static_boolean_java_lang_Float_isFinite_float.yml	../bench-defs/sv-benchmarks/java/properties/valid-assert.prp	false	['../bench-defs/sv-benchmarks/java/common', '../bench-defs/sv-benchmarks/java/autostub/Float_public_static_boolean_java_lang_Float_isFinite_float']	5f769ed71399b45a89c197b12cb163d18916b1567dc0840fc3d03a2191c4cdd4
../bench-defs/sv-benchmarks/java/autostub/Float_public_static_boolean_java_lang_Float_isInfinite_float.yml	../bench-defs/sv-benchmarks/java/properties/valid-assert.prp	false	['../bench-defs/sv-benchmarks/java/common', '../bench-defs/sv-benchmarks/java/autostub/Float_public_static_boolean_java_lang_Float_isInfinite_float']	fc8aea66395c79b3fa988bd86f21f4d7b44ac250936533b64262570cd79d1b84
../bench-defs/sv-benchmarks/java/autostub/Float_public_static_boolean_java_lang_Float_isNaN_float.yml	../bench-defs/sv-benchmarks/java/properties/valid-assert.prp	false	['../bench-defs/sv-benchmarks/java/common', '../bench-defs/sv-benchmarks/java/autostub/Float_public_static_boolean_java_lang_Float_isNaN_float']	96b863bc8654b04d607a26b74e0c07eedb1df3cf4f91f52fd18e1965ba2fc6a2
../bench-defs/sv-benchmarks/java/autostub/Float_public_static_int_java_lang_Float_compare_float_float.yml	../bench-defs/sv-benchmarks/java/properties/valid-assert.prp	false	['../bench-defs/sv-benchmarks/java/common', '../bench-defs/sv-benchmarks/java/autostub/Float_public_static_int_java_lang_Float_compare_float_float']	a024e0195f844300964603baf8ef251a47e13625b6a4d40f189a70051e30fe15
../bench-defs/sv-benchmarks/java/autostub/Float_public_static_int_java_lang_Float_floatToIntBits_float.yml	../bench-defs/sv-benchmarks/java/properties/valid-assert.prp	false	['../bench-defs/sv-benchmarks/java/common', '../bench-defs/sv-benchmarks/java/autostub/Float_public_static_int_java_lang_Float_floatToIntBits_float']	0ebe6b15bad716dd16434ae4d1ddf7c304d30e53f027f8aa033359ccc1da73ab
../bench-defs/sv-benchmarks/java/autostub/Float_public_static_java_lang_String_java_lang_Float_toHexString_float.yml	../bench-defs/sv-benchmarks/java/properties/valid-assert.prp	false	['../bench-defs/sv-benchmarks/java/common', '../bench-defs/sv-benchmarks/java/autostub/Float_public_static_java_lang_String_java_lang_Float_toHexString_float']	3d641a3de173c064893fb3586fbc6ffb19aa7c0402f9a49b7fc929b18b3ce826
../bench-defs/sv-benchmarks/java/autostub/Float_public_static_java_lang_String_java_lang_Float_toString_float.yml	../bench-defs/sv-benchmarks/java/properties/valid-assert.prp	false	['../bench-defs/sv-benchmarks/java/common', '../bench-defs/sv-benchmarks/java/autostub/Float_public_static_java_lang_String_java_lang_Float_toString_float']	8ff7208d429fc3416180c11c199ba7f12b355350b0fe967610491bb3e1bb4a26
../bench-defs/sv-benchmarks/java/autostub/Float_public_static_native_int_java_lang_Float_floatToRawIntBits_float.yml	../bench-defs/sv-benchmarks/java/properties/valid-assert.prp	false	['../bench-defs/sv-benchmarks/java/common', '../bench-defs/sv-benchmarks/java/autostub/Float_public_static_native_int_java_lang_Float_floatToRawIntBits_float']	c981c912e41c45be4883a68579938a1dc98173c762d3c4da4b7d3c3218af792a
../bench-defs/sv-benchmarks/java/autostub/Integer_public_byte_java_lang_Integer_byteValue.yml	../bench-defs/sv-benchmarks/java/properties/valid-assert.prp	false	['../bench-defs/sv-benchmarks/java/common', '../bench-defs/sv-benchmarks/java/autostub/Integer_public_byte_java_lang_Integer_byteValue']	3e742a5397be3643e85d087c7294e6d7f5904283957094d37525f1b1c600e291
../bench-defs/sv-benchmarks/java/autostub/Integer_public_double_java_lang_Integer_doubleValue.yml	../bench-defs/sv-benchmarks/java/properties/valid-assert.prp	false	['../bench-defs/sv-benchmarks/java/common', '../bench-defs/sv-benchmarks/java/autostub/Integer_public_double_java_lang_Integer_doubleValue']	51726112c6a173ec5e5593bf80c39ddca1c6ac23d074bd5b6776dc8cf90f6d93
../bench-defs/sv-benchmarks/java/autostub/Integer_public_float_java_lang_Integer_floatValue.yml	../bench-defs/sv-benchmarks/java/properties/valid-assert.prp	false	['../bench-defs/sv-benchmarks/java/common', '../bench-defs/sv-benchmarks/java/autostub/Integer_public_float_java_lang_Integer_floatValue']	60a805f471da96e3c79c0ee79f63a08b4b2ec2c76c64327d7278902602fa8c96
../bench-defs/sv-benchmarks/java/autostub/Integer_public_int_java_lang_Integer_compareTo_java_lang_Integer.yml	../bench-defs/sv-benchmarks/java/properties/valid-assert.prp	false	['../bench-defs/sv-benchmarks/java/common', '../bench-defs/sv-benchmarks/java/autostub/Integer_public_int_java_lang_Integer_compareTo_java_lang_Integer']	0ef1d4f4cd416ee2befcf79a2608147945e5492c9659320a5c5c74cc2f661bd6
../bench-defs/sv-benchmarks/java/autostub/Integer_public_int_java_lang_Integer_intValue.yml	../bench-defs/sv-benchmarks/java/properties/valid-assert.prp	false	['../bench-defs/sv-benchmarks/java/common', '../bench-defs/sv-benchmarks/java/autostub/Integer_public_int_java_lang_Integer_intValue']	90b6560089d1266a77afbb6e330894eadaeabb2188a396bada3877b9d77851ac
../bench-defs/sv-benchmarks/java/autostub/Integer_public_java_lang_String_java_lang_Integer_toString.yml	../bench-defs/sv-benchmarks/java/properties/valid-assert.prp	false	['../bench-defs/sv-benchmarks/java/common', '../bench-defs/sv-benchmarks/java/autostub/Integer_public_java_lang_String_java_lang_Integer_toString']	703834340f5ba3775c3d08841dc073f996e86d951d0d39f4acb9ec02a787492f
../bench-defs/sv-benchmarks/java/autostub/Integer_public_long_java_lang_Integer_longValue.yml	../bench-defs/sv-benchmarks/java/properties/valid-assert.prp	false	['../bench-defs/sv-benchmarks/java/common', '../bench-defs/sv-benchmarks/java/autostub/Integer_public_long_java_lang_Integer_longValue']	f9302a3846563317e83e669e8e59be3a05026a2dcd254388d3acf6f2e440b9bc
../bench-defs/sv-benchmarks/java/autostub/Integer_public_short_java_lang_Integer_shortValue.yml	../bench-defs/sv-benchmarks/java/properties/valid-assert.prp	false	['../bench-defs/sv-benchmarks/java/common', '../bench-defs/sv-benchmarks/java/autostub/Integer_public_short_java_lang_Integer_shortValue']	adb40df6c644a8e5a86138897fc86535adcecfd30635f31c3bd41d066b2ac3b4
../bench-defs/sv-benchmarks/java/autostub/Integer_public_static_int_java_lang_Integer_bitCount_int.yml	../bench-defs/sv-benchmarks/java/properties/valid-assert.prp	false	['../bench-defs/sv-benchmarks/java/common', '../bench-defs/sv-benchmarks/java/autostub/Integer_public_static_int_java_lang_Integer_bitCount_int']	fac1b805242c9d781d783a4bb16122e47973228b0ee5cfa7a65265d5c2225f73
../bench-defs/sv-benchmarks/java/autostub/Integer_public_static_int_java_lang_Integer_compareUnsigned_int_int.yml	../bench-defs/sv-benchmarks/java/properties/valid-assert.prp	false	['../bench-defs/sv-benchmarks/java/common', '../bench-defs/sv-benchmarks/java/autostub/Integer_public_static_int_java_lang_Integer_compareUnsigned_int_int']	889e4a20178bad66d1246a7da79f3bbf1d08bbfaef032220d0e3be88a9f4a951
../bench-defs/sv-benchmarks/java/autostub/Integer_public_static_int_java_lang_Integer_compare_int_int.yml	../bench-defs/sv-benchmarks/java/properties/valid-assert.prp	false	['../bench-defs/sv-benchmarks/java/common', '../bench-defs/sv-benchmarks/java/autostub/Integer_public_static_int_java_lang_Integer_compare_int_int']	b6ceff19501ed7bb59d5317abaa6b3dadddfd67a5e9da87f491a2ed4c413fcc8
../bench-defs/sv-benchmarks/java/autostub/Integer_public_static_int_java_lang_Integer_highestOneBit_int.yml	../bench-defs/sv-benchmarks/java/properties/valid-assert.prp	false	['../bench-defs/sv-benchmarks/java/common', '../bench-defs/sv-benchmarks/java/autostub/Integer_public_static_int_java_lang_Integer_highestOneBit_int']	933ff8e1e27c41990042756ae48e25e015dcab7c7b020b8618db41e047233c2f
../bench-defs/sv-benchmarks/java/autostub/Integer_public_static_int_java_lang_Integer_lowestOneBit_int.yml	../bench-defs/sv-benchmarks/java/properties/valid-assert.prp	false	['../bench-defs/sv-benchmarks/java/common', '../bench-defs/sv-benchmarks/java/autostub/Integer_public_static_int_java_lang_Integer_lowestOneBit_int']	d80e6590467895a353dfc3207786b3babacb5f92ae2b92612136cd48a665c29d
../bench-defs/sv-benchmarks/java/autostub/Integer_public_static_int_java_lang_Integer_max_int_int.yml	../bench-defs/sv-benchmarks/java/properties/valid-assert.prp	false	['../bench-defs/sv-benchmarks/java/common', '../bench-defs/sv-benchmarks/java/autostub/Integer_public_static_int_java_lang_Integer_max_int_int']	a01f78367dd4ac267aa5e7a06a9806d163ca39f6ea014335839714adf156d004
../bench-defs/sv-benchmarks/java/autostub/Integer_public_static_int_java_lang_Integer_min_int_int.yml	../bench-defs/sv-benchmarks/java/properties/valid-assert.prp	false	['../bench-defs/sv-benchmarks/java/common', '../bench-defs/sv-benchmarks/java/autostub/Integer_public_static_int_java_lang_Integer_min_int_int']	67538a9255261f3f955f4e655a05da8a922a6a757d409989d6209f14decaafe1
../bench-defs/sv-benchmarks/java/autostub/Integer_public_static_int_java_lang_Integer_numberOfLeadingZeros_int.yml	../bench-defs/sv-benchmarks/java/properties/valid-assert.prp	false	['../bench-defs/sv-benchmarks/java/common', '../bench-defs/sv-benchmarks/java/autostub/Integer_public_static_int_java_lang_Integer_numberOfLeadingZeros_int']	1547d81747cd867e3e25f0773477b0b3134f639bf5ca1889137e562d6d74b2ef
../bench-defs/sv-benchmarks/java/autostub/Integer_public_static_int_java_lang_Integer_numberOfTrailingZeros_int.yml	../bench-defs/sv-benchmarks/java/properties/valid-assert.prp	false	['../bench-defs/sv-benchmarks/java/common', '../bench-defs/sv-benchmarks/java/autostub/Integer_public_static_int_java_lang_Integer_numberOfTrailingZeros_int']	62e991836c588fc54c26849e82a9506875092bd2de38c4e374996d6bcddba18c
../bench-defs/sv-benchmarks/java/autostub/Integer_public_static_int_java_lang_Integer_reverseBytes_int.yml	../bench-defs/sv-benchmarks/java/properties/valid-assert.prp	false	['../bench-defs/sv-benchmarks/java/common', '../bench-defs/sv-benchmarks/java/autostub/Integer_public_static_int_java_lang_Integer_reverseBytes_int']	5551696a570eb88773d6bf150c87aa5a4dbc6eb8b21a7ed81bf0b9fec9700239
../bench-defs/sv-benchmarks/java/autostub/Integer_public_static_int_java_lang_Integer_reverse_int.yml	../bench-defs/sv-benchmarks/java/properties/valid-assert.prp	false	['../bench-defs/sv-benchmarks/java/common', '../bench-defs/sv-benchmarks/java/autostub/Integer_public_static_int_java_lang_Integer_reverse_int']	d4eb0361ed4ea9a678e5a4478a8b31d47b8151779b0bed3ec145f5822be0df46
../bench-defs/sv-benchmarks/java/autostub/Integer_public_static_int_java_lang_Integer_rotateLeft_int_int.yml	../bench-defs/sv-benchmarks/java/properties/valid-assert.prp	false	['../bench-defs/sv-benchmarks/java/common', '../bench-defs/sv-benchmarks/java/autostub/Integer_public_static_int_java_lang_Integer_rotateLeft_int_int']	3e19ac60f97805409fe76399bd975441aff8fbcfe94da0db87a8c5b42e545857
../bench-defs/sv-benchmarks/java/autostub/Integer_public_static_int_java_lang_Integer_rotateRight_int_int.yml	../bench-defs/sv-benchmarks/java/properties/valid-assert.prp	false	['../bench-defs/sv-benchmarks/java/common', '../bench-defs/sv-benchmarks/java/autostub/Integer_public_static_int_java_lang_Integer_rotateRight_int_int']	df81443dc3aabcbc40da69801aa9a46cba50cdb64fabbe21e19d80139ffa248a
../bench-defs/sv-benchmarks/java/autostub/Integer_public_static_int_java_lang_Integer_signum_int.yml	../bench-defs/sv-benchmarks/java/properties/valid-assert.prp	false	['../bench-defs/sv-benchmarks/java/common', '../bench-defs/sv-benchmarks/java/autostub/Integer_public_static_int_java_lang_Integer_signum_int']	a1bfb78223e4396a3114bfa7f9979e495acc9d3de871108e42b44c335307fbc0
../bench-defs/sv-benchmarks/java/autostub/Integer_public_static_int_java_lang_Integer_sum_int_int.yml	../bench-defs/sv-benchmarks/java/properties/valid-assert.prp	false	['../bench-defs/sv-benchmarks/java/common', '../bench-defs/sv-benchmarks/java/autostub/Integer_public_static_int_java_lang_Integer_sum_int_int']	5ae0a5a7d004912dd82b3fab761eaa6e2eb46a77d9c8689aaa2f737210d75a33
../bench-defs/sv-benchmarks/java/autostub/Integer_public_static_java_lang_Integer_java_lang_Integer_getInteger_java_lang_String_int.yml	../bench-defs/sv-benchmarks/java/properties/valid-assert.prp	false	['../bench-defs/sv-benchmarks/java/common', '../bench-defs/sv-benchmarks/java/autostub/Integer_public_static_java_lang_Integer_java_lang_Integer_getInteger_java_lang_String_int']	4634e0cecc2f440ddc4191289e580df2c617b273fc493e2166e76354092fc105
../bench-defs/sv-benchmarks/java/autostub/Integer_public_static_java_lang_Integer_java_lang_Integer_getInteger_java_lang_String_java_lang_Integer.yml	../bench-defs/sv-benchmarks/java/properties/valid-assert.prp	false	['../bench-defs/sv-benchmarks/java/common', '../bench-defs/sv-benchmarks/java/autostub/Integer_public_static_java_lang_Integer_java_lang_Integer_getInteger_java_lang_String_java_lang_Integer']	df1dd3fe71ff8cde1a56303a68361f9acaeb332213c487c01822a481e2981484
../bench-defs/sv-benchmarks/java/autostub/Integer_public_static_java_lang_Integer_java_lang_Integer_valueOf_int.yml	../bench-defs/sv-benchmarks/java/properties/valid-assert.prp	false	['../bench-defs/sv-benchmarks/java/common', '../bench-defs/sv-benchmarks/java/autostub/Integer_public_static_java_lang_Integer_java_lang_Integer_valueOf_int']	88a0d70a89bcf8b377273e046e381c7d23fca1b3bb20992522509d36c3605950
../bench-defs/sv-benchmarks/java/autostub/Integer_public_static_java_lang_String_java_lang_Integer_toBinaryString_int.yml	../bench-defs/sv-benchmarks/java/properties/valid-assert.prp	false	['../bench-defs/sv-benchmarks/java/common', '../bench-defs/sv-benchmarks/java/autostub/Integer_public_static_java_lang_String_java_lang_Integer_toBinaryString_int']	1910c91e1c8103d6d342aff6266d0572150006a68950e2e92207238336e9a53b
../bench-defs/sv-benchmarks/java/autostub/Integer_public_static_java_lang_String_java_lang_Integer_toHexString_int.yml	../bench-defs/sv-benchmarks/java/properties/valid-assert.prp	false	['../bench-defs/sv-benchmarks/java/common', '../bench-defs/sv-benchmarks/java/autostub/Integer_public_static_java_lang_String_java_lang_Integer_toHexString_int']	7babc1fa6ca9ed885895c4f681318a5ac5ecad9f52c80cf2f20529e297b914d7
../bench-defs/sv-benchmarks/java/autostub/Integer_public_static_java_lang_String_java_lang_Integer_toOctalString_int.yml	../bench-defs/sv-benchmarks/java/properties/valid-assert.prp	false	['../bench-defs/sv-benchmarks/java/common', '../bench-defs/sv-benchmarks/java/autostub/Integer_public_static_java_lang_String_java_lang_Integer_toOctalString_int']	4bd8c5d190960425e5c23c91caadf02a52aafa50a178ced4a08c5348389e7dc5
../bench-defs/sv-benchmarks/java/autostub/Integer_public_static_java_lang_String_java_lang_Integer_toString_int.yml	../bench-defs/sv-benchmarks/java/properties/valid-assert.prp	false	['../bench-defs/sv-benchmarks/java/common', '../bench-defs/sv-benchmarks/java/autostub/Integer_public_static_java_lang_String_java_lang_Integer_toString_int']	3ce4afc8b47a38563f2b84235eb588127a77d20245f2695b236f3762b7f9b1bc
../bench-defs/sv-benchmarks/java/autostub/Integer_public_static_java_lang_String_java_lang_Integer_toString_int_int.yml	../bench-defs/sv-benchmarks/java/properties/valid-assert.prp	false	['../bench-defs/sv-benchmarks/java/common', '../bench-defs/sv-benchmarks/java/autostub/Integer_public_static_java_lang_String_java_lang_Integer_toString_int_int']	204b93ff1d656b83962b956ad06ba08536aa0d9cb56a8d27b80c0e166201264f
../bench-defs/sv-benchmarks/java/autostub/Integer_public_static_java_lang_String_java_lang_Integer_toUnsignedString_int.yml	../bench-defs/sv-benchmarks/java/properties/valid-assert.prp	false	['../bench-defs/sv-benchmarks/java/common', '../bench-defs/sv-benchmarks/java/autostub/Integer_public_static_java_lang_String_java_lang_Integer_toUnsignedString_int']	54c08ff936b8be34e2e89cd41ab3626723963879a75624ff1b15c8b6a15684ae
../bench-defs/sv-benchmarks/java/autostub/Integer_public_static_java_lang_String_java_lang_Integer_toUnsignedString_int_int.yml	../bench-defs/sv-benchmarks/java/properties/valid-assert.prp	false	['../bench-defs/sv-benchmarks/java/common', '../bench-defs/sv-benchmarks/java/autostub/Integer_public_static_java_lang_String_java_lang_Integer_toUnsignedString_int_int']	9a0b8c5ae4b0ca1b605f37844164485bdd4e4005fdcb45ab5936f68fe7c42ef6
../bench-defs/sv-benchmarks/java/autostub/Integer_public_static_long_java_lang_Integer_toUnsignedLong_int.yml	../bench-defs/sv-benchmarks/java/properties/valid-assert.prp	false	['../bench-defs/sv-benchmarks/java/common', '../bench-defs/sv-benchmarks/java/autostub/Integer_public_static_long_java_lang_Integer_toUnsignedLong_int']	fc81497f5dd4b665da88f3fba4a56d2abe39e4a047213acb6cb45f7efcb57798
../bench-defs/sv-benchmarks/java/autostub/Long_public_byte_java_lang_Long_byteValue.yml	../bench-defs/sv-benchmarks/java/properties/valid-assert.prp	false	['../bench-defs/sv-benchmarks/java/common', '../bench-defs/sv-benchmarks/java/autostub/Long_public_byte_java_lang_Long_byteValue']	94b470853ea1cabf617dc0ec4c75ad3126e187504ff7cf47dd75dec9bb89cc30
../bench-defs/sv-benchmarks/java/autostub/Long_public_double_java_lang_Long_doubleValue.yml	../bench-defs/sv-benchmarks/java/properties/valid-assert.prp	false	['../bench-defs/sv-benchmarks/java/common', '../bench-defs/sv-benchmarks/java/autostub/Long_public_double_java_lang_Long_doubleValue']	4a5bf35b6406f98a602cdaa9d2817e0f83bc97e73bf6bcae952cf3956cd40168
../bench-defs/sv-benchmarks/java/autostub/Long_public_float_java_lang_Long_floatValue.yml	../bench-defs/sv-benchmarks/java/properties/valid-assert.prp	false	['../bench-defs/sv-benchmarks/java/common', '../bench-defs/sv-benchmarks/java/autostub/Long_public_float_java_lang_Long_floatValue']	39a5949a21931c3eeaa6e9f3dd481def9f6fe893622d3e0a6a74bc46da373992
../bench-defs/sv-benchmarks/java/autostub/Long_public_int_java_lang_Long_compareTo_java_lang_Long.yml	../bench-defs/sv-benchmarks/java/properties/valid-assert.prp	false	['../bench-defs/sv-benchmarks/java/common', '../bench-defs/sv-benchmarks/java/autostub/Long_public_int_java_lang_Long_compareTo_java_lang_Long']	0d39c652022e0ffda8af4473bb7d7bba5a87581b17ee080fd5add552ed0834bf
../bench-defs/sv-benchmarks/java/autostub/Long_public_int_java_lang_Long_intValue.yml	../bench-defs/sv-benchmarks/java/properties/valid-assert.prp	false	['../bench-defs/sv-benchmarks/java/common', '../bench-defs/sv-benchmarks/java/autostub/Long_public_int_java_lang_Long_intValue']	ef863b8f90278a6b7dee049b642d67084a109119310157b392ea61d16923906e
../bench-defs/sv-benchmarks/java/autostub/Long_public_java_lang_String_java_lang_Long_toString.yml	../bench-defs/sv-benchmarks/java/properties/valid-assert.prp	false	['../bench-defs/sv-benchmarks/java/common', '../bench-defs/sv-benchmarks/java/autostub/Long_public_java_lang_String_java_lang_Long_toString']	82c79f76bf2000ac1d1aff08774cc78605edf6b8d99e89776c6ed0066306afad
../bench-defs/sv-benchmarks/java/autostub/Long_public_long_java_lang_Long_longValue.yml	../bench-defs/sv-benchmarks/java/properties/valid-assert.prp	false	['../bench-defs/sv-benchmarks/java/common', '../bench-defs/sv-benchmarks/java/autostub/Long_public_long_java_lang_Long_longValue']	933a325b035d5e02db8c51a3eeab32bcfbb97bfc1a62db9703f274d936af832c
../bench-defs/sv-benchmarks/java/autostub/Long_public_short_java_lang_Long_shortValue.yml	../bench-defs/sv-benchmarks/java/properties/valid-assert.prp	false	['../bench-defs/sv-benchmarks/java/common', '../bench-defs/sv-benchmarks/java/autostub/Long_public_short_java_lang_Long_shortValue']	adde0cedbb0eb343ba8670e786394b2c600f77917b8b0a7c2f250f5465cb8887
../bench-defs/sv-benchmarks/java/autostub/Long_public_static_int_java_lang_Long_bitCount_long.yml	../bench-defs/sv-benchmarks/java/properties/valid-assert.prp	false	['../bench-defs/sv-benchmarks/java/common', '../bench-defs/sv-benchmarks/java/autostub/Long_public_static_int_java_lang_Long_bitCount_long']	ec68662f4d63bd7214b1761b0f5b0d8e603f5816ee8ad2410e0ed71be852781c
../bench-defs/sv-benchmarks/java/autostub/Long_public_static_int_java_lang_Long_compareUnsigned_long_long.yml	../bench-defs/sv-benchmarks/java/properties/valid-assert.prp	false	['../bench-defs/sv-benchmarks/java/common', '../bench-defs/sv-benchmarks/java/autostub/Long_public_static_int_java_lang_Long_compareUnsigned_long_long']	e112d664d8f9db82d8ee29d4992e12290fdbd665d4c978399d8a3461764be22f
../bench-defs/sv-benchmarks/java/autostub/Long_public_static_int_java_lang_Long_compare_long_long.yml	../bench-defs/sv-benchmarks/java/properties/valid-assert.prp	false	['../bench-defs/sv-benchmarks/java/common', '../bench-defs/sv-benchmarks/java/autostub/Long_public_static_int_java_lang_Long_compare_long_long']	92efbf1e01f29618e9fca04f93a406cc261ac986f0feb6bf4e4b286f56c667bb
../bench-defs/sv-benchmarks/java/autostub/Long_public_static_int_java_lang_Long_numberOfLeadingZeros_long.yml	../bench-defs/sv-benchmarks/java/properties/valid-assert.prp	false	['../bench-defs/sv-benchmarks/java/common', '../bench-defs/sv-benchmarks/java/autostub/Long_public_static_int_java_lang_Long_numberOfLeadingZeros_long']	ee0361d266188008892c4c4582722965168fc7f0a0f729275c27a7939cd358f6
../bench-defs/sv-benchmarks/java/autostub/Long_public_static_int_java_lang_Long_numberOfTrailingZeros_long.yml	../bench-defs/sv-benchmarks/java/properties/valid-assert.prp	false	['../bench-defs/sv-benchmarks/java/common', '../bench-defs/sv-benchmarks/java/autostub/Long_public_static_int_java_lang_Long_numberOfTrailingZeros_long']	75cae959044bb2e38109218e70e33fcc9f2f9863c18c15b300a9c69681fa24e0
../bench-defs/sv-benchmarks/java/autostub/Long_public_static_int_java_lang_Long_signum_long.yml	../bench-defs/sv-benchmarks/java/properties/valid-assert.prp	false	['../bench-defs/sv-benchmarks/java/common', '../bench-defs/sv-benchmarks/java/autostub/Long_public_static_int_java_lang_Long_signum_long']	a00a73b9577e1337a7c0395614bd7adaef25e91b16ebd970ec61c12becfbe1bd
../bench-defs/sv-benchmarks/java/autostub/Long_public_static_java_lang_Long_java_lang_Long_getLong_java_lang_String_java_lang_Long.yml	../bench-defs/sv-benchmarks/java/properties/valid-assert.prp	false	['../bench-defs/sv-benchmarks/java/common', '../bench-defs/sv-benchmarks/java/autostub/Long_public_static_java_lang_Long_java_lang_Long_getLong_java_lang_String_java_lang_Long']	83c49b6fdc73dde64699f71f2eff8428eb9a41c0a40c1d74a8e5aca95eef8d6b
../bench-defs/sv-benchmarks/java/autostub/Long_public_static_java_lang_Long_java_lang_Long_getLong_java_lang_String_long.yml	../bench-defs/sv-benchmarks/java/properties/valid-assert.prp	false	['../bench-defs/sv-benchmarks/java/common', '../bench-defs/sv-benchmarks/java/autostub/Long_public_static_java_lang_Long_java_lang_Long_getLong_java_lang_String_long']	75dc2f0d7e1c5e6fe9495f8f5a926a6bd9f725763b16dd689deced5fab8a35db
../bench-defs/sv-benchmarks/java/autostub/Long_public_static_java_lang_Long_java_lang_Long_valueOf_long.yml	../bench-defs/sv-benchmarks/java/properties/valid-assert.prp	false	['../bench-defs/sv-benchmarks/java/common', '../bench-defs/sv-benchmarks/java/autostub/Long_public_static_java_lang_Long_java_lang_Long_valueOf_long']	46e54d02bd2b905a410a6ca02beee618fac879ec06b4203bb1e1c92beef3d0c6
../bench-defs/sv-benchmarks/java/autostub/Long_public_static_java_lang_String_java_lang_Long_toBinaryString_long.yml	../bench-defs/sv-benchmarks/java/properties/valid-assert.prp	false	['../bench-defs/sv-benchmarks/java/common', '../bench-defs/sv-benchmarks/java/autostub/Long_public_static_java_lang_String_java_lang_Long_toBinaryString_long']	478782233395f8caa2303ede32ba8eed437bbe4bc198f136f8db50ab22c93e3e
../bench-defs/sv-benchmarks/java/autostub/Long_public_static_java_lang_String_java_lang_Long_toHexString_long.yml	../bench-defs/sv-benchmarks/java/properties/valid-assert.prp	false	['../bench-defs/sv-benchmarks/java/common', '../bench-defs/sv-benchmarks/java/autostub/Long_public_static_java_lang_String_java_lang_Long_toHexString_long']	65b0b15df8d63490b71d03b20cfc5424bb0373cfd86d5e31e45451d97924a70a
../bench-defs/sv-benchmarks/java/autostub/Long_public_static_java_lang_String_java_lang_Long_toOctalString_long.yml	../bench-defs/sv-benchmarks/java/properties/valid-assert.prp	false	['../bench-defs/sv-benchmarks/java/common', '../bench-defs/sv-benchmarks/java/autostub/Long_public_static_java_lang_String_java_lang_Long_toOctalString_long']	43dd59375bb704d5cf5ababa206f8823c45655d5f8a0d99db765ce8e22a042f1
../bench-defs/sv-benchmarks/java/autostub/Long_public_static_java_lang_String_java_lang_Long_toString_long.yml	../bench-defs/sv-benchmarks/java/properties/valid-assert.prp	false	['../bench-defs/sv-benchmarks/java/common', '../bench-defs/sv-benchmarks/java/autostub/Long_public_static_java_lang_String_java_lang_Long_toString_long']	83b41b2278bcbd05f1fb12653f5c25c2bb6b1a9b4ce853ded775d57ae4615a4f
../bench-defs/sv-benchmarks/java/autostub/Long_public_static_java_lang_String_java_lang_Long_toString_long_int.yml	../bench-defs/sv-benchmarks/java/properties/valid-assert.prp	false	['../bench-defs/sv-benchmarks/java/common', '../bench-defs/sv-benchmarks/java/autostub/Long_public_static_java_lang_String_java_lang_Long_toString_long_int']	73178717bb5f13cf85dd35ac3457174c479d6a13851e72d91b2d8452dc362291
../bench-defs/sv-benchmarks/java/autostub/Long_public_static_java_lang_String_java_lang_Long_toUnsignedString_long.yml	../bench-defs/sv-benchmarks/java/properties/valid-assert.prp	false	['../bench-defs/sv-benchmarks/java/common', '../bench-defs/sv-benchmarks/java/autostub/Long_public_static_java_lang_String_java_lang_Long_toUnsignedString_long']	6ba93e55a6d9bd398f933ee3cb2c580d5f87bac1d0ea5d05df0f24c725d79d15
../bench-defs/sv-benchmarks/java/autostub/Long_public_static_java_lang_String_java_lang_Long_toUnsignedString_long_int.yml	../bench-defs/sv-benchmarks/java/properties/valid-assert.prp	false	['../bench-defs/sv-benchmarks/java/common', '../bench-defs/sv-benchmarks/java/autostub/Long_public_static_java_lang_String_java_lang_Long_toUnsignedString_long_int']	0bcca0b66b922f1a296bb24d77979b671ba6158a1195914c93061246a87f5b89
../bench-defs/sv-benchmarks/java/autostub/Long_public_static_long_java_lang_Long_highestOneBit_long.yml	../bench-defs/sv-benchmarks/java/properties/valid-assert.prp	false	['../bench-defs/sv-benchmarks/java/common', '../bench-defs/sv-benchmarks/java/autostub/Long_public_static_long_java_lang_Long_highestOneBit_long']	a088d767e8fadc833c13437db32e3b019330aa447637c5ba87a3e290d8278bd7
../bench-defs/sv-benchmarks/java/autostub/Long_public_static_long_java_lang_Long_lowestOneBit_long.yml	../bench-defs/sv-benchmarks/java/properties/valid-assert.prp	false	['../bench-defs/sv-benchmarks/java/common', '../bench-defs/sv-benchmarks/java/autostub/Long_public_static_long_java_lang_Long_lowestOneBit_long']	baa2cb757d03bc2d13f55d2b1d927a75ffd27adbb99729daea7336b4449c6fbe
../bench-defs/sv-benchmarks/java/autostub/Long_public_static_long_java_lang_Long_max_long_long.yml	../bench-defs/sv-benchmarks/java/properties/valid-assert.prp	false	['../bench-defs/sv-benchmarks/java/common', '../bench-defs/sv-benchmarks/java/autostub/Long_public_static_long_java_lang_Long_max_long_long']	d03c1d94da735666a31cd56372981ea3d62d036496b26d05662ab1550e5a6154
../bench-defs/sv-benchmarks/java/autostub/Long_public_static_long_java_lang_Long_min_long_long.yml	../bench-defs/sv-benchmarks/java/properties/valid-assert.prp	false	['../bench-defs/sv-benchmarks/java/common', '../bench-defs/sv-benchmarks/java/autostub/Long_public_static_long_java_lang_Long_min_long_long']	8cd11ec5b778fcc4c40c94acb8a8cc19667fd0be0ea4dd845493fa81cde9c659
../bench-defs/sv-benchmarks/java/autostub/Long_public_static_long_java_lang_Long_reverseBytes_long.yml	../bench-defs/sv-benchmarks/java/properties/valid-assert.prp	false	['../bench-defs/sv-benchmarks/java/common', '../bench-defs/sv-benchmarks/java/autostub/Long_public_static_long_java_lang_Long_reverseBytes_long']	a3621ca89ecdc862a954c847a0c1c0dc0685f4feb42d47602c0aa89dc02ce2e5
../bench-defs/sv-benchmarks/java/autostub/Long_public_static_long_java_lang_Long_reverse_long.yml	../bench-defs/sv-benchmarks/java/properties/valid-assert.prp	false	['../bench-defs/sv-benchmarks/java/common', '../bench-defs/sv-benchmarks/java/autostub/Long_public_static_long_java_lang_Long_reverse_long']	cf7c270b6331ea08ec0896ec3df2c729b6f010efead32e35910c2df54b3c1e33
../bench-defs/sv-benchmarks/java/autostub/Long_public_static_long_java_lang_Long_rotateLeft_long_int.yml	../bench-defs/sv-benchmarks/java/properties/valid-assert.prp	false	['../bench-defs/sv-benchmarks/java/common', '../bench-defs/sv-benchmarks/java/autostub/Long_public_static_long_java_lang_Long_rotateLeft_long_int']	04b35dd19b1a409584a67becee4090a5e3685f42f75242640b5dd8748fe0e2e1
../bench-defs/sv-benchmarks/java/autostub/Long_public_static_long_java_lang_Long_rotateRight_long_int.yml	../bench-defs/sv-benchmarks/java/properties/valid-assert.prp	false	['../bench-defs/sv-benchmarks/java/common', '../bench-defs/sv-benchmarks/java/autostub/Long_public_static_long_java_lang_Long_rotateRight_long_int']	0cd72a0ef02e3725413fc851b7da3643d12399e85826521df8c64999ebe4646e
../bench-defs/sv-benchmarks/java/autostub/Long_public_static_long_java_lang_Long_sum_long_long.yml	../bench-defs/sv-benchmarks/java/properties/valid-assert.prp	false	['../bench-defs/sv-benchmarks/java/common', '../bench-defs/sv-benchmarks/java/autostub/Long_public_static_long_java_lang_Long_sum_long_long']	f25659273943c9181e6555da296d842e4273480219b02ae8fd500a2eaf52bee9
../bench-defs/sv-benchmarks/java/autostub/Math_public_static_int_java_lang_Math_abs_int.yml	../bench-defs/sv-benchmarks/java/properties/valid-assert.prp	false	['../bench-defs/sv-benchmarks/java/common', '../bench-defs/sv-benchmarks/java/autostub/Math_public_static_int_java_lang_Math_abs_int']	bee130eba5af3940813f35afdfe76c40b428ca083d37d05f78627f312ea81b03
../bench-defs/sv-benchmarks/java/autostub/Math_public_static_int_java_lang_Math_getExponent_double.yml	../bench-defs/sv-benchmarks/java/properties/valid-assert.prp	false	['../bench-defs/sv-benchmarks/java/common', '../bench-defs/sv-benchmarks/java/autostub/Math_public_static_int_java_lang_Math_getExponent_double']	d01cbe40395a7601d78d31a6f751962583c3c15391125728e1c394899ea8c409
../bench-defs/sv-benchmarks/java/autostub/Math_public_static_int_java_lang_Math_getExponent_float.yml	../bench-defs/sv-benchmarks/java/properties/valid-assert.prp	false	['../bench-defs/sv-benchmarks/java/common', '../bench-defs/sv-benchmarks/java/autostub/Math_public_static_int_java_lang_Math_getExponent_float']	986e98d9170a4ba1f1fe03402913aa229f12623515f9bb1073d894fc1b58965a
../bench-defs/sv-benchmarks/java/autostub/Math_public_static_int_java_lang_Math_max_int_int.yml	../bench-defs/sv-benchmarks/java/properties/valid-assert.prp	false	['../bench-defs/sv-benchmarks/java/common', '../bench-defs/sv-benchmarks/java/autostub/Math_public_static_int_java_lang_Math_max_int_int']	ce244c302adff69c5e1981b7c4871736aa3432dab67b0ccd9ea73fb8eda98d0f
../bench-defs/sv-benchmarks/java/autostub/Math_public_static_int_java_lang_Math_min_int_int.yml	../bench-defs/sv-benchmarks/java/properties/valid-assert.prp	false	['../bench-defs/sv-benchmarks/java/common', '../bench-defs/sv-benchmarks/java/autostub/Math_public_static_int_java_lang_Math_min_int_int']	fd5b111e7816d06b9386d0b4c9b9e5b97fbed02e7dc551ccecdfbb0e018c8819
../bench-defs/sv-benchmarks/java/autostub/Math_public_static_int_java_lang_Math_round_float.yml	../bench-defs/sv-benchmarks/java/properties/valid-assert.prp	false	['../bench-defs/sv-benchmarks/java/common', '../bench-defs/sv-benchmarks/java/autostub/Math_public_static_int_java_lang_Math_round_float']	f7e063a2d545b505784ff8130d9f72d137c9ba675b4e1def5b4fc08360f60717
../bench-defs/sv-benchmarks/java/autostub/Math_public_static_long_java_lang_Math_abs_long.yml	../bench-defs/sv-benchmarks/java/properties/valid-assert.prp	false	['../bench-defs/sv-benchmarks/java/common', '../bench-defs/sv-benchmarks/java/autostub/Math_public_static_long_java_lang_Math_abs_long']	b6db4e8ecb2aaa86c71c905b928d1d5bdf42c2dc993358992a971ef9aa197294
../bench-defs/sv-benchmarks/java/autostub/Math_public_static_long_java_lang_Math_max_long_long.yml	../bench-defs/sv-benchmarks/java/properties/valid-assert.prp	false	['../bench-defs/sv-benchmarks/java/common', '../bench-defs/sv-benchmarks/java/autostub/Math_public_static_long_java_lang_Math_max_long_long']	7ca9a8b89b228a4c18e222a1900354756690057eafeb1bfa63ca904070c76e98
../bench-defs/sv-benchmarks/java/autostub/Math_public_static_long_java_lang_Math_min_long_long.yml	../bench-defs/sv-benchmarks/java/properties/valid-assert.prp	false	['../bench-defs/sv-benchmarks/java/common', '../bench-defs/sv-benchmarks/java/autostub/Math_public_static_long_java_lang_Math_min_long_long']	3f0b3e4218591060ab7d1f8a293e687dd0c69696115c23b50ae497d598c823e2
../bench-defs/sv-benchmarks/java/autostub/Math_public_static_long_java_lang_Math_round_double.yml	../bench-defs/sv-benchmarks/java/properties/valid-assert.prp	false	['../bench-defs/sv-benchmarks/java/common', '../bench-defs/sv-benchmarks/java/autostub/Math_public_static_long_java_lang_Math_round_double']	452fc077a5097b86f7813eebb4f0c84e84080bc4bfbd1c3c03dac98c80c90ddf
../bench-defs/sv-benchmarks/java/autostub/Short_public_byte_java_lang_Short_byteValue.yml	../bench-defs/sv-benchmarks/java/properties/valid-assert.prp	false	['../bench-defs/sv-benchmarks/java/common', '../bench-defs/sv-benchmarks/java/autostub/Short_public_byte_java_lang_Short_byteValue']	bb982a0704fea68fbffd049b478584df32cb1117a6b6db04157d0db6d9ffe6e3
../bench-defs/sv-benchmarks/java/autostub/Short_public_double_java_lang_Short_doubleValue.yml	../bench-defs/sv-benchmarks/java/properties/valid-assert.prp	false	['../bench-defs/sv-benchmarks/java/common', '../bench-defs/sv-benchmarks/java/autostub/Short_public_double_java_lang_Short_doubleValue']	86786e592b6e2fbfcc1ae90714fc11d3304c9ac2fc52f59ffc3b5ffb79c082b0
../bench-defs/sv-benchmarks/java/autostub/Short_public_float_java_lang_Short_floatValue.yml	../bench-defs/sv-benchmarks/java/properties/valid-assert.prp	false	['../bench-defs/sv-benchmarks/java/common', '../bench-defs/sv-benchmarks/java/autostub/Short_public_float_java_lang_Short_floatValue']	35d2c463ad06623c18995ccd70a25fe6dc7bfb573c8370b0fa60b2022f40f141
../bench-defs/sv-benchmarks/java/autostub/Short_public_int_java_lang_Short_compareTo_java_lang_Short.yml	../bench-defs/sv-benchmarks/java/properties/valid-assert.prp	false	['../bench-defs/sv-benchmarks/java/common', '../bench-defs/sv-benchmarks/java/autostub/Short_public_int_java_lang_Short_compareTo_java_lang_Short']	4c1c2dad695cf8b752dda97762f4b7156786e0dce20d8468571641ce7c9a8915
../bench-defs/sv-benchmarks/java/autostub/Short_public_int_java_lang_Short_intValue.yml	../bench-defs/sv-benchmarks/java/properties/valid-assert.prp	false	['../bench-defs/sv-benchmarks/java/common', '../bench-defs/sv-benchmarks/java/autostub/Short_public_int_java_lang_Short_intValue']	cdd9139160714bfe0ef026f489902af24f76217eb5c36beb24edf44462bbaea7
../bench-defs/sv-benchmarks/java/autostub/Short_public_java_lang_String_java_lang_Short_toString.yml	../bench-defs/sv-benchmarks/java/properties/valid-assert.prp	false	['../bench-defs/sv-benchmarks/java/common', '../bench-defs/sv-benchmarks/java/autostub/Short_public_java_lang_String_java_lang_Short_toString']	f520b846eeff09288d115412fbb8274a74c93702c11f703ae56460d6e62750d9
../bench-defs/sv-benchmarks/java/autostub/Short_public_long_java_lang_Short_longValue.yml	../bench-defs/sv-benchmarks/java/properties/valid-assert.prp	false	['../bench-defs/sv-benchmarks/java/common', '../bench-defs/sv-benchmarks/java/autostub/Short_public_long_java_lang_Short_longValue']	e3ca9bf82e819ff147e952b24896fbe8cfb7d67443f14b7b2db80ebe0efc889d
../bench-defs/sv-benchmarks/java/autostub/Short_public_short_java_lang_Short_shortValue.yml	../bench-defs/sv-benchmarks/java/properties/valid-assert.prp	false	['../bench-defs/sv-benchmarks/java/common', '../bench-defs/sv-benchmarks/java/autostub/Short_public_short_java_lang_Short_shortValue']	aea7e636852bcd1a39623b92223e6038b052593fe0ca2960689f1dd99460bdf0
../bench-defs/sv-benchmarks/java/autostub/Short_public_static_int_java_lang_Short_compare_short_short.yml	../bench-defs/sv-benchmarks/java/properties/valid-assert.prp	false	['../bench-defs/sv-benchmarks/java/common', '../bench-defs/sv-benchmarks/java/autostub/Short_public_static_int_java_lang_Short_compare_short_short']	f8b64124f53cfeba0abbbd15868767cb248082b47635a8e5e7926e176af97c00
../bench-defs/sv-benchmarks/java/autostub/Short_public_static_int_java_lang_Short_toUnsignedInt_short.yml	../bench-defs/sv-benchmarks/java/properties/valid-assert.prp	false	['../bench-defs/sv-benchmarks/java/common', '../bench-defs/sv-benchmarks/java/autostub/Short_public_static_int_java_lang_Short_toUnsignedInt_short']	a643264e50126dc36ad0b2a2131ddb0281f8ec5cd2bdc63653c785cba0ef310d
../bench-defs/sv-benchmarks/java/autostub/Short_public_static_java_lang_Short_java_lang_Short_valueOf_short.yml	../bench-defs/sv-benchmarks/java/properties/valid-assert.prp	false	['../bench-defs/sv-benchmarks/java/common', '../bench-defs/sv-benchmarks/java/autostub/Short_public_static_java_lang_Short_java_lang_Short_valueOf_short']	604daba707a011f7e8fd34d58175ad320e52bfd1383ad436ee83d8f74247112f
../bench-defs/sv-benchmarks/java/autostub/Short_public_static_java_lang_String_java_lang_Short_toString_short.yml	../bench-defs/sv-benchmarks/java/properties/valid-assert.prp	false	['../bench-defs/sv-benchmarks/java/common', '../bench-defs/sv-benchmarks/java/autostub/Short_public_static_java_lang_String_java_lang_Short_toString_short']	06af08107ce8d1f34571555522c9f1a4edaed4ecd59d8dae9ee82e7afe7ea231
../bench-defs/sv-benchmarks/java/autostub/Short_public_static_long_java_lang_Short_toUnsignedLong_short.yml	../bench-defs/sv-benchmarks/java/properties/valid-assert.prp	false	['../bench-defs/sv-benchmarks/java/common', '../bench-defs/sv-benchmarks/java/autostub/Short_public_static_long_java_lang_Short_toUnsignedLong_short']	28e1ec16fff428a2fe0cbbda5d56f506170002876923e3ee4573054b5662d39d
../bench-defs/sv-benchmarks/java/autostub/Short_public_static_short_java_lang_Short_reverseBytes_short.yml	../bench-defs/sv-benchmarks/java/properties/valid-assert.prp	false	['../bench-defs/sv-benchmarks/java/common', '../bench-defs/sv-benchmarks/java/autostub/Short_public_static_short_java_lang_Short_reverseBytes_short']	56bc323c808798fe64f23354cc2b9696bd7be723511fadf2b058a27b56c1678e
../bench-defs/sv-benchmarks/java/autostub/StrictMath_public_static_int_java_lang_StrictMath_abs_int.yml	../bench-defs/sv-benchmarks/java/properties/valid-assert.prp	false	['../bench-defs/sv-benchmarks/java/common', '../bench-defs/sv-benchmarks/java/autostub/StrictMath_public_static_int_java_lang_StrictMath_abs_int']	971438d55bd9d13ea6d99a317331fb87c71e1584a58641915f361ec33373cd1b
../bench-defs/sv-benchmarks/java/autostub/StrictMath_public_static_int_java_lang_StrictMath_getExponent_double.yml	../bench-defs/sv-benchmarks/java/properties/valid-assert.prp	false	['../bench-defs/sv-benchmarks/java/common', '../bench-defs/sv-benchmarks/java/autostub/StrictMath_public_static_int_java_lang_StrictMath_getExponent_double']	aa6ac3fcd557febd46c5d81ebbba109ac57c250c7bf76af4a9d361bd51be3e9a
../bench-defs/sv-benchmarks/java/autostub/StrictMath_public_static_int_java_lang_StrictMath_getExponent_float.yml	../bench-defs/sv-benchmarks/java/properties/valid-assert.prp	false	['../bench-defs/sv-benchmarks/java/common', '../bench-defs/sv-benchmarks/java/autostub/StrictMath_public_static_int_java_lang_StrictMath_getExponent_float']	0280fdd4c7cfcca4b0c3b478795f1e87c4d25df59ae75f66a84b5753f95c4621
../bench-defs/sv-benchmarks/java/autostub/StrictMath_public_static_int_java_lang_StrictMath_max_int_int.yml	../bench-defs/sv-benchmarks/java/properties/valid-assert.prp	false	['../bench-defs/sv-benchmarks/java/common', '../bench-defs/sv-benchmarks/java/autostub/StrictMath_public_static_int_java_lang_StrictMath_max_int_int']	a1345446982fb0ded6ebb75a9c9a6d6fa89f96728d1d39c24fe703ea95fdaf5a
../bench-defs/sv-benchmarks/java/autostub/StrictMath_public_static_int_java_lang_StrictMath_min_int_int.yml	../bench-defs/sv-benchmarks/java/properties/valid-assert.prp	false	['../bench-defs/sv-benchmarks/java/common', '../bench-defs/sv-benchmarks/java/autostub/StrictMath_public_static_int_java_lang_StrictMath_min_int_int']	6790254961dc6ccc35298bb0dceee7c299b70bfb68b4373ffada87b29decbec6
../bench-defs/sv-benchmarks/java/autostub/StrictMath_public_static_int_java_lang_StrictMath_round_float.yml	../bench-defs/sv-benchmarks/java/properties/valid-assert.prp	false	['../bench-defs/sv-benchmarks/java/common', '../bench-defs/sv-benchmarks/java/autostub/StrictMath_public_static_int_java_lang_StrictMath_round_float']	0f809c27d1e34ecc554fd545d4ee3d992171db2cae9eabdc4a420dc2778e7ed9
../bench-defs/sv-benchmarks/java/autostub/StrictMath_public_static_long_java_lang_StrictMath_abs_long.yml	../bench-defs/sv-benchmarks/java/properties/valid-assert.prp	false	['../bench-defs/sv-benchmarks/java/common', '../bench-defs/sv-benchmarks/java/autostub/StrictMath_public_static_long_java_lang_StrictMath_abs_long']	8e55e29f7da27bd46347f656de1837043250195db972e10b4cb65d71d87f4dbf
../bench-defs/sv-benchmarks/java/autostub/StrictMath_public_static_long_java_lang_StrictMath_max_long_long.yml	../bench-defs/sv-benchmarks/java/properties/valid-assert.prp	false	['../bench-defs/sv-benchmarks/java/common', '../bench-defs/sv-benchmarks/java/autostub/StrictMath_public_static_long_java_lang_StrictMath_max_long_long']	60264aca6e123878ebe90a57557d1dc32632ca33420a0d89490c3eedfa6d28e9
../bench-defs/sv-benchmarks/java/autostub/StrictMath_public_static_long_java_lang_StrictMath_min_long_long.yml	../bench-defs/sv-benchmarks/java/properties/valid-assert.prp	false	['../bench-defs/sv-benchmarks/java/common', '../bench-defs/sv-benchmarks/java/autostub/StrictMath_public_static_long_java_lang_StrictMath_min_long_long']	40785a3f8c7a9032fe6420d45934f7a78664ffe70a6c6a997169d443966913f8
../bench-defs/sv-benchmarks/java/autostub/StrictMath_public_static_long_java_lang_StrictMath_round_double.yml	../bench-defs/sv-benchmarks/java/properties/valid-assert.prp	false	['../bench-defs/sv-benchmarks/java/common', '../bench-defs/sv-benchmarks/java/autostub/StrictMath_public_static_long_java_lang_StrictMath_round_double']	74243157ed6197679398f2f6b89edb9921241122c1f9155d3fb15b40ebd3f836
../bench-defs/sv-benchmarks/java/autostub/String_public_boolean_java_lang_String_endsWith_java_lang_String.yml	../bench-defs/sv-benchmarks/java/properties/valid-assert.prp	false	['../bench-defs/sv-benchmarks/java/common', '../bench-defs/sv-benchmarks/java/autostub/String_public_boolean_java_lang_String_endsWith_java_lang_String']	1d5155377281527c2b0c1b94ea5e18235974255594d8121326ffd8d343890b33
../bench-defs/sv-benchmarks/java/autostub/String_public_boolean_java_lang_String_equalsIgnoreCase_java_lang_String.yml	../bench-defs/sv-benchmarks/java/properties/valid-assert.prp	false	['../bench-defs/sv-benchmarks/java/common', '../bench-defs/sv-benchmarks/java/autostub/String_public_boolean_java_lang_String_equalsIgnoreCase_java_lang_String']	6d6b645cb1e6a5a9ba85607f0c5961fc80531a214ff759d9b744e5ee51a258df
../bench-defs/sv-benchmarks/java/autostub/String_public_boolean_java_lang_String_isEmpty.yml	../bench-defs/sv-benchmarks/java/properties/valid-assert.prp	false	['../bench-defs/sv-benchmarks/java/common', '../bench-defs/sv-benchmarks/java/autostub/String_public_boolean_java_lang_String_isEmpty']	333734226aa403909e8b6ccf99ac236867dbc9fbc630be80c90e9bbb9e54d487
../bench-defs/sv-benchmarks/java/autostub/String_public_boolean_java_lang_String_regionMatches_boolean_int_java_lang_String_int_int.yml	../bench-defs/sv-benchmarks/java/properties/valid-assert.prp	false	['../bench-defs/sv-benchmarks/java/common', '../bench-defs/sv-benchmarks/java/autostub/String_public_boolean_java_lang_String_regionMatches_boolean_int_java_lang_String_int_int']	6c80825e2099a4978c0fc3b58914e0d70a823cd2020f0c9004040891fca126be
../bench-defs/sv-benchmarks/java/autostub/String_public_boolean_java_lang_String_regionMatches_int_java_lang_String_int_int.yml	../bench-defs/sv-benchmarks/java/properties/valid-assert.prp	false	['../bench-defs/sv-benchmarks/java/common', '../bench-defs/sv-benchmarks/java/autostub/String_public_boolean_java_lang_String_regionMatches_int_java_lang_String_int_int']	092816ffa16a51b75eca3596e76a4033a72ec3d1e1ee8f0dcbd42b6eae86e3a2
../bench-defs/sv-benchmarks/java/autostub/String_public_boolean_java_lang_String_startsWith_java_lang_String.yml	../bench-defs/sv-benchmarks/java/properties/valid-assert.prp	false	['../bench-defs/sv-benchmarks/java/common', '../bench-defs/sv-benchmarks/java/autostub/String_public_boolean_java_lang_String_startsWith_java_lang_String']	75307bcf7179308280748fae2ad1551915dde94e68c1ea7c44ee3eb1612e8931
../bench-defs/sv-benchmarks/java/autostub/String_public_boolean_java_lang_String_startsWith_java_lang_String_int.yml	../bench-defs/sv-benchmarks/java/properties/valid-assert.prp	false	['../bench-defs/sv-benchmarks/java/common', '../bench-defs/sv-benchmarks/java/autostub/String_public_boolean_java_lang_String_startsWith_java_lang_String_int']	1a54084167ebdb009cfab3e92a1f17d41f5703b1da4516e7b36a3543a9e9d88b
../bench-defs/sv-benchmarks/java/autostub/String_public_int_java_lang_String_compareToIgnoreCase_java_lang_String.yml	../bench-defs/sv-benchmarks/java/properties/valid-assert.prp	false	['../bench-defs/sv-benchmarks/java/common', '../bench-defs/sv-benchmarks/java/autostub/String_public_int_java_lang_String_compareToIgnoreCase_java_lang_String']	851147c6d0d51edd2e11073b209a83e13fae89fb59c691d35aa977ccf63c83c9
../bench-defs/sv-benchmarks/java/autostub/String_public_int_java_lang_String_compareTo_java_lang_String.yml	../bench-defs/sv-benchmarks/java/properties/valid-assert.prp	false	['../bench-defs/sv-benchmarks/java/common', '../bench-defs/sv-benchmarks/java/autostub/String_public_int_java_lang_String_compareTo_java_lang_String']	90678553d88de8d54864d5180c81e9784a3cbee51ca5fd81559eaae8cd5f6354
../bench-defs/sv-benchmarks/java/autostub/String_public_int_java_lang_String_indexOf_int.yml	../bench-defs/sv-benchmarks/java/properties/valid-assert.prp	false	['../bench-defs/sv-benchmarks/java/common', '../bench-defs/sv-benchmarks/java/autostub/String_public_int_java_lang_String_indexOf_int']	cd7ccb347488374158a6b76c86c72df5e337655fb4e5d297e3a39bfbbf1fd736
../bench-defs/sv-benchmarks/java/autostub/String_public_int_java_lang_String_indexOf_int_int.yml	../bench-defs/sv-benchmarks/java/properties/valid-assert.prp	false	['../bench-defs/sv-benchmarks/java/common', '../bench-defs/sv-benchmarks/java/autostub/String_public_int_java_lang_String_indexOf_int_int']	204a73ffea4172b40ad3ede67c0d3cd25bbbc51c7f50647a9637fd72bdf70245
../bench-defs/sv-benchmarks/java/autostub/String_public_int_java_lang_String_indexOf_java_lang_String.yml	../bench-defs/sv-benchmarks/java/properties/valid-assert.prp	false	['../bench-defs/sv-benchmarks/java/common', '../bench-defs/sv-benchmarks/java/autostub/String_public_int_java_lang_String_indexOf_java_lang_String']	c9f1ff36c7775749ebcb6c5d31dfac69ad6d3c17a284fe500736cf9bf0775295
../bench-defs/sv-benchmarks/java/autostub/String_public_int_java_lang_String_indexOf_java_lang_String_int.yml	../bench-defs/sv-benchmarks/java/properties/valid-assert.prp	false	['../bench-defs/sv-benchmarks/java/common', '../bench-defs/sv-benchmarks/java/autostub/String_public_int_java_lang_String_indexOf_java_lang_String_int']	51288aa86bda3e90c104d299c1adac7b8c2665edf78bd5fc07eb04f50fae802e
../bench-defs/sv-benchmarks/java/autostub/String_public_int_java_lang_String_lastIndexOf_int.yml	../bench-defs/sv-benchmarks/java/properties/valid-assert.prp	false	['../bench-defs/sv-benchmarks/java/common', '../bench-defs/sv-benchmarks/java/autostub/String_public_int_java_lang_String_lastIndexOf_int']	1a8b7083ba6be30367433cc791c56afb3fe1672d1e7c0418a06d70f079ed7748
../bench-defs/sv-benchmarks/java/autostub/String_public_int_java_lang_String_lastIndexOf_int_int.yml	../bench-defs/sv-benchmarks/java/properties/valid-assert.prp	false	['../bench-defs/sv-benchmarks/java/common', '../bench-defs/sv-benchmarks/java/autostub/String_public_int_java_lang_String_lastIndexOf_int_int']	2b62ea12bc72bb00b382503f758222c2bc68d1f782cc899f3923acaa273ea60a
../bench-defs/sv-benchmarks/java/autostub/String_public_int_java_lang_String_lastIndexOf_java_lang_String.yml	../bench-defs/sv-benchmarks/java/properties/valid-assert.prp	false	['../bench-defs/sv-benchmarks/java/common', '../bench-defs/sv-benchmarks/java/autostub/String_public_int_java_lang_String_lastIndexOf_java_lang_String']	1f4b6c2e3ff6eb2d10601b71bedc804267f16c81e14ffea3afa67fffc6500c7b
../bench-defs/sv-benchmarks/java/autostub/String_public_int_java_lang_String_lastIndexOf_java_lang_String_int.yml	../bench-defs/sv-benchmarks/java/properties/valid-assert.prp	false	['../bench-defs/sv-benchmarks/java/common', '../bench-defs/sv-benchmarks/java/autostub/String_public_int_java_lang_String_lastIndexOf_java_lang_String_int']	12cc601f8acf43f3b0cef688772b1b69a0be747dc76ed8d1a509c27452888182
../bench-defs/sv-benchmarks/java/autostub/String_public_int_java_lang_String_length.yml	../bench-defs/sv-benchmarks/java/properties/valid-assert.prp	false	['../bench-defs/sv-benchmarks/java/common', '../bench-defs/sv-benchmarks/java/autostub/String_public_int_java_lang_String_length']	d9988c9ad1422a9ad0d101bb9615cfe5f32a3240a99326c290bdbece7320592a
../bench-defs/sv-benchmarks/java/autostub/String_public_java_lang_String_java_lang_String_concat_java_lang_String.yml	../bench-defs/sv-benchmarks/java/properties/valid-assert.prp	false	['../bench-defs/sv-benchmarks/java/common', '../bench-defs/sv-benchmarks/java/autostub/String_public_java_lang_String_java_lang_String_concat_java_lang_String']	e7a73bb140ca6c7169a1cfe0fad9aeb5e0b26b55d31bf54067486b4e5998d12c
../bench-defs/sv-benchmarks/java/autostub/String_public_java_lang_String_java_lang_String_replace_char_char.yml	../bench-defs/sv-benchmarks/java/properties/valid-assert.prp	false	['../bench-defs/sv-benchmarks/java/common', '../bench-defs/sv-benchmarks/java/autostub/String_public_java_lang_String_java_lang_String_replace_char_char']	554a80ed35fccb398109c5fb3df03e95b11528bfd99dabcd4ac37488738300d9
../bench-defs/sv-benchmarks/java/autostub/String_public_java_lang_String_java_lang_String_toLowerCase.yml	../bench-defs/sv-benchmarks/java/properties/valid-assert.prp	false	['../bench-defs/sv-benchmarks/java/common', '../bench-defs/sv-benchmarks/java/autostub/String_public_java_lang_String_java_lang_String_toLowerCase']	b9dda5c6d4840aafc5fec42810a97c155a645b3e3bab4f9e383a59dddfdfb93c
../bench-defs/sv-benchmarks/java/autostub/String_public_java_lang_String_java_lang_String_toString.yml	../bench-defs/sv-benchmarks/java/properties/valid-assert.prp	false	['../bench-defs/sv-benchmarks/java/common', '../bench-defs/sv-benchmarks/java/autostub/String_public_java_lang_String_java_lang_String_toString']	5130bef44a43f8a3367f47448c8cc2ce13e4cadd0cf9c33a636aaa7586327022
../bench-defs/sv-benchmarks/java/autostub/String_public_java_lang_String_java_lang_String_toUpperCase.yml	../bench-defs/sv-benchmarks/java/properties/valid-assert.prp	false	['../bench-defs/sv-benchmarks/java/common', '../bench-defs/sv-benchmarks/java/autostub/String_public_java_lang_String_java_lang_String_toUpperCase']	2bf93696eb121eced6aed12d832697448f676e91a1a0df282bd1d73727d11c28
../bench-defs/sv-benchmarks/java/autostub/String_public_java_lang_String_java_lang_String_trim.yml	../bench-defs/sv-benchmarks/java/properties/valid-assert.prp	false	['../bench-defs/sv-benchmarks/java/common', '../bench-defs/sv-benchmarks/java/autostub/String_public_java_lang_String_java_lang_String_trim']	8a4c5691850f41eb7e21b0a5263decc59de9f6e00a8bed38716f1f41812d5c98
../bench-defs/sv-benchmarks/java/autostub/String_public_static_java_lang_String_java_lang_String_valueOf_boolean.yml	../bench-defs/sv-benchmarks/java/properties/valid-assert.prp	false	['../bench-defs/sv-benchmarks/java/common', '../bench-defs/sv-benchmarks/java/autostub/String_public_static_java_lang_String_java_lang_String_valueOf_boolean']	d129ef20131e4593a65063a86dcf5b4679436f04a4d6ef7647322c851dc918fe
../bench-defs/sv-benchmarks/java/autostub/String_public_static_java_lang_String_java_lang_String_valueOf_char.yml	../bench-defs/sv-benchmarks/java/properties/valid-assert.prp	false	['../bench-defs/sv-benchmarks/java/common', '../bench-defs/sv-benchmarks/java/autostub/String_public_static_java_lang_String_java_lang_String_valueOf_char']	77e4702a4b5ced3513123b71549190f2235038c082b4aedc014ab9eb6b31c1f3
../bench-defs/sv-benchmarks/java/autostub/String_public_static_java_lang_String_java_lang_String_valueOf_double.yml	../bench-defs/sv-benchmarks/java/properties/valid-assert.prp	false	['../bench-defs/sv-benchmarks/java/common', '../bench-defs/sv-benchmarks/java/autostub/String_public_static_java_lang_String_java_lang_String_valueOf_double']	3c237354cf814ff58f859da0fb6f04bc64fc13a8e96816cc1759598dab999626
../bench-defs/sv-benchmarks/java/autostub/String_public_static_java_lang_String_java_lang_String_valueOf_float.yml	../bench-defs/sv-benchmarks/java/properties/valid-assert.prp	false	['../bench-defs/sv-benchmarks/java/common', '../bench-defs/sv-benchmarks/java/autostub/String_public_static_java_lang_String_java_lang_String_valueOf_float']	43e71e3122903e8e19221d6cdc16275839196705cd08f695ab426cf7291087fe
../bench-defs/sv-benchmarks/java/autostub/String_public_static_java_lang_String_java_lang_String_valueOf_int.yml	../bench-defs/sv-benchmarks/java/properties/valid-assert.prp	false	['../bench-defs/sv-benchmarks/java/common', '../bench-defs/sv-benchmarks/java/autostub/String_public_static_java_lang_String_java_lang_String_valueOf_int']	b2490d4f435099d9ee51648d07bc4f2dd253702547dc58a361819406abc61fee
../bench-defs/sv-benchmarks/java/autostub/String_public_static_java_lang_String_java_lang_String_valueOf_long.yml	../bench-defs/sv-benchmarks/java/properties/valid-assert.prp	false	['../bench-defs/sv-benchmarks/java/common', '../bench-defs/sv-benchmarks/java/autostub/String_public_static_java_lang_String_java_lang_String_valueOf_long']	49dd14a510befa82cc1c8bb450f9ad4ac2e4a40f2eaa1285aa52c901128d79ee
../bench-defs/sv-benchmarks/java/objects/objects01.yml	../bench-defs/sv-benchmarks/java/properties/valid-assert.prp	true	['../bench-defs/sv-benchmarks/java/common', '../bench-defs/sv-benchmarks/java/objects/classes', '../bench-defs/sv-benchmarks/java/objects/objects01']	ea4c94e366ff304411a20f52bc591bc6e07f32798e895d7589c45dab5f861f57
../bench-defs/sv-benchmarks/java/objects/objects02.yml	../bench-defs/sv-benchmarks/java/properties/valid-assert.prp	true	['../bench-defs/sv-benchmarks/java/common', '../bench-defs/sv-benchmarks/java/objects/classes', '../bench-defs/sv-benchmarks/java/objects/objects02']	44ed7d53a66fdff0897423e7e68a455a30923c9b9e87d4a4c9bb41908eeeaf0b
../bench-defs/sv-benchmarks/java/objects/objects03.yml	../bench-defs/sv-benchmarks/java/properties/valid-assert.prp	false	['../bench-defs/sv-benchmarks/java/common', '../bench-defs/sv-benchmarks/java/objects/classes', '../bench-defs/sv-benchmarks/java/objects/objects03']	ac56660fcaff34d2d04ee512f58582f5770d5aaf87328147a586657365af9666
../bench-defs/sv-benchmarks/java/objects/objects04.yml	../bench-defs/sv-benchmarks/java/properties/valid-assert.prp	false	['../bench-defs/sv-benchmarks/java/common', '../bench-defs/sv-benchmarks/java/objects/classes', '../bench-defs/sv-benchmarks/java/objects/objects04']	b49e5918194a3b4a7ac5bd444f99b1a2fbb508906aca4d3c226a5339a57a720a
../bench-defs/sv-benchmarks/java/objects/objects05.yml	../bench-defs/sv-benchmarks/java/properties/valid-assert.prp	true	['../bench-defs/sv-benchmarks/java/common', '../bench-defs/sv-benchmarks/java/objects/classes', '../bench-defs/sv-benchmarks/java/objects/objects05']	9a0ce30af399a837781063a53cff76580e5b6c021b65cad0eec5a846d92d8449
../bench-defs/sv-benchmarks/java/objects/objects06.yml	../bench-defs/sv-benchmarks/java/properties/valid-assert.prp	false	['../bench-defs/sv-benchmarks/java/common', '../bench-defs/sv-benchmarks/java/objects/classes', '../bench-defs/sv-benchmarks/java/objects/objects06']	48acbf6e9e9fc1c6fc31c25eb208e34d46354dfc684d94fcb6982922265335db
../bench-defs/sv-benchmarks/java/objects/objects07.yml	../bench-defs/sv-benchmarks/java/properties/valid-assert.prp	false	['../bench-defs/sv-benchmarks/java/common', '../bench-defs/sv-benchmarks/java/objects/classes', '../bench-defs/sv-benchmarks/java/objects/objects07']	cae4cd284ab48fcc99234ab13d65bd5ba54f7c847164428b02fcd136bc6dad52
../bench-defs/sv-benchmarks/java/objects/objects08.yml	../bench-defs/sv-benchmarks/java/properties/valid-assert.prp	true	['../bench-defs/sv-benchmarks/java/common', '../bench-defs/sv-benchmarks/java/objects/classes', '../bench-defs/sv-benchmarks/java/objects/objects08']	463d9f241ff12876967dca3bce3b46e35b4bbb04fcaa0605dc3f042db9aad276
../bench-defs/sv-benchmarks/java/objects/objects09.yml	../bench-defs/sv-benchmarks/java/properties/valid-assert.prp	true	['../bench-defs/sv-benchmarks/java/common', '../bench-defs/sv-benchmarks/java/objects/classes', '../bench-defs/sv-benchmarks/java/objects/objects09']	d738432b42cec2446fa729eb94a4e1c0579eafac18432ba3cb1374b5325e0c42
../bench-defs/sv-benchmarks/java/objects/objects10.yml	../bench-defs/sv-benchmarks/java/properties/valid-assert.prp	false	['../bench-defs/sv-benchmarks/java/common', '../bench-defs/sv-benchmarks/java/objects/classes', '../bench-defs/sv-benchmarks/java/objects/objects10']	934b97beabf8f7955b094fb830faf2b12a5be3b57dda83d0ad344bc697fc5eb0
../bench-defs/sv-benchmarks/java/objects/objects11.yml	../bench-defs/sv-benchmarks/java/properties/valid-assert.prp	false	['../bench-defs/sv-benchmarks/java/common', '../bench-defs/sv-benchmarks/java/objects/classes', '../bench-defs/sv-benchmarks/java/objects/objects11']	31d54b8780835b9cb712f1ee9eefa62399f30f2b5dcbf98c7581edf6eba37c94
../bench-defs/sv-benchmarks/java/objects/objects12.yml	../bench-defs/sv-benchmarks/java/properties/valid-assert.prp	false	['../bench-defs/sv-benchmarks/java/common', '../bench-defs/sv-benchmarks/java/objects/classes', '../bench-defs/sv-benchmarks/java/objects/objects12']	312619ce5668c7147496b252cfd33eac01d0c6277c1e62c0c881be348f313d1c
../bench-defs/sv-benchmarks/java/objects/objects13.yml	../bench-defs/sv-benchmarks/java/properties/valid-assert.prp	false	['../bench-defs/sv-benchmarks/java/common', '../bench-defs/sv-benchmarks/java/objects/classes', '../bench-defs/sv-benchmarks/java/objects/objects13']	a2aee3734f22be6ad00a6acc6b4df8ed5349b3e3b03ee8736ec0071f20e3c579
../bench-defs/sv-benchmarks/java/objects/objects14.yml	../bench-defs/sv-benchmarks/java/properties/valid-assert.prp	false	['../bench-defs/sv-benchmarks/java/common', '../bench-defs/sv-benchmarks/java/objects/classes', '../bench-defs/sv-benchmarks/java/objects/objects14']	eab9e26d38c7308d44ccea16a7009b8a3199028487c34b411e2d39bf687941bf
../bench-defs/sv-benchmarks/java/jayhorn-recursive/Ackermann01.yml	../bench-defs/sv-benchmarks/java/properties/no-runtime-exception.prp	true	['../bench-defs/sv-benchmarks/java/common', '../bench-defs/sv-benchmarks/java/jayhorn-recursive/Ackermann01']	67208488a142de8d331a567b664484fcfbb58557283810eda49e5f1c6bafbf48
../bench-defs/sv-benchmarks/java/jayhorn-recursive/Addition.yml	../bench-defs/sv-benchmarks/java/properties/no-runtime-exception.prp	true	['../bench-defs/sv-benchmarks/java/common', '../bench-defs/sv-benchmarks/java/jayhorn-recursive/Addition']	9a1f4c4ffe4e02f8852b777a41c3f47ec4fd97af9a6a1d4113f30a7ccc5e52bc
../bench-defs/sv-benchmarks/java/jayhorn-recursive/InfiniteLoop.yml	../bench-defs/sv-benchmarks/java/properties/no-runtime-exception.prp	true	['../bench-defs/sv-benchmarks/java/common', '../bench-defs/sv-benchmarks/java/jayhorn-recursive/InfiniteLoop']	717ea3d733fe702d0d73f4667f134e8c81deaf90f425bbbabd2b90b1c0330a68
../bench-defs/sv-benchmarks/java/jayhorn-recursive/SatAckermann01.yml	../bench-defs/sv-benchmarks/java/properties/no-runtime-exception.prp	true	['../bench-defs/sv-benchmarks/java/common', '../bench-defs/sv-benchmarks/java/jayhorn-recursive/SatAckermann01']	9f6c1690f24f33b5bef066ef8b52c10e7ed36f29091ed617689987b29980ece0
../bench-defs/sv-benchmarks/java/jayhorn-recursive/SatAckermann02.yml	../bench-defs/sv-benchmarks/java/properties/no-runtime-exception.prp	true	['../bench-defs/sv-benchmarks/java/common', '../bench-defs/sv-benchmarks/java/jayhorn-recursive/SatAckermann02']	2f96b398f50f9f31e9d3a64358a37edd25e3d6dfb880c384f624742ef62ad456
../bench-defs/sv-benchmarks/java/jayhorn-recursive/SatAckermann03.yml	../bench-defs/sv-benchmarks/java/properties/no-runtime-exception.prp	true	['../bench-defs/sv-benchmarks/java/common', '../bench-defs/sv-benchmarks/java/jayhorn-recursive/SatAckermann03']	1105d1ac74f3639f68e111fc448b0b75da7e6e4aa3815393ae136cd45fef25ef
../bench-defs/sv-benchmarks/java/jayhorn-recursive/SatAddition01.yml	../bench-defs/sv-benchmarks/java/properties/no-runtime-exception.prp	true	['../bench-defs/sv-benchmarks/java/common', '../bench-defs/sv-benchmarks/java/jayhorn-recursive/SatAddition01']	73583deb5b73c4bad24323f6de219d5cab5bef39059e165da7ab18aa6ca83100
../bench-defs/sv-benchmarks/java/jayhorn-recursive/SatEvenOdd01.yml	../bench-defs/sv-benchmarks/java/properties/no-runtime-exception.prp	true	['../bench-defs/sv-benchmarks/java/common', '../bench-defs/sv-benchmarks/java/jayhorn-recursive/SatEvenOdd01']	1390c22b4b093a8ff8557131bc923e3a5380994914391e7619474753e72e2222
../bench-defs/sv-benchmarks/java/jayhorn-recursive/SatFibonacci01.yml	../bench-defs/sv-benchmarks/java/properties/no-runtime-exception.prp	true	['../bench-defs/sv-benchmarks/java/common', '../bench-defs/sv-benchmarks/java/jayhorn-recursive/SatFibonacci01']	5576190b4c2ba825a2f30778e3f4a41c02bede7498db3c3fb058497cad837385
../bench-defs/sv-benchmarks/java/jayhorn-recursive/SatFibonacci02.yml	../bench-defs/sv-benchmarks/java/properties/no-runtime-exception.prp	true	['../bench-defs/sv-benchmarks/java/common', '../bench-defs/sv-benchmarks/java/jayhorn-recursive/SatFibonacci02']	4d154ba63ae23d14f4830458bae562968486ba431e86ae5d5a4481fa930e6845
../bench-defs/sv-benchmarks/java/jayhorn-recursive/SatFibonacci03.yml	../bench-defs/sv-benchmarks/java/properties/no-runtime-exception.prp	true	['../bench-defs/sv-benchmarks/java/common', '../bench-defs/sv-benchmarks/java/jayhorn-recursive/SatFibonacci03']	6f336e60d98a9abf644404d65bfb6da405dc03fb095c1def35091c3cb486022a
../bench-defs/sv-benchmarks/java/jayhorn-recursive/SatGcd.yml	../bench-defs/sv-benchmarks/java/properties/no-runtime-exception.prp	true	['../bench-defs/sv-benchmarks/java/common', '../bench-defs/sv-benchmarks/java/jayhorn-recursive/SatGcd']	c8804634c4a6f5a455ebde1eac0a5fe0b526d1a916be345ee76328a7632060df
../bench-defs/sv-benchmarks/java/jayhorn-recursive/SatHanoi01.yml	../bench-defs/sv-benchmarks/java/properties/no-runtime-exception.prp	true	['../bench-defs/sv-benchmarks/java/common', '../bench-defs/sv-benchmarks/java/jayhorn-recursive/SatHanoi01']	59dd3de4e3b92613fb5957d2f3d8bf9ec7a7380b80782cb12ad86bf705502cd2
../bench-defs/sv-benchmarks/java/jayhorn-recursive/SatMccarthy91.yml	../bench-defs/sv-benchmarks/java/properties/no-runtime-exception.prp	true	['../bench-defs/sv-benchmarks/java/common', '../bench-defs/sv-benchmarks/java/jayhorn-recursive/SatMccarthy91']	6223f70eda624e84042d120b93a9815a9c9e77e77d39626a6bdd671880b37454
../bench-defs/sv-benchmarks/java/jayhorn-recursive/SatMultCommutative01.yml	../bench-defs/sv-benchmarks/java/properties/no-runtime-exception.prp	true	['../bench-defs/sv-benchmarks/java/common', '../bench-defs/sv-benchmarks/java/jayhorn-recursive/SatMultCommutative01']	d2b9c15c7a9ccfb045bde9192eff4e084098cc1fed443b5348436b8d433684c3
../bench-defs/sv-benchmarks/java/jayhorn-recursive/SatPrimes01.yml	../bench-defs/sv-benchmarks/java/properties/no-runtime-exception.prp	true	['../bench-defs/sv-benchmarks/java/common', '../bench-defs/sv-benchmarks/java/jayhorn-recursive/SatPrimes01']	fd8613d7ed53675aff70750176948c7cc261068cc62803a016eac8320c61f437
../bench-defs/sv-benchmarks/java/jayhorn-recursive/UnsatAckermann01.yml	../bench-defs/sv-benchmarks/java/properties/no-runtime-exception.prp	true	['../bench-defs/sv-benchmarks/java/common', '../bench-defs/sv-benchmarks/java/jayhorn-recursive/UnsatAckermann01']	7ff69253789bff5c7f56c5f07a6a505cd6f4507614814380244317ee8bc2f2d7
../bench-defs/sv-benchmarks/java/jayhorn-recursive/UnsatAddition01.yml	../bench-defs/sv-benchmarks/java/properties/no-runtime-exception.prp	true	['../bench-defs/sv-benchmarks/java/common', '../bench-defs/sv-benchmarks/java/jayhorn-recursive/UnsatAddition01']	dc6aac2d008b6d6c2454575ccfa73b38ee45f87582c9890b82818b487db45e55
../bench-defs/sv-benchmarks/java/jayhorn-recursive/UnsatAddition02.yml	../bench-defs/sv-benchmarks/java/properties/no-runtime-exception.prp	true	['../bench-defs/sv-benchmarks/java/common', '../bench-defs/sv-benchmarks/java/jayhorn-recursive/UnsatAddition02']	3b23b8f6ed265d189b5fa8f78132dad956f05cd809d7bbb196b3ed5bd07d9906
../bench-defs/sv-benchmarks/java/jayhorn-recursive/UnsatEvenOdd01.yml	../bench-defs/sv-benchmarks/java/properties/no-runtime-exception.prp	true	['../bench-defs/sv-benchmarks/java/common', '../bench-defs/sv-benchmarks/java/jayhorn-recursive/UnsatEvenOdd01']	ea61212dee7860e33f67928acb319e98b5b49d0eadf4da6fc400b824e01989ad
../bench-defs/sv-benchmarks/java/jayhorn-recursive/UnsatFibonacci01.yml	../bench-defs/sv-benchmarks/java/properties/no-runtime-exception.prp	true	['../bench-defs/sv-benchmarks/java/common', '../bench-defs/sv-benchmarks/java/jayhorn-recursive/UnsatFibonacci01']	376f2b2cfa89cba6aed1c4a3027e3693ed9f372b62ddece2d7b95565774e9231
../bench-defs/sv-benchmarks/java/jayhorn-recursive/UnsatFibonacci02.yml	../bench-defs/sv-benchmarks/java/properties/no-runtime-exception.prp	true	['../bench-defs/sv-benchmarks/java/common', '../bench-defs/sv-benchmarks/java/jayhorn-recursive/UnsatFibonacci02']	712c6234ed1f2ee916ae4fe0c052f957c2a67483b0750b5d1658136cfc8033e9
../bench-defs/sv-benchmarks/java/jayhorn-recursive/UnsatMccarthy91.yml	../bench-defs/sv-benchmarks/java/properties/no-runtime-exception.prp	true	['../bench-defs/sv-benchmarks/java/common', '../bench-defs/sv-benchmarks/java/jayhorn-recursive/UnsatMccarthy91']	46667ce33cfa3808e779c41533f3e5321e122975db7d583d54918d250b5aca85
../bench-defs/sv-benchmarks/java/jbmc-regression/ArithmeticException1.yml	../bench-defs/sv-benchmarks/java/properties/no-runtime-exception.prp	true	['../bench-defs/sv-benchmarks/java/common', '../bench-defs/sv-benchmarks/java/jbmc-regression/ArithmeticException1']	31a04b65b1037ebc2fc13d4d798262d13dd499c2603a17e867406d6254a9d22a
../bench-defs/sv-benchmarks/java/jbmc-regression/ArithmeticException5.yml	../bench-defs/sv-benchmarks/java/properties/no-runtime-exception.prp	true	['../bench-defs/sv-benchmarks/java/common', '../bench-defs/sv-benchmarks/java/jbmc-regression/ArithmeticException5']	ec59368ba9cfa16b0418db6dbd46aeeed6f257dbf323906b3e31172b908f7daf
../bench-defs/sv-benchmarks/java/jbmc-regression/ArithmeticException6.yml	../bench-defs/sv-benchmarks/java/properties/no-runtime-exception.prp	true	['../bench-defs/sv-benchmarks/java/common', '../bench-defs/sv-benchmarks/java/jbmc-regression/ArithmeticException6']	33197e84d59de722259609c4d2ce64b7757cfe6b62c099f7774ea1fb776bb3ac
../bench-defs/sv-benchmarks/java/jbmc-regression/ArrayIndexOutOfBoundsException1.yml	../bench-defs/sv-benchmarks/java/properties/no-runtime-exception.prp	true	['../bench-defs/sv-benchmarks/java/common', '../bench-defs/sv-benchmarks/java/jbmc-regression/ArrayIndexOutOfBoundsException1']	b5d764895a0541401962bd125fee441263d7077adb9f2b57316889646c5ca3f9
../bench-defs/sv-benchmarks/java/jbmc-regression/ArrayIndexOutOfBoundsException2.yml	../bench-defs/sv-benchmarks/java/properties/no-runtime-exception.prp	true	['../bench-defs/sv-benchmarks/java/common', '../bench-defs/sv-benchmarks/java/jbmc-regression/ArrayIndexOutOfBoundsException2']	dfc9ee529ec3c9ef2a2909b89c36e8892f39dac8435445583292766c8f62662e
../bench-defs/sv-benchmarks/java/jbmc-regression/ArrayIndexOutOfBoundsException3.yml	../bench-defs/sv-benchmarks/java/properties/no-runtime-exception.prp	true	['../bench-defs/sv-benchmarks/java/common', '../bench-defs/sv-benchmarks/java/jbmc-regression/ArrayIndexOutOfBoundsException3']	1ce4793bd83865b1a6c8848d469a6d19e0e3a32ee19a9c116b06d8402a256d05
../bench-defs/sv-benchmarks/java/jbmc-regression/BufferedReaderReadLine.yml	../bench-defs/sv-benchmarks/java/properties/no-runtime-exception.prp	true	['../bench-defs/sv-benchmarks/java/common', '../bench-defs/sv-benchmarks/java/jbmc-regression/BufferedReaderReadLine']	a71c4f687c69761cac9181fa7690c47653b30cc36861b06f31e49ebf4b6255d0
../bench-defs/sv-benchmarks/java/jbmc-regression/CharSequenceBug.yml	../bench-defs/sv-benchmarks/java/properties/no-runtime-exception.prp	true	['../bench-defs/sv-benchmarks/java/common', '../bench-defs/sv-benchmarks/java/jbmc-regression/CharSequenceBug']	e51b38e9f70bb1661b65ac0c9217bea3a27f52aa7ab343ccc28a52aa5b929fc0
../bench-defs/sv-benchmarks/java/jbmc-regression/CharSequenceToString.yml	../bench-defs/sv-benchmarks/java/properties/no-runtime-exception.prp	true	['../bench-defs/sv-benchmarks/java/common', '../bench-defs/sv-benchmarks/java/jbmc-regression/CharSequenceToString']	57adb008e6d127546639252a739d7ecf4cc21650cf59d9105bcb3d61e17ea76e
../bench-defs/sv-benchmarks/java/jbmc-regression/ClassCastException1.yml	../bench-defs/sv-benchmarks/java/properties/no-runtime-exception.prp	true	['../bench-defs/sv-benchmarks/java/common', '../bench-defs/sv-benchmarks/java/jbmc-regression/ClassCastException1']	8d9bb792afa9a059846c16ed11eab8560d8d23f07c52c743f9df2f0af79cb3fe
../bench-defs/sv-benchmarks/java/jbmc-regression/ClassCastException2.yml	../bench-defs/sv-benchmarks/java/properties/no-runtime-exception.prp	true	['../bench-defs/sv-benchmarks/java/common', '../bench-defs/sv-benchmarks/java/jbmc-regression/ClassCastException2']	7897a516bf55ec7d254bd8ef5f9b7869c27c099f0b2f0fbce27d6c779fcba5a6
../bench-defs/sv-benchmarks/java/jbmc-regression/ClassCastException3.yml	../bench-defs/sv-benchmarks/java/properties/no-runtime-exception.prp	true	['../bench-defs/sv-benchmarks/java/common', '../bench-defs/sv-benchmarks/java/jbmc-regression/ClassCastException3']	e359eca28d3a6da9fc7b02aad6fca1799e6e4396585991f947c301f91d049342
../bench-defs/sv-benchmarks/java/jbmc-regression/Class_method1.yml	../bench-defs/sv-benchmarks/java/properties/no-runtime-exception.prp	true	['../bench-defs/sv-benchmarks/java/common', '../bench-defs/sv-benchmarks/java/jbmc-regression/Class_method1']	df1687b9816fdd94cf1ada3e5920248bd01d2018839512f4403d926b5f46dc98
../bench-defs/sv-benchmarks/java/jbmc-regression/Inheritance1.yml	../bench-defs/sv-benchmarks/java/properties/no-runtime-exception.prp	true	['../bench-defs/sv-benchmarks/java/common', '../bench-defs/sv-benchmarks/java/jbmc-regression/Inheritance1']	536a4ebd7a5ce707afed16816fc79cb8025b476e62a09d81a08fed16886c0ea0
../bench-defs/sv-benchmarks/java/jbmc-regression/NegativeArraySizeException1.yml	../bench-defs/sv-benchmarks/java/properties/no-runtime-exception.prp	true	['../bench-defs/sv-benchmarks/java/common', '../bench-defs/sv-benchmarks/java/jbmc-regression/NegativeArraySizeException1']	b4d4dcd0d04c651a8db16a79ea4f650e28eb74c95cda573bc822a4582f2ce79b
../bench-defs/sv-benchmarks/java/jbmc-regression/NegativeArraySizeException2.yml	../bench-defs/sv-benchmarks/java/properties/no-runtime-exception.prp	true	['../bench-defs/sv-benchmarks/java/common', '../bench-defs/sv-benchmarks/java/jbmc-regression/NegativeArraySizeException2']	f2ca25c24dedd68309e4111fc73e13ea101948b68b411865d36456662e5980c7
../bench-defs/sv-benchmarks/java/jbmc-regression/NullPointerException1.yml	../bench-defs/sv-benchmarks/java/properties/no-runtime-exception.prp	true	['../bench-defs/sv-benchmarks/java/common', '../bench-defs/sv-benchmarks/java/jbmc-regression/NullPointerException1']	aa563e5df922e1130fd4c46c8722a0284b0be3e5648925ba1abc560d6848ade8
../bench-defs/sv-benchmarks/java/jbmc-regression/NullPointerException2.yml	../bench-defs/sv-benchmarks/java/properties/no-runtime-exception.prp	true	['../bench-defs/sv-benchmarks/java/common', '../bench-defs/sv-benchmarks/java/jbmc-regression/NullPointerException2']	7429d9305c250c5b731b95a7437622ffbb47dbf6ad246463942c7985f9dc30f1
../bench-defs/sv-benchmarks/java/jbmc-regression/NullPointerException3.yml	../bench-defs/sv-benchmarks/java/properties/no-runtime-exception.prp	true	['../bench-defs/sv-benchmarks/java/common', '../bench-defs/sv-benchmarks/java/jbmc-regression/NullPointerException3']	9e3b015954221e68d6be5629cd05be315c6420becbb0c3e163a75063165ffc73
../bench-defs/sv-benchmarks/java/jbmc-regression/NullPointerException4.yml	../bench-defs/sv-benchmarks/java/properties/no-runtime-exception.prp	true	['../bench-defs/sv-benchmarks/java/common', '../bench-defs/sv-benchmarks/java/jbmc-regression/NullPointerException4']	6bd09ffc189f5f8ab50e1678aadbec119be4423892472485648c39471d696aaa
../bench-defs/sv-benchmarks/java/jbmc-regression/RegexMatches01.yml	../bench-defs/sv-benchmarks/java/properties/no-runtime-exception.prp	true	['../bench-defs/sv-benchmarks/java/common', '../bench-defs/sv-benchmarks/java/jbmc-regression/RegexMatches01']	b10633ce0c9ef06148295c7fe93641a1c2005505c2c5fc184039365b1c023ae7
../bench-defs/sv-benchmarks/java/jbmc-regression/RegexMatches02.yml	../bench-defs/sv-benchmarks/java/properties/no-runtime-exception.prp	true	['../bench-defs/sv-benchmarks/java/common', '../bench-defs/sv-benchmarks/java/jbmc-regression/RegexMatches02']	47c3eddc000e227f4e6e54da89e0d155df276aeb9a4c29b82a6d384d1475b6ef
../bench-defs/sv-benchmarks/java/jbmc-regression/RegexSubstitution01.yml	../bench-defs/sv-benchmarks/java/properties/no-runtime-exception.prp	true	['../bench-defs/sv-benchmarks/java/common', '../bench-defs/sv-benchmarks/java/jbmc-regression/RegexSubstitution01']	3d4cc3a7f7ba73a884e9fb0e36bd3e97dd796c57cce72d9c56a6b727cf0459d1
../bench-defs/sv-benchmarks/java/jbmc-regression/RegexSubstitution02.yml	../bench-defs/sv-benchmarks/java/properties/no-runtime-exception.prp	true	['../bench-defs/sv-benchmarks/java/common', '../bench-defs/sv-benchmarks/java/jbmc-regression/RegexSubstitution02']	a3758a785dcc6215e984f0ab78047a968c46e185a728e07344a1de15051ee39a
../bench-defs/sv-benchmarks/java/jbmc-regression/RegexSubstitution03.yml	../bench-defs/sv-benchmarks/java/properties/no-runtime-exception.prp	true	['../bench-defs/sv-benchmarks/java/common', '../bench-defs/sv-benchmarks/java/jbmc-regression/RegexSubstitution03']	754f3739fdf6510c1d80b066e45d79ed45715d3f0fe37d828b18c695f38e90a1
../bench-defs/sv-benchmarks/java/jbmc-regression/StaticCharMethods01.yml	../bench-defs/sv-benchmarks/java/properties/no-runtime-exception.prp	true	['../bench-defs/sv-benchmarks/java/common', '../bench-defs/sv-benchmarks/java/jbmc-regression/StaticCharMethods01']	ffa3c6df2d47d5c7f3845ab8f2cdbd23511cfa4b6de032faf03f8c74269279e8
../bench-defs/sv-benchmarks/java/jbmc-regression/StaticCharMethods02.yml	../bench-defs/sv-benchmarks/java/properties/no-runtime-exception.prp	true	['../bench-defs/sv-benchmarks/java/common', '../bench-defs/sv-benchmarks/java/jbmc-regression/StaticCharMethods02']	dd21130a92b07d4d9db0b868a73ed65f2b47e9ed14c3571acce9df7c4cdb6257
../bench-defs/sv-benchmarks/java/jbmc-regression/StaticCharMethods03.yml	../bench-defs/sv-benchmarks/java/properties/no-runtime-exception.prp	true	['../bench-defs/sv-benchmarks/java/common', '../bench-defs/sv-benchmarks/java/jbmc-regression/StaticCharMethods03']	ac80c8fc6ee841d5df68a1767aa33f1eaadde47ede90c37174d26debbe2e26b5
../bench-defs/sv-benchmarks/java/jbmc-regression/StaticCharMethods04.yml	../bench-defs/sv-benchmarks/java/properties/no-runtime-exception.prp	true	['../bench-defs/sv-benchmarks/java/common', '../bench-defs/sv-benchmarks/java/jbmc-regression/StaticCharMethods04']	cd4d54fba362ad8884f9042f2f4c73c8bc02d407ca1db92578398aef8efdae2d
../bench-defs/sv-benchmarks/java/jbmc-regression/StaticCharMethods05.yml	../bench-defs/sv-benchmarks/java/properties/no-runtime-exception.prp	false	['../bench-defs/sv-benchmarks/java/common', '../bench-defs/sv-benchmarks/java/jbmc-regression/StaticCharMethods05']	fa1962673a05af5467b7feae937a4d765916b7f9cdd683dba9967eedde2ec4f7
../bench-defs/sv-benchmarks/java/jbmc-regression/StaticCharMethods06.yml	../bench-defs/sv-benchmarks/java/properties/no-runtime-exception.prp	true	['../bench-defs/sv-benchmarks/java/common', '../bench-defs/sv-benchmarks/java/jbmc-regression/StaticCharMethods06']	bb8ddf46d9486882caa8c04cc63fcab9c9d9ba752e3e1f79cf734efe1a9a2c98
../bench-defs/sv-benchmarks/java/jbmc-regression/StringBuilderAppend01.yml	../bench-defs/sv-benchmarks/java/properties/no-runtime-exception.prp	true	['../bench-defs/sv-benchmarks/java/common', '../bench-defs/sv-benchmarks/java/jbmc-regression/StringBuilderAppend01']	9ee2f2ae9e65b79ff45c7e603ba0d874962b8543e3f72b1df780eb51674e044f
../bench-defs/sv-benchmarks/java/jbmc-regression/StringBuilderAppend02.yml	../bench-defs/sv-benchmarks/java/properties/no-runtime-exception.prp	true	['../bench-defs/sv-benchmarks/java/common', '../bench-defs/sv-benchmarks/java/jbmc-regression/StringBuilderAppend02']	8bca316c6ec6e3eb4b355b83a32d10dd67ae5a2c8b121cc13dc0ebb37395e4f2
../bench-defs/sv-benchmarks/java/jbmc-regression/StringBuilderCapLen01.yml	../bench-defs/sv-benchmarks/java/properties/no-runtime-exception.prp	true	['../bench-defs/sv-benchmarks/java/common', '../bench-defs/sv-benchmarks/java/jbmc-regression/StringBuilderCapLen01']	7bed11406bbe986290d265d36b17b4dc280712a9b9dd4d19921dc7f559b36c23
../bench-defs/sv-benchmarks/java/jbmc-regression/StringBuilderCapLen02.yml	../bench-defs/sv-benchmarks/java/properties/no-runtime-exception.prp	true	['../bench-defs/sv-benchmarks/java/common', '../bench-defs/sv-benchmarks/java/jbmc-regression/StringBuilderCapLen02']	976eb9cfefef75c4e5dacb8924c9217964df912880da0004c579938d9b73cb6f
../bench-defs/sv-benchmarks/java/jbmc-regression/StringBuilderCapLen03.yml	../bench-defs/sv-benchmarks/java/properties/no-runtime-exception.prp	true	['../bench-defs/sv-benchmarks/java/common', '../bench-defs/sv-benchmarks/java/jbmc-regression/StringBuilderCapLen03']	d86da1dd3c7076d5a3e34881de26b90a24f090f4c9a7acf54fde9c73f6e84b84
../bench-defs/sv-benchmarks/java/jbmc-regression/StringBuilderCapLen04.yml	../bench-defs/sv-benchmarks/java/properties/no-runtime-exception.prp	true	['../bench-defs/sv-benchmarks/java/common', '../bench-defs/sv-benchmarks/java/jbmc-regression/StringBuilderCapLen04']	d56b0a3248315215cd367d95a560c0a8b95cae8bf27ca17771e2fd0deca1b4ea
../bench-defs/sv-benchmarks/java/jbmc-regression/StringBuilderChars01.yml	../bench-defs/sv-benchmarks/java/properties/no-runtime-exception.prp	true	['../bench-defs/sv-benchmarks/java/common', '../bench-defs/sv-benchmarks/java/jbmc-regression/StringBuilderChars01']	c0bcaf7a58788969082e3f91b34ffd65dbfe4243034bc22fcd76f5a61f6e2f5f
../bench-defs/sv-benchmarks/java/jbmc-regression/StringBuilderChars02.yml	../bench-defs/sv-benchmarks/java/properties/no-runtime-exception.prp	true	['../bench-defs/sv-benchmarks/java/common', '../bench-defs/sv-benchmarks/java/jbmc-regression/StringBuilderChars02']	71eac7182a000b10cd6a90fe80657ba36f437f9e18c64ff325c048f1ee0e8a88
../bench-defs/sv-benchmarks/java/jbmc-regression/StringBuilderChars03.yml	../bench-defs/sv-benchmarks/java/properties/no-runtime-exception.prp	false	['../bench-defs/sv-benchmarks/java/common', '../bench-defs/sv-benchmarks/java/jbmc-regression/StringBuilderChars03']	3f23ce89fc32cfef001f235be67ad58abf160dea6e8cf1f62302ddefcf6281da
../bench-defs/sv-benchmarks/java/jbmc-regression/StringBuilderChars04.yml	../bench-defs/sv-benchmarks/java/properties/no-runtime-exception.prp	true	['../bench-defs/sv-benchmarks/java/common', '../bench-defs/sv-benchmarks/java/jbmc-regression/StringBuilderChars04']	94299534c123fa97c766c641d727745d0156701ae76ea40142538b56877d7a73
../bench-defs/sv-benchmarks/java/jbmc-regression/StringBuilderChars05.yml	../bench-defs/sv-benchmarks/java/properties/no-runtime-exception.prp	false	['../bench-defs/sv-benchmarks/java/common', '../bench-defs/sv-benchmarks/java/jbmc-regression/StringBuilderChars05']	650c6eec600bd3fd90ddd13f23acdaccc672049f809652a808409e5d86da233a
../bench-defs/sv-benchmarks/java/jbmc-regression/StringBuilderChars06.yml	../bench-defs/sv-benchmarks/java/properties/no-runtime-exception.prp	true	['../bench-defs/sv-benchmarks/java/common', '../bench-defs/sv-benchmarks/java/jbmc-regression/StringBuilderChars06']	d54f70d76dea79e0473321bdca600e118af2333967eea4fd69e1420519264ba8
../bench-defs/sv-benchmarks/java/jbmc-regression/StringBuilderConstructors01.yml	../bench-defs/sv-benchmarks/java/properties/no-runtime-exception.prp	true	['../bench-defs/sv-benchmarks/java/common', '../bench-defs/sv-benchmarks/java/jbmc-regression/StringBuilderConstructors01']	320b56122545507c544041d2b01d3e819392d872770e827995d0373b03da2fda
../bench-defs/sv-benchmarks/java/jbmc-regression/StringBuilderConstructors02.yml	../bench-defs/sv-benchmarks/java/properties/no-runtime-exception.prp	true	['../bench-defs/sv-benchmarks/java/common', '../bench-defs/sv-benchmarks/java/jbmc-regression/StringBuilderConstructors02']	b65d0d32a42ea1e52d147392384c5d1babaefdc69f7f9f8eff1d6ab652d48aa3
../bench-defs/sv-benchmarks/java/jbmc-regression/StringBuilderInsertDelete01.yml	../bench-defs/sv-benchmarks/java/properties/no-runtime-exception.prp	true	['../bench-defs/sv-benchmarks/java/common', '../bench-defs/sv-benchmarks/java/jbmc-regression/StringBuilderInsertDelete01']	432062d88aa222a682a34190852688f4edb4af800a1d5159dfc58d3f6bd7122a
../bench-defs/sv-benchmarks/java/jbmc-regression/StringBuilderInsertDelete02.yml	../bench-defs/sv-benchmarks/java/properties/no-runtime-exception.prp	true	['../bench-defs/sv-benchmarks/java/common', '../bench-defs/sv-benchmarks/java/jbmc-regression/StringBuilderInsertDelete02']	981b0a963162f4fe50f79e2e975b20ff4d560d71389a3477a0e06895fdc34a3a
../bench-defs/sv-benchmarks/java/jbmc-regression/StringBuilderInsertDelete03.yml	../bench-defs/sv-benchmarks/java/properties/no-runtime-exception.prp	true	['../bench-defs/sv-benchmarks/java/common', '../bench-defs/sv-benchmarks/java/jbmc-regression/StringBuilderInsertDelete03']	052b78f8ba7839bea0bf9b3d667f21587fa4bc3d88aab745b7e12ee46412e06a
../bench-defs/sv-benchmarks/java/jbmc-regression/StringCompare01.yml	../bench-defs/sv-benchmarks/java/properties/no-runtime-exception.prp	true	['../bench-defs/sv-benchmarks/java/common', '../bench-defs/sv-benchmarks/java/jbmc-regression/StringCompare01']	d879ac69a1c09d8efff17b4625267dd06b55f190e5bd26ee3bc6bcedf07b116a
../bench-defs/sv-benchmarks/java/jbmc-regression/StringCompare02.yml	../bench-defs/sv-benchmarks/java/properties/no-runtime-exception.prp	true	['../bench-defs/sv-benchmarks/java/common', '../bench-defs/sv-benchmarks/java/jbmc-regression/StringCompare02']	571d3b73226fd44fb0c1937eacf0f6535e5c75a401e18d74454cfd0a8863416e
../bench-defs/sv-benchmarks/java/jbmc-regression/StringCompare03.yml	../bench-defs/sv-benchmarks/java/properties/no-runtime-exception.prp	true	['../bench-defs/sv-benchmarks/java/common', '../bench-defs/sv-benchmarks/java/jbmc-regression/StringCompare03']	60ae0d8357113f3fb870c1a68d88fd263318739f6be499ddfc64af1b2f48490c
../bench-defs/sv-benchmarks/java/jbmc-regression/StringCompare04.yml	../bench-defs/sv-benchmarks/java/properties/no-runtime-exception.prp	true	['../bench-defs/sv-benchmarks/java/common', '../bench-defs/sv-benchmarks/java/jbmc-regression/StringCompare04']	7f6ffcb0e507af51bc36a9cc6b5dc7417f8977eca0d7c9ffaa512d84fb27c3ac
../bench-defs/sv-benchmarks/java/jbmc-regression/StringCompare05.yml	../bench-defs/sv-benchmarks/java/properties/no-runtime-exception.prp	true	['../bench-defs/sv-benchmarks/java/common', '../bench-defs/sv-benchmarks/java/jbmc-regression/StringCompare05']	8c5a801e6ec73bda081914926f50cb18666865d49372dd5300fe4cc3ad4debab
../bench-defs/sv-benchmarks/java/jbmc-regression/StringConcatenation01.yml	../bench-defs/sv-benchmarks/java/properties/no-runtime-exception.prp	true	['../bench-defs/sv-benchmarks/java/common', '../bench-defs/sv-benchmarks/java/jbmc-regression/StringConcatenation01']	e1bf0d5ca3b0f68d01dca34a289176b4fa2827b6c99362100458699f901f94c8
../bench-defs/sv-benchmarks/java/jbmc-regression/StringConcatenation02.yml	../bench-defs/sv-benchmarks/java/properties/no-runtime-exception.prp	true	['../bench-defs/sv-benchmarks/java/common', '../bench-defs/sv-benchmarks/java/jbmc-regression/StringConcatenation02']	d132b3bd5888ddf00b5f8927891f343723287f3005af19c3550aea35336179ef
../bench-defs/sv-benchmarks/java/jbmc-regression/StringConcatenation03.yml	../bench-defs/sv-benchmarks/java/properties/no-runtime-exception.prp	true	['../bench-defs/sv-benchmarks/java/common', '../bench-defs/sv-benchmarks/java/jbmc-regression/StringConcatenation03']	18d8b47a77cdf74b7f34f44f4b321b6637186ee44ddeba252bf73fbfc4a6bb58
../bench-defs/sv-benchmarks/java/jbmc-regression/StringConcatenation04.yml	../bench-defs/sv-benchmarks/java/properties/no-runtime-exception.prp	true	['../bench-defs/sv-benchmarks/java/common', '../bench-defs/sv-benchmarks/java/jbmc-regression/StringConcatenation04']	29c76ccd30b68d1ad38207f34161ba7ca323e8d7f80fda8fe86a21de6f5d1ac4
../bench-defs/sv-benchmarks/java/jbmc-regression/StringConstructors01.yml	../bench-defs/sv-benchmarks/java/properties/no-runtime-exception.prp	true	['../bench-defs/sv-benchmarks/java/common', '../bench-defs/sv-benchmarks/java/jbmc-regression/StringConstructors01']	3cd353e8c4b32f620f5501a50d07a525504113573004860aaf250389b55d18b3
../bench-defs/sv-benchmarks/java/jbmc-regression/StringConstructors02.yml	../bench-defs/sv-benchmarks/java/properties/no-runtime-exception.prp	true	['../bench-defs/sv-benchmarks/java/common', '../bench-defs/sv-benchmarks/java/jbmc-regression/StringConstructors02']	56fecc471cc26c966062d61ffe7536d0cc58856bf434c60ce3549f5ac51cc9b4
../bench-defs/sv-benchmarks/java/jbmc-regression/StringConstructors03.yml	../bench-defs/sv-benchmarks/java/properties/no-runtime-exception.prp	true	['../bench-defs/sv-benchmarks/java/common', '../bench-defs/sv-benchmarks/java/jbmc-regression/StringConstructors03']	6e9856afc5143765877c58dcb13e2d335432364d76e93e1fcd55dfc995df8f95
../bench-defs/sv-benchmarks/java/jbmc-regression/StringConstructors04.yml	../bench-defs/sv-benchmarks/java/properties/no-runtime-exception.prp	true	['../bench-defs/sv-benchmarks/java/common', '../bench-defs/sv-benchmarks/java/jbmc-regression/StringConstructors04']	460bab66ec529e96bc6e2cc06d855c9f5797543914a47d58c6facb2e2654e56e
../bench-defs/sv-benchmarks/java/jbmc-regression/StringConstructors05.yml	../bench-defs/sv-benchmarks/java/properties/no-runtime-exception.prp	true	['../bench-defs/sv-benchmarks/java/common', '../bench-defs/sv-benchmarks/java/jbmc-regression/StringConstructors05']	54a423c837d33d6a1df83399b4b0ed4b8c92ae85bb47e6d3652c4bf239309f86
../bench-defs/sv-benchmarks/java/jbmc-regression/StringContains01.yml	../bench-defs/sv-benchmarks/java/properties/no-runtime-exception.prp	true	['../bench-defs/sv-benchmarks/java/common', '../bench-defs/sv-benchmarks/java/jbmc-regression/StringContains01']	200205c9eca6770d4be16f0bc33a182d09f3bb3f48c0d178fd6ac2b70deb711d
../bench-defs/sv-benchmarks/java/jbmc-regression/StringContains02.yml	../bench-defs/sv-benchmarks/java/properties/no-runtime-exception.prp	true	['../bench-defs/sv-benchmarks/java/common', '../bench-defs/sv-benchmarks/java/jbmc-regression/StringContains02']	785456583b6bc87b2b4cc37a5c36be7f2982f7502c3e0e645c8000a44bf76f4a
../bench-defs/sv-benchmarks/java/jbmc-regression/StringIndexMethods01.yml	../bench-defs/sv-benchmarks/java/properties/no-runtime-exception.prp	true	['../bench-defs/sv-benchmarks/java/common', '../bench-defs/sv-benchmarks/java/jbmc-regression/StringIndexMethods01']	dcf0e9883ccc2f426cd52b05c32be040e2a3aca7cd10d339897420b96c251340
../bench-defs/sv-benchmarks/java/jbmc-regression/StringIndexMethods02.yml	../bench-defs/sv-benchmarks/java/properties/no-runtime-exception.prp	true	['../bench-defs/sv-benchmarks/java/common', '../bench-defs/sv-benchmarks/java/jbmc-regression/StringIndexMethods02']	3b68977b21a594a34c5ee7f7ca7132b4c8fc34ac8bafadc996c084c3d8215aeb
../bench-defs/sv-benchmarks/java/jbmc-regression/StringIndexMethods03.yml	../bench-defs/sv-benchmarks/java/properties/no-runtime-exception.prp	true	['../bench-defs/sv-benchmarks/java/common', '../bench-defs/sv-benchmarks/java/jbmc-regression/StringIndexMethods03']	80e00d12d1a5c80d53a993319bfa54c6ab2a84847212f50cb79bcfeb1195f00b
../bench-defs/sv-benchmarks/java/jbmc-regression/StringIndexMethods04.yml	../bench-defs/sv-benchmarks/java/properties/no-runtime-exception.prp	true	['../bench-defs/sv-benchmarks/java/common', '../bench-defs/sv-benchmarks/java/jbmc-regression/StringIndexMethods04']	1223b0679c555f5c8d0b294f757f2f930c053b6a3707c1430688ed12746d1f05
../bench-defs/sv-benchmarks/java/jbmc-regression/StringIndexMethods05.yml	../bench-defs/sv-benchmarks/java/properties/no-runtime-exception.prp	true	['../bench-defs/sv-benchmarks/java/common', '../bench-defs/sv-benchmarks/java/jbmc-regression/StringIndexMethods05']	da983d26ffbcc60bb9950a15954bf3fa91faf2e9d1b58eb27cde68e516fb465f
../bench-defs/sv-benchmarks/java/jbmc-regression/StringMiscellaneous01.yml	../bench-defs/sv-benchmarks/java/properties/no-runtime-exception.prp	true	['../bench-defs/sv-benchmarks/java/common', '../bench-defs/sv-benchmarks/java/jbmc-regression/StringMiscellaneous01']	f6f6f9146e30f90f31d3c26ed388245f006d971141bc1d3540379edee5b8d7bb
../bench-defs/sv-benchmarks/java/jbmc-regression/StringMiscellaneous02.yml	../bench-defs/sv-benchmarks/java/properties/no-runtime-exception.prp	true	['../bench-defs/sv-benchmarks/java/common', '../bench-defs/sv-benchmarks/java/jbmc-regression/StringMiscellaneous02']	826c3e5be862c78f60b2d66d5e8730003ac20e4940b1f2fcb0bbb50803f775e5
../bench-defs/sv-benchmarks/java/jbmc-regression/StringMiscellaneous03.yml	../bench-defs/sv-benchmarks/java/properties/no-runtime-exception.prp	false	['../bench-defs/sv-benchmarks/java/common', '../bench-defs/sv-benchmarks/java/jbmc-regression/StringMiscellaneous03']	e172bf4f9feb167826d12bc4cac8285d986a3fa8e8472ce04a120a9931b0e680
../bench-defs/sv-benchmarks/java/jbmc-regression/StringMiscellaneous04.yml	../bench-defs/sv-benchmarks/java/properties/no-runtime-exception.prp	true	['../bench-defs/sv-benchmarks/java/common', '../bench-defs/sv-benchmarks/java/jbmc-regression/StringMiscellaneous04']	45b0379932e8002a1813413fc02a61f0d341a29b203aec87c447a2d58d94d700
../bench-defs/sv-benchmarks/java/jbmc-regression/StringStartEnd01.yml	../bench-defs/sv-benchmarks/java/properties/no-runtime-exception.prp	true	['../bench-defs/sv-benchmarks/java/common', '../bench-defs/sv-benchmarks/java/jbmc-regression/StringStartEnd01']	52382c2c913a6f97d3a8a92dac3dd39b39e917b24a567373a62c74998a33ca4a
../bench-defs/sv-benchmarks/java/jbmc-regression/StringStartEnd02.yml	../bench-defs/sv-benchmarks/java/properties/no-runtime-exception.prp	true	['../bench-defs/sv-benchmarks/java/common', '../bench-defs/sv-benchmarks/java/jbmc-regression/StringStartEnd02']	c6f918190ef4648370539debb60f71e707439ceaaf7514097340917a9280c711
../bench-defs/sv-benchmarks/java/jbmc-regression/StringStartEnd03.yml	../bench-defs/sv-benchmarks/java/properties/no-runtime-exception.prp	true	['../bench-defs/sv-benchmarks/java/common', '../bench-defs/sv-benchmarks/java/jbmc-regression/StringStartEnd03']	7561277d74aad05ed931000132a49f2965cc3f8640d491d67a9a37c6bb78c4f9
../bench-defs/sv-benchmarks/java/jbmc-regression/StringValueOf01.yml	../bench-defs/sv-benchmarks/java/properties/no-runtime-exception.prp	true	['../bench-defs/sv-benchmarks/java/common', '../bench-defs/sv-benchmarks/java/jbmc-regression/StringValueOf01']	6e9d52eb3d72878ea65abbd8b91d12a22d305693b5acb582ba13871615694742
../bench-defs/sv-benchmarks/java/jbmc-regression/StringValueOf02.yml	../bench-defs/sv-benchmarks/java/properties/no-runtime-exception.prp	false	['../bench-defs/sv-benchmarks/java/common', '../bench-defs/sv-benchmarks/java/jbmc-regression/StringValueOf02']	1cbceea478fbf7b2b3297c4d1253ff2536fd23192a55ddd4a88b270f1b7e9b6d
../bench-defs/sv-benchmarks/java/jbmc-regression/StringValueOf03.yml	../bench-defs/sv-benchmarks/java/properties/no-runtime-exception.prp	false	['../bench-defs/sv-benchmarks/java/common', '../bench-defs/sv-benchmarks/java/jbmc-regression/StringValueOf03']	47b710a16cf04c290075cbe1eabd3f4f739718b2571b77d32c1c5b08dd7a19b5
../bench-defs/sv-benchmarks/java/jbmc-regression/StringValueOf04.yml	../bench-defs/sv-benchmarks/java/properties/no-runtime-exception.prp	true	['../bench-defs/sv-benchmarks/java/common', '../bench-defs/sv-benchmarks/java/jbmc-regression/StringValueOf04']	532754cf30712b6c3d393c48abfe97a957525b40a1563011ab1cc09d0b6f44cb
../bench-defs/sv-benchmarks/java/jbmc-regression/StringValueOf05.yml	../bench-defs/sv-benchmarks/java/properties/no-runtime-exception.prp	true	['../bench-defs/sv-benchmarks/java/common', '../bench-defs/sv-benchmarks/java/jbmc-regression/StringValueOf05']	42b6d5fd73f96b52d29e48c098c096372c48c1af496c2fb46da139fb47c03e13
../bench-defs/sv-benchmarks/java/jbmc-regression/StringValueOf06.yml	../bench-defs/sv-benchmarks/java/properties/no-runtime-exception.prp	true	['../bench-defs/sv-benchmarks/java/common', '../bench-defs/sv-benchmarks/java/jbmc-regression/StringValueOf06']	ace40d5bc8b65d6ffc1b4f5e8bca4bb6efe5984cb2a5d81f155b8a66c92fd983
../bench-defs/sv-benchmarks/java/jbmc-regression/StringValueOf07.yml	../bench-defs/sv-benchmarks/java/properties/no-runtime-exception.prp	true	['../bench-defs/sv-benchmarks/java/common', '../bench-defs/sv-benchmarks/java/jbmc-regression/StringValueOf07']	be683661a27e1b6b0ce15193566f004e470bfc4583ddf860b08c89bfe4649a9a
../bench-defs/sv-benchmarks/java/jbmc-regression/StringValueOf08.yml	../bench-defs/sv-benchmarks/java/properties/no-runtime-exception.prp	false	['../bench-defs/sv-benchmarks/java/common', '../bench-defs/sv-benchmarks/java/jbmc-regression/StringValueOf08']	cc276e2e6f9ad1330057b927d28018b9b15c0648a7b9dae5d11c91397baf2e32
../bench-defs/sv-benchmarks/java/jbmc-regression/StringValueOf09.yml	../bench-defs/sv-benchmarks/java/properties/no-runtime-exception.prp	false	['../bench-defs/sv-benchmarks/java/common', '../bench-defs/sv-benchmarks/java/jbmc-regression/StringValueOf09']	1b3138df0341acd0934954e40021db369fd0fa0d0f881f5b9dfcbaa62d10f91a
../bench-defs/sv-benchmarks/java/jbmc-regression/StringValueOf10.yml	../bench-defs/sv-benchmarks/java/properties/no-runtime-exception.prp	true	['../bench-defs/sv-benchmarks/java/common', '../bench-defs/sv-benchmarks/java/jbmc-regression/StringValueOf10']	87f2dbdbb1866fd5a48ceb51b2fca9c2d57eff1f863e757bdccf4199ab7bb19f
../bench-defs/sv-benchmarks/java/jbmc-regression/SubString01.yml	../bench-defs/sv-benchmarks/java/properties/no-runtime-exception.prp	true	['../bench-defs/sv-benchmarks/java/common', '../bench-defs/sv-benchmarks/java/jbmc-regression/SubString01']	27f99f5ce0be6388038a92a9471e1d1f817290dba5d11f0cc03d8777c2817ec7
../bench-defs/sv-benchmarks/java/jbmc-regression/SubString02.yml	../bench-defs/sv-benchmarks/java/properties/no-runtime-exception.prp	false	['../bench-defs/sv-benchmarks/java/common', '../bench-defs/sv-benchmarks/java/jbmc-regression/SubString02']	c3bc30778307141c806f57c53f8c2063fe82a3419904b27884c55359f7e41de5
../bench-defs/sv-benchmarks/java/jbmc-regression/SubString03.yml	../bench-defs/sv-benchmarks/java/properties/no-runtime-exception.prp	false	['../bench-defs/sv-benchmarks/java/common', '../bench-defs/sv-benchmarks/java/jbmc-regression/SubString03']	ad94f5f5abece4d44a7a722908f5018edccc22df5266393fe9268937461e041e
../bench-defs/sv-benchmarks/java/jbmc-regression/TokenTest01.yml	../bench-defs/sv-benchmarks/java/properties/no-runtime-exception.prp	true	['../bench-defs/sv-benchmarks/java/common', '../bench-defs/sv-benchmarks/java/jbmc-regression/TokenTest01']	9874d9856b997049cb57da69449a6dbdbe66fd46cd185a18622b3f83cf220f8e
../bench-defs/sv-benchmarks/java/jbmc-regression/TokenTest02.yml	../bench-defs/sv-benchmarks/java/properties/no-runtime-exception.prp	true	['../bench-defs/sv-benchmarks/java/common', '../bench-defs/sv-benchmarks/java/jbmc-regression/TokenTest02']	8a04c140376e9d435b485de94e41c00e7ac0c7c914223c3324d2a8189cfb7b31
../bench-defs/sv-benchmarks/java/jbmc-regression/Validate01.yml	../bench-defs/sv-benchmarks/java/properties/no-runtime-exception.prp	true	['../bench-defs/sv-benchmarks/java/common', '../bench-defs/sv-benchmarks/java/jbmc-regression/Validate01']	796baf2a4b41032ebc37e27356106bbe65602326c6a1c1b528115573051be096
../bench-defs/sv-benchmarks/java/jbmc-regression/Validate02.yml	../bench-defs/sv-benchmarks/java/properties/no-runtime-exception.prp	true	['../bench-defs/sv-benchmarks/java/common', '../bench-defs/sv-benchmarks/java/jbmc-regression/Validate02']	19600eb0a180924033aba64e54d693e25eb3947c1b0c961d95cf6f216f2bbf3d
../bench-defs/sv-benchmarks/java/jbmc-regression/aastore_aaload1.yml	../bench-defs/sv-benchmarks/java/properties/no-runtime-exception.prp	true	['../bench-defs/sv-benchmarks/java/common', '../bench-defs/sv-benchmarks/java/jbmc-regression/aastore_aaload1']	136590aab443607f8b56f4e18d620c88aa1a3ed37af45ee70e2b50500d3286bd
../bench-defs/sv-benchmarks/java/jbmc-regression/array1.yml	../bench-defs/sv-benchmarks/java/properties/no-runtime-exception.prp	true	['../bench-defs/sv-benchmarks/java/common', '../bench-defs/sv-benchmarks/java/jbmc-regression/array1']	a446f5cbdbc5f39904ef9a5404a451946dce476c7682a19335c1f6e3cd370d8c
../bench-defs/sv-benchmarks/java/jbmc-regression/array2.yml	../bench-defs/sv-benchmarks/java/properties/no-runtime-exception.prp	true	['../bench-defs/sv-benchmarks/java/common', '../bench-defs/sv-benchmarks/java/jbmc-regression/array2']	733ed196393c933fd85b90b9c0882a88e4cd56436e85cda205a3dd05e8c2ac22
../bench-defs/sv-benchmarks/java/jbmc-regression/arraylength1.yml	../bench-defs/sv-benchmarks/java/properties/no-runtime-exception.prp	true	['../bench-defs/sv-benchmarks/java/common', '../bench-defs/sv-benchmarks/java/jbmc-regression/arraylength1']	ffd692f06ac7d97fb5b4a45488ffca696b8b9d3ed2de745b9e2bf679dafa7852
../bench-defs/sv-benchmarks/java/jbmc-regression/arrayread1.yml	../bench-defs/sv-benchmarks/java/properties/no-runtime-exception.prp	true	['../bench-defs/sv-benchmarks/java/common', '../bench-defs/sv-benchmarks/java/jbmc-regression/arrayread1']	18ab489f6c1f41aa8b3080c1ba0b548161e3b587106822965c950951f08c24e7
../bench-defs/sv-benchmarks/java/jbmc-regression/assert1.yml	../bench-defs/sv-benchmarks/java/properties/no-runtime-exception.prp	true	['../bench-defs/sv-benchmarks/java/common', '../bench-defs/sv-benchmarks/java/jbmc-regression/assert1']	8e78e1079ae19330cb1e8a5c1d1f4037319757898eb829548a74d7b16a49a989
../bench-defs/sv-benchmarks/java/jbmc-regression/assert2.yml	../bench-defs/sv-benchmarks/java/properties/no-runtime-exception.prp	true	['../bench-defs/sv-benchmarks/java/common', '../bench-defs/sv-benchmarks/java/jbmc-regression/assert2']	0b6ad3e767b2cf557263d4c583a8293fdaf3d35d5356558ce315f696b33780fd
../bench-defs/sv-benchmarks/java/jbmc-regression/assert3.yml	../bench-defs/sv-benchmarks/java/properties/no-runtime-exception.prp	true	['../bench-defs/sv-benchmarks/java/common', '../bench-defs/sv-benchmarks/java/jbmc-regression/assert3']	7d96fccc65eb422541c0685f380e7afad3a262f612310c0878d6c12271b749b1
../bench-defs/sv-benchmarks/java/jbmc-regression/assert4.yml	../bench-defs/sv-benchmarks/java/properties/no-runtime-exception.prp	true	['../bench-defs/sv-benchmarks/java/common', '../bench-defs/sv-benchmarks/java/jbmc-regression/assert4']	3a760be22f3ab9f43272b8ae56bbf55d0b845ae771c5f7f8a77afeb0a4cad2e6
../bench-defs/sv-benchmarks/java/jbmc-regression/assert5.yml	../bench-defs/sv-benchmarks/java/properties/no-runtime-exception.prp	true	['../bench-defs/sv-benchmarks/java/common', '../bench-defs/sv-benchmarks/java/jbmc-regression/assert5']	b84e725a438c9e69f002093844c2d610b42658db92f96ab69d13cfa2c9c693d7
../bench-defs/sv-benchmarks/java/jbmc-regression/assert6.yml	../bench-defs/sv-benchmarks/java/properties/no-runtime-exception.prp	true	['../bench-defs/sv-benchmarks/java/common', '../bench-defs/sv-benchmarks/java/jbmc-regression/assert6']	bb8bfee7971ff24120d064af4c619dd44b0bb49b5c0c60dd245d619379aefcf4
../bench-defs/sv-benchmarks/java/jbmc-regression/astore_aload1.yml	../bench-defs/sv-benchmarks/java/properties/no-runtime-exception.prp	true	['../bench-defs/sv-benchmarks/java/common', '../bench-defs/sv-benchmarks/java/jbmc-regression/astore_aload1']	3f8cadd4e8f03a3589e45f94861fd856fc0795be96d4d0b65221e5c3fe460c40
../bench-defs/sv-benchmarks/java/jbmc-regression/athrow1.yml	../bench-defs/sv-benchmarks/java/properties/no-runtime-exception.prp	true	['../bench-defs/sv-benchmarks/java/common', '../bench-defs/sv-benchmarks/java/jbmc-regression/athrow1']	662324da3b2814c8c008055d29886526214964aa7b02c79b4f387f1a5c3058cc
../bench-defs/sv-benchmarks/java/jbmc-regression/basic1.yml	../bench-defs/sv-benchmarks/java/properties/no-runtime-exception.prp	true	['../bench-defs/sv-benchmarks/java/common', '../bench-defs/sv-benchmarks/java/jbmc-regression/basic1']	b65cbdb135917e8bd0ee9e8af397062c2ac3091cdde44680b8ba645e488948fa
../bench-defs/sv-benchmarks/java/jbmc-regression/bitwise1.yml	../bench-defs/sv-benchmarks/java/properties/no-runtime-exception.prp	true	['../bench-defs/sv-benchmarks/java/common', '../bench-defs/sv-benchmarks/java/jbmc-regression/bitwise1']	19032a21f25e83f90930dfa45252a0985d07b693dfd0520f28ae465a735b9f82
../bench-defs/sv-benchmarks/java/jbmc-regression/boolean1.yml	../bench-defs/sv-benchmarks/java/properties/no-runtime-exception.prp	true	['../bench-defs/sv-benchmarks/java/common', '../bench-defs/sv-benchmarks/java/jbmc-regression/boolean1']	ee888e30eb9ad9c05392cd10e4785173b4db3f1495964ccfac5a93d1f4244fdb
../bench-defs/sv-benchmarks/java/jbmc-regression/boolean2.yml	../bench-defs/sv-benchmarks/java/properties/no-runtime-exception.prp	true	['../bench-defs/sv-benchmarks/java/common', '../bench-defs/sv-benchmarks/java/jbmc-regression/boolean2']	1bb6e520d7c0012b2e23f4a20734e7549f3e312408bcf5028da10f8191d2fe74
../bench-defs/sv-benchmarks/java/jbmc-regression/bug-test-gen-095.yml	../bench-defs/sv-benchmarks/java/properties/no-runtime-exception.prp	true	['../bench-defs/sv-benchmarks/java/common', '../bench-defs/sv-benchmarks/java/jbmc-regression/bug-test-gen-095']	9359eb9f6e6f883109f4f5f4bb5d787a5058e00f3e682f0f67d488149e8669ed
../bench-defs/sv-benchmarks/java/jbmc-regression/bug-test-gen-119-2.yml	../bench-defs/sv-benchmarks/java/properties/no-runtime-exception.prp	true	['../bench-defs/sv-benchmarks/java/common', '../bench-defs/sv-benchmarks/java/jbmc-regression/bug-test-gen-119-2']	2a19e56a5e39f7cbbed4c4301bc4b1ac30046d4e05dfd2527958d426b6e5de58
../bench-defs/sv-benchmarks/java/jbmc-regression/bug-test-gen-119.yml	../bench-defs/sv-benchmarks/java/properties/no-runtime-exception.prp	true	['../bench-defs/sv-benchmarks/java/common', '../bench-defs/sv-benchmarks/java/jbmc-regression/bug-test-gen-119']	2aa0252ee05fb010f9fe3f5fe184f7ae75ae87738821f712dd8c6675b3c4e434
../bench-defs/sv-benchmarks/java/jbmc-regression/calc.yml	../bench-defs/sv-benchmarks/java/properties/no-runtime-exception.prp	true	['../bench-defs/sv-benchmarks/java/common', '../bench-defs/sv-benchmarks/java/jbmc-regression/calc']	8b0fc7481340c9aaf4565cc40628c7b44e9c4c64842ced7874a52ae5621c3a6e
../bench-defs/sv-benchmarks/java/jbmc-regression/cast1.yml	../bench-defs/sv-benchmarks/java/properties/no-runtime-exception.prp	true	['../bench-defs/sv-benchmarks/java/common', '../bench-defs/sv-benchmarks/java/jbmc-regression/cast1']	75adbfef7344f3239f8d0dbc34a6f9ffe5e8c388aaef4225513cb89c8dc7c356
../bench-defs/sv-benchmarks/java/jbmc-regression/catch1.yml	../bench-defs/sv-benchmarks/java/properties/no-runtime-exception.prp	true	['../bench-defs/sv-benchmarks/java/common', '../bench-defs/sv-benchmarks/java/jbmc-regression/catch1']	2672a1f6ce85b22e24028c554a8b1865b3a5ef17123292c61fe6ea560c8c4aca
../bench-defs/sv-benchmarks/java/jbmc-regression/char1.yml	../bench-defs/sv-benchmarks/java/properties/no-runtime-exception.prp	true	['../bench-defs/sv-benchmarks/java/common', '../bench-defs/sv-benchmarks/java/jbmc-regression/char1']	fb7cd391575ddff690729401f1963db915187d092191f605cf7151d3949c57ec
../bench-defs/sv-benchmarks/java/jbmc-regression/charArray.yml	../bench-defs/sv-benchmarks/java/properties/no-runtime-exception.prp	true	['../bench-defs/sv-benchmarks/java/common', '../bench-defs/sv-benchmarks/java/jbmc-regression/charArray']	7511d5393077d13a336710f062b1b6c6f15d5770eb8777066d71c3763cd1796b
../bench-defs/sv-benchmarks/java/jbmc-regression/classtest1.yml	../bench-defs/sv-benchmarks/java/properties/no-runtime-exception.prp	true	['../bench-defs/sv-benchmarks/java/common', '../bench-defs/sv-benchmarks/java/jbmc-regression/classtest1']	f49ddd07999419dbdcd1f9acb9f012d331f476b6680de28912712dc9167454ab
../bench-defs/sv-benchmarks/java/jbmc-regression/const1.yml	../bench-defs/sv-benchmarks/java/properties/no-runtime-exception.prp	true	['../bench-defs/sv-benchmarks/java/common', '../bench-defs/sv-benchmarks/java/jbmc-regression/const1']	6a3911384f851bbb76e79f184a23e6b2edcfa55003be457ca99017847e90487e
../bench-defs/sv-benchmarks/java/jbmc-regression/constructor1.yml	../bench-defs/sv-benchmarks/java/properties/no-runtime-exception.prp	true	['../bench-defs/sv-benchmarks/java/common', '../bench-defs/sv-benchmarks/java/jbmc-regression/constructor1']	80055b4749e2784a2558b610b6eed2219bf1976c6e4dc5e57563dd6f0e84273e
../bench-defs/sv-benchmarks/java/jbmc-regression/enum1.yml	../bench-defs/sv-benchmarks/java/properties/no-runtime-exception.prp	true	['../bench-defs/sv-benchmarks/java/common', '../bench-defs/sv-benchmarks/java/jbmc-regression/enum1']	4d7b90793610e0bfaffdbbb2d5201d408d4a04c4f2839647222937506a21c4f2
../bench-defs/sv-benchmarks/java/jbmc-regression/exceptions1.yml	../bench-defs/sv-benchmarks/java/properties/no-runtime-exception.prp	true	['../bench-defs/sv-benchmarks/java/common', '../bench-defs/sv-benchmarks/java/jbmc-regression/exceptions1']	9c188c706ad719a4c5c865960ce16df6e32b248099b414380f139500145e9a6a
../bench-defs/sv-benchmarks/java/jbmc-regression/exceptions10.yml	../bench-defs/sv-benchmarks/java/properties/no-runtime-exception.prp	true	['../bench-defs/sv-benchmarks/java/common', '../bench-defs/sv-benchmarks/java/jbmc-regression/exceptions10']	438d8cc4a5a55ae325fb2a4cba6d8b7448c64d212033e12e896dca634f39cd0d
../bench-defs/sv-benchmarks/java/jbmc-regression/exceptions11.yml	../bench-defs/sv-benchmarks/java/properties/no-runtime-exception.prp	true	['../bench-defs/sv-benchmarks/java/common', '../bench-defs/sv-benchmarks/java/jbmc-regression/exceptions11']	91d5190e440376a530c6ff87f3e676ac716dbc701f766d43c09f68fa36540699
../bench-defs/sv-benchmarks/java/jbmc-regression/exceptions12.yml	../bench-defs/sv-benchmarks/java/properties/no-runtime-exception.prp	true	['../bench-defs/sv-benchmarks/java/common', '../bench-defs/sv-benchmarks/java/jbmc-regression/exceptions12']	c07a31d3d67a9dd54306c3e2744a1b1da6b1161634f7a50586b671131b90d9c4
../bench-defs/sv-benchmarks/java/jbmc-regression/exceptions13.yml	../bench-defs/sv-benchmarks/java/properties/no-runtime-exception.prp	true	['../bench-defs/sv-benchmarks/java/common', '../bench-defs/sv-benchmarks/java/jbmc-regression/exceptions13']	cfc114d2c0a9bf400e347b20225d09d675c6e30907e58eff9a124479613c1348
../bench-defs/sv-benchmarks/java/jbmc-regression/exceptions14.yml	../bench-defs/sv-benchmarks/java/properties/no-runtime-exception.prp	true	['../bench-defs/sv-benchmarks/java/common', '../bench-defs/sv-benchmarks/java/jbmc-regression/exceptions14']	3427144dee8d8bb551e5d91b32f1c64df179ef2949ccb3380d8680705961297c
../bench-defs/sv-benchmarks/java/jbmc-regression/exceptions15.yml	../bench-defs/sv-benchmarks/java/properties/no-runtime-exception.prp	true	['../bench-defs/sv-benchmarks/java/common', '../bench-defs/sv-benchmarks/java/jbmc-regression/exceptions15']	f05a60ee21f7618b50468df089f4272def95e8985d19d0d68105f831420fd05f
../bench-defs/sv-benchmarks/java/jbmc-regression/exceptions16.yml	../bench-defs/sv-benchmarks/java/properties/no-runtime-exception.prp	true	['../bench-defs/sv-benchmarks/java/common', '../bench-defs/sv-benchmarks/java/jbmc-regression/exceptions16']	ba0680cf0e88b20276dd6fff25be29113caf64c9188b62edbf40e141283b5a9e
../bench-defs/sv-benchmarks/java/jbmc-regression/exceptions18.yml	../bench-defs/sv-benchmarks/java/properties/no-runtime-exception.prp	true	['../bench-defs/sv-benchmarks/java/common', '../bench-defs/sv-benchmarks/java/jbmc-regression/exceptions18']	7a0fc62a42e5c115fa8391f519a09a96253f6e9d86cdb99d2742724659c59129
../bench-defs/sv-benchmarks/java/jbmc-regression/exceptions2.yml	../bench-defs/sv-benchmarks/java/properties/no-runtime-exception.prp	true	['../bench-defs/sv-benchmarks/java/common', '../bench-defs/sv-benchmarks/java/jbmc-regression/exceptions2']	4b609c3df6cef756ee26889119e28fda48549f8f3aded377df93e537cc6f9bc4
../bench-defs/sv-benchmarks/java/jbmc-regression/exceptions3.yml	../bench-defs/sv-benchmarks/java/properties/no-runtime-exception.prp	true	['../bench-defs/sv-benchmarks/java/common', '../bench-defs/sv-benchmarks/java/jbmc-regression/exceptions3']	a0bfd13979681815f50cb185e8444bfdb3a5b9a4ae8ec65306693f570ec81b99
../bench-defs/sv-benchmarks/java/jbmc-regression/exceptions4.yml	../bench-defs/sv-benchmarks/java/properties/no-runtime-exception.prp	true	['../bench-defs/sv-benchmarks/java/common', '../bench-defs/sv-benchmarks/java/jbmc-regression/exceptions4']	34e9c3bc4a6c72227da9abaab4131016cf75773d975cd01f3f8205e0876579ac
../bench-defs/sv-benchmarks/java/jbmc-regression/exceptions5.yml	../bench-defs/sv-benchmarks/java/properties/no-runtime-exception.prp	true	['../bench-defs/sv-benchmarks/java/common', '../bench-defs/sv-benchmarks/java/jbmc-regression/exceptions5']	5ebf1e8a250187f6e80a4628bda3abcff89fe1d2622e42f8a72056daeca4f3d9
../bench-defs/sv-benchmarks/java/jbmc-regression/exceptions6.yml	../bench-defs/sv-benchmarks/java/properties/no-runtime-exception.prp	true	['../bench-defs/sv-benchmarks/java/common', '../bench-defs/sv-benchmarks/java/jbmc-regression/exceptions6']	80919866f80dde1f5ea63026ddb0b61d3fb0264d0f5589af0ebe061a1c14e1cb
../bench-defs/sv-benchmarks/java/jbmc-regression/exceptions7.yml	../bench-defs/sv-benchmarks/java/properties/no-runtime-exception.prp	true	['../bench-defs/sv-benchmarks/java/common', '../bench-defs/sv-benchmarks/java/jbmc-regression/exceptions7']	8bf0490776ddb96dc544040ed477da63276da10e6013b1a2a96f7de39193495c
../bench-defs/sv-benchmarks/java/jbmc-regression/exceptions8.yml	../bench-defs/sv-benchmarks/java/properties/no-runtime-exception.prp	true	['../bench-defs/sv-benchmarks/java/common', '../bench-defs/sv-benchmarks/java/jbmc-regression/exceptions8']	4bd95d00116e078a1ea5fb42e18f7baac3c79355681d64ce90d7ba168dcc2203
../bench-defs/sv-benchmarks/java/jbmc-regression/exceptions9.yml	../bench-defs/sv-benchmarks/java/properties/no-runtime-exception.prp	true	['../bench-defs/sv-benchmarks/java/common', '../bench-defs/sv-benchmarks/java/jbmc-regression/exceptions9']	137ce28c698f0e09543f780a6cf49b47b5b7f0df91a8c2e9a50a305288624ad1
../bench-defs/sv-benchmarks/java/jbmc-regression/fcmpx_dcmpx1.yml	../bench-defs/sv-benchmarks/java/properties/no-runtime-exception.prp	true	['../bench-defs/sv-benchmarks/java/common', '../bench-defs/sv-benchmarks/java/jbmc-regression/fcmpx_dcmpx1']	e5a6849c825bf357e6b5cf9353a9dc05e8114c5a833b9da4dc83484f85e9fefc
../bench-defs/sv-benchmarks/java/jbmc-regression/iarith1.yml	../bench-defs/sv-benchmarks/java/properties/no-runtime-exception.prp	true	['../bench-defs/sv-benchmarks/java/common', '../bench-defs/sv-benchmarks/java/jbmc-regression/iarith1']	36d8d93386eb83597f7cadf25fe9a593449c3eb129460ad012c11a26c027a6d8
../bench-defs/sv-benchmarks/java/jbmc-regression/iarith2.yml	../bench-defs/sv-benchmarks/java/properties/no-runtime-exception.prp	true	['../bench-defs/sv-benchmarks/java/common', '../bench-defs/sv-benchmarks/java/jbmc-regression/iarith2']	671f7143855473309b67447dcdfd97051e33782222a4f1ead183c0792969635a
../bench-defs/sv-benchmarks/java/jbmc-regression/if_acmp1.yml	../bench-defs/sv-benchmarks/java/properties/no-runtime-exception.prp	true	['../bench-defs/sv-benchmarks/java/common', '../bench-defs/sv-benchmarks/java/jbmc-regression/if_acmp1']	85411b43427d481be02f13aef86496e19ebf4eaeb75acb568c5546da11ba1174
../bench-defs/sv-benchmarks/java/jbmc-regression/if_expr1.yml	../bench-defs/sv-benchmarks/java/properties/no-runtime-exception.prp	true	['../bench-defs/sv-benchmarks/java/common', '../bench-defs/sv-benchmarks/java/jbmc-regression/if_expr1']	761e110812ae5c2e1e6ae7c0ef625c5cf53eedc0086787e5674bd8c8d958d8af
../bench-defs/sv-benchmarks/java/jbmc-regression/if_icmp1.yml	../bench-defs/sv-benchmarks/java/properties/no-runtime-exception.prp	true	['../bench-defs/sv-benchmarks/java/common', '../bench-defs/sv-benchmarks/java/jbmc-regression/if_icmp1']	56bd69e9b00299f1760ca1dc0fb85369e05e219698a8a83bfb8ec193a975c47a
../bench-defs/sv-benchmarks/java/jbmc-regression/ifxx1.yml	../bench-defs/sv-benchmarks/java/properties/no-runtime-exception.prp	true	['../bench-defs/sv-benchmarks/java/common', '../bench-defs/sv-benchmarks/java/jbmc-regression/ifxx1']	94ffd51d573988423892cf4c3681a197d09da3a87b01646360727f6fa17bd249
../bench-defs/sv-benchmarks/java/jbmc-regression/instanceof1.yml	../bench-defs/sv-benchmarks/java/properties/no-runtime-exception.prp	true	['../bench-defs/sv-benchmarks/java/common', '../bench-defs/sv-benchmarks/java/jbmc-regression/instanceof1']	8649e38313e53e0b43bb5bec1852f0b90391bdd9a6196e5498e33b1ada4e4299
../bench-defs/sv-benchmarks/java/jbmc-regression/instanceof2.yml	../bench-defs/sv-benchmarks/java/properties/no-runtime-exception.prp	true	['../bench-defs/sv-benchmarks/java/common', '../bench-defs/sv-benchmarks/java/jbmc-regression/instanceof2']	d18dfa1738df0ac6444cab0c1106946640c48bb845014de1c9cfc2e8f62ae562
../bench-defs/sv-benchmarks/java/jbmc-regression/instanceof3.yml	../bench-defs/sv-benchmarks/java/properties/no-runtime-exception.prp	true	['../bench-defs/sv-benchmarks/java/common', '../bench-defs/sv-benchmarks/java/jbmc-regression/instanceof3']	7afa45b11dff65a61ed69fb118e0229becd5d94bd940130e956e5b872a47ac97
../bench-defs/sv-benchmarks/java/jbmc-regression/instanceof4.yml	../bench-defs/sv-benchmarks/java/properties/no-runtime-exception.prp	true	['../bench-defs/sv-benchmarks/java/common', '../bench-defs/sv-benchmarks/java/jbmc-regression/instanceof4']	84de6c5ddab4f11c3fe5ec30b7042c5dc06dd17ea43a1855cc6fdae77956bc96
../bench-defs/sv-benchmarks/java/jbmc-regression/instanceof5.yml	../bench-defs/sv-benchmarks/java/properties/no-runtime-exception.prp	true	['../bench-defs/sv-benchmarks/java/common', '../bench-defs/sv-benchmarks/java/jbmc-regression/instanceof5']	098e86db3cba8f4be52d099fdac6b18cb3284895c431aec03bd02a3f2b649002
../bench-defs/sv-benchmarks/java/jbmc-regression/instanceof6.yml	../bench-defs/sv-benchmarks/java/properties/no-runtime-exception.prp	true	['../bench-defs/sv-benchmarks/java/common', '../bench-defs/sv-benchmarks/java/jbmc-regression/instanceof6']	dff07e4eab99f866be68c012fc56a285cf17ea55a359ce1beb9eee785082730b
../bench-defs/sv-benchmarks/java/jbmc-regression/instanceof7.yml	../bench-defs/sv-benchmarks/java/properties/no-runtime-exception.prp	true	['../bench-defs/sv-benchmarks/java/common', '../bench-defs/sv-benchmarks/java/jbmc-regression/instanceof7']	c8553c91c62eaf08348038af8cab322cc9efe949ce90e44032ee43778b00932f
../bench-defs/sv-benchmarks/java/jbmc-regression/instanceof8.yml	../bench-defs/sv-benchmarks/java/properties/no-runtime-exception.prp	true	['../bench-defs/sv-benchmarks/java/common', '../bench-defs/sv-benchmarks/java/jbmc-regression/instanceof8']	0180a9766b7ee0a3bf44646cf00bfdb05e7fd627f2da88947a6fd455e80831e4
../bench-defs/sv-benchmarks/java/jbmc-regression/interface1.yml	../bench-defs/sv-benchmarks/java/properties/no-runtime-exception.prp	true	['../bench-defs/sv-benchmarks/java/common', '../bench-defs/sv-benchmarks/java/jbmc-regression/interface1']	1a5f512c109d28135300ccde9c36b2643135772fe0969d8beadc70dddd098290
../bench-defs/sv-benchmarks/java/jbmc-regression/java_append_char.yml	../bench-defs/sv-benchmarks/java/properties/no-runtime-exception.prp	true	['../bench-defs/sv-benchmarks/java/common', '../bench-defs/sv-benchmarks/java/jbmc-regression/java_append_char']	abfeb2085bcb9eccbe6b29e5618b111ba8ad190e015e31b6b4b973ed2c401bf6
../bench-defs/sv-benchmarks/java/jbmc-regression/lazyloading4.yml	../bench-defs/sv-benchmarks/java/properties/no-runtime-exception.prp	true	['../bench-defs/sv-benchmarks/java/common', '../bench-defs/sv-benchmarks/java/jbmc-regression/lazyloading4']	9ac993abfcd77921828bbf161f94cc2e36280c6063d03263d992c29f345b6262
../bench-defs/sv-benchmarks/java/jbmc-regression/list1.yml	../bench-defs/sv-benchmarks/java/properties/no-runtime-exception.prp	true	['../bench-defs/sv-benchmarks/java/common', '../bench-defs/sv-benchmarks/java/jbmc-regression/list1']	b0cdc60f2c122bcb14ef79fb09146df28e5a150a323c36d8ee48b5e740339b67
../bench-defs/sv-benchmarks/java/jbmc-regression/long1.yml	../bench-defs/sv-benchmarks/java/properties/no-runtime-exception.prp	true	['../bench-defs/sv-benchmarks/java/common', '../bench-defs/sv-benchmarks/java/jbmc-regression/long1']	93cad7cd6f24f34f0a9d34a1debb40ed173c0bf3606cd1b7923886e961276023
../bench-defs/sv-benchmarks/java/jbmc-regression/lookupswitch1.yml	../bench-defs/sv-benchmarks/java/properties/no-runtime-exception.prp	true	['../bench-defs/sv-benchmarks/java/common', '../bench-defs/sv-benchmarks/java/jbmc-regression/lookupswitch1']	d85a890d650edcb589952f66d4e0b36c3537591884bf3b7a640a6b4406042c78
../bench-defs/sv-benchmarks/java/jbmc-regression/multinewarray.yml	../bench-defs/sv-benchmarks/java/properties/no-runtime-exception.prp	true	['../bench-defs/sv-benchmarks/java/common', '../bench-defs/sv-benchmarks/java/jbmc-regression/multinewarray']	e7e1a5edfc175e9dc4857c341114870fb0edcdd23b7d6e87438850c61c8f0501
../bench-defs/sv-benchmarks/java/jbmc-regression/overloading1.yml	../bench-defs/sv-benchmarks/java/properties/no-runtime-exception.prp	true	['../bench-defs/sv-benchmarks/java/common', '../bench-defs/sv-benchmarks/java/jbmc-regression/overloading1']	378b9514d8f19ef3536c7ecc43567b30e3d1700b6a04daa5d975899c1e1d14d6
../bench-defs/sv-benchmarks/java/jbmc-regression/package1.yml	../bench-defs/sv-benchmarks/java/properties/no-runtime-exception.prp	true	['../bench-defs/sv-benchmarks/java/common', '../bench-defs/sv-benchmarks/java/jbmc-regression/package1']	674e80f89237d7edc7c16f32f9fe2ef33971df30595aa2c8301814c4bfbf4746
../bench-defs/sv-benchmarks/java/jbmc-regression/putfield_getfield1.yml	../bench-defs/sv-benchmarks/java/properties/no-runtime-exception.prp	true	['../bench-defs/sv-benchmarks/java/common', '../bench-defs/sv-benchmarks/java/jbmc-regression/putfield_getfield1']	ff490f8906e0d47c4e8bd5b78ae93a766bc9080f97632ee8b1dbdaaeaa869390
../bench-defs/sv-benchmarks/java/jbmc-regression/putstatic_getstatic1.yml	../bench-defs/sv-benchmarks/java/properties/no-runtime-exception.prp	true	['../bench-defs/sv-benchmarks/java/common', '../bench-defs/sv-benchmarks/java/jbmc-regression/putstatic_getstatic1']	ede293fef2eff9fde3e6e7a7ca8b96a27551b9950014a66bf1ff801cddf9ee67
../bench-defs/sv-benchmarks/java/jbmc-regression/recursion2.yml	../bench-defs/sv-benchmarks/java/properties/no-runtime-exception.prp	true	['../bench-defs/sv-benchmarks/java/common', '../bench-defs/sv-benchmarks/java/jbmc-regression/recursion2']	d46ada6f9859c0be713adeeaf76a4f4c4e64e9e7b772c78f2aaa28416bac4dc9
../bench-defs/sv-benchmarks/java/jbmc-regression/return1.yml	../bench-defs/sv-benchmarks/java/properties/no-runtime-exception.prp	true	['../bench-defs/sv-benchmarks/java/common', '../bench-defs/sv-benchmarks/java/jbmc-regression/return1']	d1ef1991ce72473374450b0c8f10163e09d163bb2a9f5476f74a400d00212cd1
../bench-defs/sv-benchmarks/java/jbmc-regression/return2.yml	../bench-defs/sv-benchmarks/java/properties/no-runtime-exception.prp	true	['../bench-defs/sv-benchmarks/java/common', '../bench-defs/sv-benchmarks/java/jbmc-regression/return2']	99d90deb562a0674468e5181bd2bc1c66fcea5171ac20fe0d9b6928ec84d6462
../bench-defs/sv-benchmarks/java/jbmc-regression/store_load1.yml	../bench-defs/sv-benchmarks/java/properties/no-runtime-exception.prp	true	['../bench-defs/sv-benchmarks/java/common', '../bench-defs/sv-benchmarks/java/jbmc-regression/store_load1']	454d5d3bbb55c16c6c204c8174fb14dc3dc44388e144440e1a9c1bdc056323ad
../bench-defs/sv-benchmarks/java/jbmc-regression/swap1.yml	../bench-defs/sv-benchmarks/java/properties/no-runtime-exception.prp	true	['../bench-defs/sv-benchmarks/java/common', '../bench-defs/sv-benchmarks/java/jbmc-regression/swap1']	8c849f55b96bc8cb3448834b888275ce41660ecbf915081f91b29122dbb02a51
../bench-defs/sv-benchmarks/java/jbmc-regression/synchronized.yml	../bench-defs/sv-benchmarks/java/properties/no-runtime-exception.prp	true	['../bench-defs/sv-benchmarks/java/common', '../bench-defs/sv-benchmarks/java/jbmc-regression/synchronized']	f65102b80771f8d8e938e3e9c48a1e3c04e4f9d73a8a1097760df8b03819c739
../bench-defs/sv-benchmarks/java/jbmc-regression/tableswitch1.yml	../bench-defs/sv-benchmarks/java/properties/no-runtime-exception.prp	true	['../bench-defs/sv-benchmarks/java/common', '../bench-defs/sv-benchmarks/java/jbmc-regression/tableswitch1']	df8773f2ad68a7e8f9cbd7c13273f5262f36ad29f023e9156ce1127061b1eec8
../bench-defs/sv-benchmarks/java/jbmc-regression/uninitialised1.yml	../bench-defs/sv-benchmarks/java/properties/no-runtime-exception.prp	true	['../bench-defs/sv-benchmarks/java/common', '../bench-defs/sv-benchmarks/java/jbmc-regression/uninitialised1']	7ecc9c9c83fdda2c56ae77f02c0c49c040775f3210a8354b6decb4ab1f609bef
../bench-defs/sv-benchmarks/java/jbmc-regression/virtual1.yml	../bench-defs/sv-benchmarks/java/properties/no-runtime-exception.prp	true	['../bench-defs/sv-benchmarks/java/common', '../bench-defs/sv-benchmarks/java/jbmc-regression/virtual1']	a072584e89b93e04cc44eb5166a810bfdf3c61aab6792aa1244fb416937bb8c4
../bench-defs/sv-benchmarks/java/jbmc-regression/virtual2.yml	../bench-defs/sv-benchmarks/java/properties/no-runtime-exception.prp	true	['../bench-defs/sv-benchmarks/java/common', '../bench-defs/sv-benchmarks/java/jbmc-regression/virtual2']	5640d7f21a58b8435c72767ec96dc56983b75cab311b436b8bb459f5e778f92e
../bench-defs/sv-benchmarks/java/jbmc-regression/virtual4.yml	../bench-defs/sv-benchmarks/java/properties/no-runtime-exception.prp	true	['../bench-defs/sv-benchmarks/java/common', '../bench-defs/sv-benchmarks/java/jbmc-regression/virtual4']	8d4e8da0e2fbc1346c0f029c340b209520c4cd1519bfb92644515e309d0fc0e2
../bench-defs/sv-benchmarks/java/jbmc-regression/virtual_function_unwinding.yml	../bench-defs/sv-benchmarks/java/properties/no-runtime-exception.prp	true	['../bench-defs/sv-benchmarks/java/common', '../bench-defs/sv-benchmarks/java/jbmc-regression/virtual_function_unwinding']	72b67acf830a9923fd5e41b167cda8b447be1f353d522c0cef776d9e2e8cae4c
../bench-defs/sv-benchmarks/java/jpf-regression/ExDarko_false.yml	../bench-defs/sv-benchmarks/java/properties/no-runtime-exception.prp	true	['../bench-defs/sv-benchmarks/java/common', '../bench-defs/sv-benchmarks/java/jpf-regression/ExDarko_false']	3c3e44b325cd3ed69bec0b3dfee84a5d9a5c43c572b20fc66a8045f9bc9b43ae
../bench-defs/sv-benchmarks/java/jpf-regression/ExDarko_true.yml	../bench-defs/sv-benchmarks/java/properties/no-runtime-exception.prp	true	['../bench-defs/sv-benchmarks/java/common', '../bench-defs/sv-benchmarks/java/jpf-regression/ExDarko_true']	23b28b4e3b73805dc3e2aacdc50acf94f7cf1232acac49714a56e6983c25a51e
../bench-defs/sv-benchmarks/java/jpf-regression/ExException_false.yml	../bench-defs/sv-benchmarks/java/properties/no-runtime-exception.prp	false	['../bench-defs/sv-benchmarks/java/common', '../bench-defs/sv-benchmarks/java/jpf-regression/ExException_false']	8e1fc816a514ac1822f041f37cc088504a80af8a279804b02a9b6d80f80f8f1d
../bench-defs/sv-benchmarks/java/jpf-regression/ExException_true.yml	../bench-defs/sv-benchmarks/java/properties/no-runtime-exception.prp	true	['../bench-defs/sv-benchmarks/java/common', '../bench-defs/sv-benchmarks/java/jpf-regression/ExException_true']	2c0d66ca4a045c39f56b3c230ad303d078d1817413ef8a156e0f91a7181c9fd9
../bench-defs/sv-benchmarks/java/jpf-regression/ExGenSymExe_false.yml	../bench-defs/sv-benchmarks/java/properties/no-runtime-exception.prp	true	['../bench-defs/sv-benchmarks/java/common', '../bench-defs/sv-benchmarks/java/jpf-regression/ExGenSymExe_false']	74625aa8b00662a221ac6415e2485c3c9b8c256a10a03525529b3bcda7b15ff4
../bench-defs/sv-benchmarks/java/jpf-regression/ExGenSymExe_true.yml	../bench-defs/sv-benchmarks/java/properties/no-runtime-exception.prp	true	['../bench-defs/sv-benchmarks/java/common', '../bench-defs/sv-benchmarks/java/jpf-regression/ExGenSymExe_true']	fc3d012a01fb506180addcafcd97e22076979df80d65bcc4a2d797036e12ae71
../bench-defs/sv-benchmarks/java/jpf-regression/ExLazy_false.yml	../bench-defs/sv-benchmarks/java/properties/no-runtime-exception.prp	true	['../bench-defs/sv-benchmarks/java/common', '../bench-defs/sv-benchmarks/java/jpf-regression/ExLazy_false']	3a9f1fbbaa4be3ff0474fbe0321ebdd7606ab77d4a8156fc6f9e963431e03dc0
../bench-defs/sv-benchmarks/java/jpf-regression/ExLazy_true.yml	../bench-defs/sv-benchmarks/java/properties/no-runtime-exception.prp	true	['../bench-defs/sv-benchmarks/java/common', '../bench-defs/sv-benchmarks/java/jpf-regression/ExLazy_true']	2f8b5cf49f85673887bc2380a16a5053afebf64e819cd74177c3b2f64e1b00ef
../bench-defs/sv-benchmarks/java/jpf-regression/ExMIT_false.yml	../bench-defs/sv-benchmarks/java/properties/no-runtime-exception.prp	true	['../bench-defs/sv-benchmarks/java/common', '../bench-defs/sv-benchmarks/java/jpf-regression/ExMIT_false']	a9da7b71ccc8d179edcc1b93fdf6f21826f48a83988abe804aa3762875466f3c
../bench-defs/sv-benchmarks/java/jpf-regression/ExMIT_true.yml	../bench-defs/sv-benchmarks/java/properties/no-runtime-exception.prp	true	['../bench-defs/sv-benchmarks/java/common', '../bench-defs/sv-benchmarks/java/jpf-regression/ExMIT_true']	033e1d1a4c6d2574675c5ad7c47b28dc02a91dc1fb6ea7d75a6f15c237574f0f
../bench-defs/sv-benchmarks/java/jpf-regression/ExSymExe10_false.yml	../bench-defs/sv-benchmarks/java/properties/no-runtime-exception.prp	true	['../bench-defs/sv-benchmarks/java/common', '../bench-defs/sv-benchmarks/java/jpf-regression/ExSymExe10_false']	112b933a2a771aa8c55b8226e1e1dcce545e9c07f89c1341ea70789d1cc02639
../bench-defs/sv-benchmarks/java/jpf-regression/ExSymExe10_true.yml	../bench-defs/sv-benchmarks/java/properties/no-runtime-exception.prp	true	['../bench-defs/sv-benchmarks/java/common', '../bench-defs/sv-benchmarks/java/jpf-regression/ExSymExe10_true']	fba9ff6022a2275a440cd5ed97367299378adc0698c516b0d0e844171945fa17
../bench-defs/sv-benchmarks/java/jpf-regression/ExSymExe11_false.yml	../bench-defs/sv-benchmarks/java/properties/no-runtime-exception.prp	true	['../bench-defs/sv-benchmarks/java/common', '../bench-defs/sv-benchmarks/java/jpf-regression/ExSymExe11_false']	4286b81d6e8a20feb968f9580ccbaaccb7bf086e3e6217b3e89ead1a3658ea61
../bench-defs/sv-benchmarks/java/jpf-regression/ExSymExe11_true.yml	../bench-defs/sv-benchmarks/java/properties/no-runtime-exception.prp	true	['../bench-defs/sv-benchmarks/java/common', '../bench-defs/sv-benchmarks/java/jpf-regression/ExSymExe11_true']	81740fd5855adcf6ddb5ea339a34913a47a565b7ddeb326c9e71b90dc9e2f0dd
../bench-defs/sv-benchmarks/java/jpf-regression/ExSymExe12_false.yml	../bench-defs/sv-benchmarks/java/properties/no-runtime-exception.prp	true	['../bench-defs/sv-benchmarks/java/common', '../bench-defs/sv-benchmarks/java/jpf-regression/ExSymExe12_false']	4bd0d9c49ce51e9f6f84ee8a32f25acc5ab0c9c8a574cd2151b8c359c10e3eb0
../bench-defs/sv-benchmarks/java/jpf-regression/ExSymExe12_true.yml	../bench-defs/sv-benchmarks/java/properties/no-runtime-exception.prp	true	['../bench-defs/sv-benchmarks/java/common', '../bench-defs/sv-benchmarks/java/jpf-regression/ExSymExe12_true']	25f5093cf6019c91c2efc62dbc8b8735a34019c842593c044e7394a65a170214
../bench-defs/sv-benchmarks/java/jpf-regression/ExSymExe13_false.yml	../bench-defs/sv-benchmarks/java/properties/no-runtime-exception.prp	true	['../bench-defs/sv-benchmarks/java/common', '../bench-defs/sv-benchmarks/java/jpf-regression/ExSymExe13_false']	1c7fc842eb31bc16e7a4dfb799ead823e5c21024e4911becd65d4908818f48e7
../bench-defs/sv-benchmarks/java/jpf-regression/ExSymExe13_true.yml	../bench-defs/sv-benchmarks/java/properties/no-runtime-exception.prp	true	['../bench-defs/sv-benchmarks/java/common', '../bench-defs/sv-benchmarks/java/jpf-regression/ExSymExe13_true']	6d0bd654a722e9d3f440a1f1697b1e332c65bca290bf678a827c97f60ac88c7b
../bench-defs/sv-benchmarks/java/jpf-regression/ExSymExe14_false.yml	../bench-defs/sv-benchmarks/java/properties/no-runtime-exception.prp	true	['../bench-defs/sv-benchmarks/java/common', '../bench-defs/sv-benchmarks/java/jpf-regression/ExSymExe14_false']	dd421874e46055bea3d5bf95d25dfdba0298ea24864ab391ec72e02782ced4cc
../bench-defs/sv-benchmarks/java/jpf-regression/ExSymExe14_true.yml	../bench-defs/sv-benchmarks/java/properties/no-runtime-exception.prp	true	['../bench-defs/sv-benchmarks/java/common', '../bench-defs/sv-benchmarks/java/jpf-regression/ExSymExe14_true']	ad0c4c4d6a7d14cd60bcfc15083b9700a552af45de8239b4db8533cbc08375b6
../bench-defs/sv-benchmarks/java/jpf-regression/ExSymExe15_false.yml	../bench-defs/sv-benchmarks/java/properties/no-runtime-exception.prp	true	['../bench-defs/sv-benchmarks/java/common', '../bench-defs/sv-benchmarks/java/jpf-regression/ExSymExe15_false']	6e2cf91cbc76554e3548d8b78be1577a4a734d1e5b13bc28be8412f601796adc
../bench-defs/sv-benchmarks/java/jpf-regression/ExSymExe15_true.yml	../bench-defs/sv-benchmarks/java/properties/no-runtime-exception.prp	true	['../bench-defs/sv-benchmarks/java/common', '../bench-defs/sv-benchmarks/java/jpf-regression/ExSymExe15_true']	d66b6204460c7b5e2527bef71e6f7f2dbb9c225d77b35d9d31c0f37626fa1d42
../bench-defs/sv-benchmarks/java/jpf-regression/ExSymExe16_false.yml	../bench-defs/sv-benchmarks/java/properties/no-runtime-exception.prp	true	['../bench-defs/sv-benchmarks/java/common', '../bench-defs/sv-benchmarks/java/jpf-regression/ExSymExe16_false']	d3fc0934efee4e631caadcef25ffdecb487b79b0752440c4b01c11d7d2cb5abd
../bench-defs/sv-benchmarks/java/jpf-regression/ExSymExe16_true.yml	../bench-defs/sv-benchmarks/java/properties/no-runtime-exception.prp	true	['../bench-defs/sv-benchmarks/java/common', '../bench-defs/sv-benchmarks/java/jpf-regression/ExSymExe16_true']	cb8b5cf53f12a0442dc0a8c1c7e8106a4808e40b20c4c006e79c262832e35436
../bench-defs/sv-benchmarks/java/jpf-regression/ExSymExe17_false.yml	../bench-defs/sv-benchmarks/java/properties/no-runtime-exception.prp	true	['../bench-defs/sv-benchmarks/java/common', '../bench-defs/sv-benchmarks/java/jpf-regression/ExSymExe17_false']	73d8809afff2bfc822a165aebc3aafddd15a55c8ecad31a4e444d7f63a62c800
../bench-defs/sv-benchmarks/java/jpf-regression/ExSymExe17_true.yml	../bench-defs/sv-benchmarks/java/properties/no-runtime-exception.prp	true	['../bench-defs/sv-benchmarks/java/common', '../bench-defs/sv-benchmarks/java/jpf-regression/ExSymExe17_true']	0d41413c986dc82f965449e562f0f8d188a131bf833d3a05ee8156a29ef33d27
../bench-defs/sv-benchmarks/java/jpf-regression/ExSymExe18_false.yml	../bench-defs/sv-benchmarks/java/properties/no-runtime-exception.prp	true	['../bench-defs/sv-benchmarks/java/common', '../bench-defs/sv-benchmarks/java/jpf-regression/ExSymExe18_false']	27c4ad22685e8525d86a87e67077eb666c8c6d4c433bb9ce89165fb723c92c1f
../bench-defs/sv-benchmarks/java/jpf-regression/ExSymExe18_true.yml	../bench-defs/sv-benchmarks/java/properties/no-runtime-exception.prp	true	['../bench-defs/sv-benchmarks/java/common', '../bench-defs/sv-benchmarks/java/jpf-regression/ExSymExe18_true']	96e1b6899d542e00fe983840763b0153c67d61d4baeedbc25854bdb0d498c0f5
../bench-defs/sv-benchmarks/java/jpf-regression/ExSymExe19_false.yml	../bench-defs/sv-benchmarks/java/properties/no-runtime-exception.prp	true	['../bench-defs/sv-benchmarks/java/common', '../bench-defs/sv-benchmarks/java/jpf-regression/ExSymExe19_false']	684ca9241db6abe8a12f7b44cbea868474c8ecbb1cc832e75430d6139bec1a64
../bench-defs/sv-benchmarks/java/jpf-regression/ExSymExe19_true.yml	../bench-defs/sv-benchmarks/java/properties/no-runtime-exception.prp	true	['../bench-defs/sv-benchmarks/java/common', '../bench-defs/sv-benchmarks/java/jpf-regression/ExSymExe19_true']	91f1859eb0fc8774783059d58182a638f1f4ac808ec2462e10ac0ddd112bffee
../bench-defs/sv-benchmarks/java/jpf-regression/ExSymExe1_false.yml	../bench-defs/sv-benchmarks/java/properties/no-runtime-exception.prp	true	['../bench-defs/sv-benchmarks/java/common', '../bench-defs/sv-benchmarks/java/jpf-regression/ExSymExe1_false']	c03ba5e8e5f698666d7482425c52fa86b628c673dada761feea631a90966a5fe
../bench-defs/sv-benchmarks/java/jpf-regression/ExSymExe1_true.yml	../bench-defs/sv-benchmarks/java/properties/no-runtime-exception.prp	true	['../bench-defs/sv-benchmarks/java/common', '../bench-defs/sv-benchmarks/java/jpf-regression/ExSymExe1_true']	fba07e60aae02fd7d9f5d8a3d73a6296a29c8d77a52831ead1dba7becf329824
../bench-defs/sv-benchmarks/java/jpf-regression/ExSymExe20_false.yml	../bench-defs/sv-benchmarks/java/properties/no-runtime-exception.prp	true	['../bench-defs/sv-benchmarks/java/common', '../bench-defs/sv-benchmarks/java/jpf-regression/ExSymExe20_false']	41068646f99d700e8d1f439bb435e9a5e077cd1a796b401848e165acea3337f2
../bench-defs/sv-benchmarks/java/jpf-regression/ExSymExe20_true.yml	../bench-defs/sv-benchmarks/java/properties/no-runtime-exception.prp	true	['../bench-defs/sv-benchmarks/java/common', '../bench-defs/sv-benchmarks/java/jpf-regression/ExSymExe20_true']	4163b07c968e058e8b6e6515ccf2c33ef5f7f97de15ec0f054b20ee04cf7eb54
../bench-defs/sv-benchmarks/java/jpf-regression/ExSymExe21_false.yml	../bench-defs/sv-benchmarks/java/properties/no-runtime-exception.prp	true	['../bench-defs/sv-benchmarks/java/common', '../bench-defs/sv-benchmarks/java/jpf-regression/ExSymExe21_false']	8f131d967169b3a5845bdeda6ba0f5eb01259fbb4b3fd9d204eaf4622da5d74f
../bench-defs/sv-benchmarks/java/jpf-regression/ExSymExe21_true.yml	../bench-defs/sv-benchmarks/java/properties/no-runtime-exception.prp	true	['../bench-defs/sv-benchmarks/java/common', '../bench-defs/sv-benchmarks/java/jpf-regression/ExSymExe21_true']	54d7b24973132d500b8f20e32e3017816a565b91583ae24e59be5b8ee6f2b483
../bench-defs/sv-benchmarks/java/jpf-regression/ExSymExe25_false.yml	../bench-defs/sv-benchmarks/java/properties/no-runtime-exception.prp	true	['../bench-defs/sv-benchmarks/java/common', '../bench-defs/sv-benchmarks/java/jpf-regression/ExSymExe25_false']	0be4a22cb0331393a252ba7be7337e954fcd9b7b530ad25d983542f4ee65e921
../bench-defs/sv-benchmarks/java/jpf-regression/ExSymExe25_true.yml	../bench-defs/sv-benchmarks/java/properties/no-runtime-exception.prp	true	['../bench-defs/sv-benchmarks/java/common', '../bench-defs/sv-benchmarks/java/jpf-regression/ExSymExe25_true']	b3d668956d6edfd7185ad09d6b811adf5724c546648215721ab7e392bdee4b66
../bench-defs/sv-benchmarks/java/jpf-regression/ExSymExe26_false.yml	../bench-defs/sv-benchmarks/java/properties/no-runtime-exception.prp	true	['../bench-defs/sv-benchmarks/java/common', '../bench-defs/sv-benchmarks/java/jpf-regression/ExSymExe26_false']	013526a09e0aec7dfd015f22d8fab74d083fc9ba6a190f3d0ec6423957ed571c
../bench-defs/sv-benchmarks/java/jpf-regression/ExSymExe26_true.yml	../bench-defs/sv-benchmarks/java/properties/no-runtime-exception.prp	true	['../bench-defs/sv-benchmarks/java/common', '../bench-defs/sv-benchmarks/java/jpf-regression/ExSymExe26_true']	39634b08a33fb7599eefe39c579a37aff0fdf12765ef2a249787de009f314ca7
../bench-defs/sv-benchmarks/java/jpf-regression/ExSymExe27_false.yml	../bench-defs/sv-benchmarks/java/properties/no-runtime-exception.prp	true	['../bench-defs/sv-benchmarks/java/common', '../bench-defs/sv-benchmarks/java/jpf-regression/ExSymExe27_false']	f14803fae9610259d1ddbd9858da3606b42db38dec7f2ebd5ec7c60f1cb0d453
../bench-defs/sv-benchmarks/java/jpf-regression/ExSymExe27_true.yml	../bench-defs/sv-benchmarks/java/properties/no-runtime-exception.prp	true	['../bench-defs/sv-benchmarks/java/common', '../bench-defs/sv-benchmarks/java/jpf-regression/ExSymExe27_true']	a4b9e3b1a410e377ef37c35e905aa24e7309f7b3888a2ddcdb0bc747e2645e19
../bench-defs/sv-benchmarks/java/jpf-regression/ExSymExe28_false.yml	../bench-defs/sv-benchmarks/java/properties/no-runtime-exception.prp	true	['../bench-defs/sv-benchmarks/java/common', '../bench-defs/sv-benchmarks/java/jpf-regression/ExSymExe28_false']	5f952f0fc20707f42ba7fef81e09f78ba92fde6b4a784bc5a6a04ad12a8b923c
../bench-defs/sv-benchmarks/java/jpf-regression/ExSymExe28_true.yml	../bench-defs/sv-benchmarks/java/properties/no-runtime-exception.prp	true	['../bench-defs/sv-benchmarks/java/common', '../bench-defs/sv-benchmarks/java/jpf-regression/ExSymExe28_true']	0a6fbb8db4d45aafe4a82eb25d6a8018ca4000e870c3a96025ae8157cb9ddf71
../bench-defs/sv-benchmarks/java/jpf-regression/ExSymExe29_false.yml	../bench-defs/sv-benchmarks/java/properties/no-runtime-exception.prp	true	['../bench-defs/sv-benchmarks/java/common', '../bench-defs/sv-benchmarks/java/jpf-regression/ExSymExe29_false']	913aac24b2ba2ae17bd329f763232a7f1d5bcdf0b98416115ce15d7d5e3ed4a2
../bench-defs/sv-benchmarks/java/jpf-regression/ExSymExe29_true.yml	../bench-defs/sv-benchmarks/java/properties/no-runtime-exception.prp	true	['../bench-defs/sv-benchmarks/java/common', '../bench-defs/sv-benchmarks/java/jpf-regression/ExSymExe29_true']	9496d97763fc7962993e075077bb089a44fbfec6b90c736ebb2d3979ef4392e9
../bench-defs/sv-benchmarks/java/jpf-regression/ExSymExe2_false.yml	../bench-defs/sv-benchmarks/java/properties/no-runtime-exception.prp	true	['../bench-defs/sv-benchmarks/java/common', '../bench-defs/sv-benchmarks/java/jpf-regression/ExSymExe2_false']	a66118b06dc1cfaa9d369b3513a72b810d51f21f9b13b7006dd976c592190bd6
../bench-defs/sv-benchmarks/java/jpf-regression/ExSymExe2_true.yml	../bench-defs/sv-benchmarks/java/properties/no-runtime-exception.prp	true	['../bench-defs/sv-benchmarks/java/common', '../bench-defs/sv-benchmarks/java/jpf-regression/ExSymExe2_true']	b2efa8469d7f4ee17782999d3ea5a9fea6f86c8d8793ef5d40e899ccbb7352bc
../bench-defs/sv-benchmarks/java/jpf-regression/ExSymExe3_false.yml	../bench-defs/sv-benchmarks/java/properties/no-runtime-exception.prp	true	['../bench-defs/sv-benchmarks/java/common', '../bench-defs/sv-benchmarks/java/jpf-regression/ExSymExe3_false']	98a845b655eab5a0857ecd61198f92320de9ea93e002b59f45c4d5a23dbd3f92
../bench-defs/sv-benchmarks/java/jpf-regression/ExSymExe3_true.yml	../bench-defs/sv-benchmarks/java/properties/no-runtime-exception.prp	true	['../bench-defs/sv-benchmarks/java/common', '../bench-defs/sv-benchmarks/java/jpf-regression/ExSymExe3_true']	0d5b6ff75b974b51a0293817ae21174b86d8a53768e6e2bd64987ead72e7e6ce
../bench-defs/sv-benchmarks/java/jpf-regression/ExSymExe4_false.yml	../bench-defs/sv-benchmarks/java/properties/no-runtime-exception.prp	true	['../bench-defs/sv-benchmarks/java/common', '../bench-defs/sv-benchmarks/java/jpf-regression/ExSymExe4_false']	f9178f4a132295faf38c18ea26cfdd0373c1e7165b05df399d4a3e1109e4cfd2
../bench-defs/sv-benchmarks/java/jpf-regression/ExSymExe4_true.yml	../bench-defs/sv-benchmarks/java/properties/no-runtime-exception.prp	true	['../bench-defs/sv-benchmarks/java/common', '../bench-defs/sv-benchmarks/java/jpf-regression/ExSymExe4_true']	66f87942fec11a87f47f4387dafd5deba7bdb370e62f827a0c07246902561cd7
../bench-defs/sv-benchmarks/java/jpf-regression/ExSymExe5_false.yml	../bench-defs/sv-benchmarks/java/properties/no-runtime-exception.prp	true	['../bench-defs/sv-benchmarks/java/common', '../bench-defs/sv-benchmarks/java/jpf-regression/ExSymExe5_false']	ab71c9c34ca5e56908f6d6347afb46c9e19dba425728a26694c04cae6dade79d
../bench-defs/sv-benchmarks/java/jpf-regression/ExSymExe5_true.yml	../bench-defs/sv-benchmarks/java/properties/no-runtime-exception.prp	true	['../bench-defs/sv-benchmarks/java/common', '../bench-defs/sv-benchmarks/java/jpf-regression/ExSymExe5_true']	8fece3427963e2346aa246ec5e3fb98c8718dde366b496ffbac338fe66e534de
../bench-defs/sv-benchmarks/java/jpf-regression/ExSymExe6_false.yml	../bench-defs/sv-benchmarks/java/properties/no-runtime-exception.prp	true	['../bench-defs/sv-benchmarks/java/common', '../bench-defs/sv-benchmarks/java/jpf-regression/ExSymExe6_false']	1671b5603e8ae9c7d62e29a6994d7ba4dd3a0ec4239b8ea8f4ac348676114084
../bench-defs/sv-benchmarks/java/jpf-regression/ExSymExe6_true.yml	../bench-defs/sv-benchmarks/java/properties/no-runtime-exception.prp	true	['../bench-defs/sv-benchmarks/java/common', '../bench-defs/sv-benchmarks/java/jpf-regression/ExSymExe6_true']	a1aa5f360b29ecbbd56e555d8e9e2f19fae6f258d4609d6dd96418f7addf8bef
../bench-defs/sv-benchmarks/java/jpf-regression/ExSymExe7_false.yml	../bench-defs/sv-benchmarks/java/properties/no-runtime-exception.prp	true	['../bench-defs/sv-benchmarks/java/common', '../bench-defs/sv-benchmarks/java/jpf-regression/ExSymExe7_false']	fbc68d113925dc0cd7145d588dc5b366cba4066611de80cf36838f76fe315928
../bench-defs/sv-benchmarks/java/jpf-regression/ExSymExe7_true.yml	../bench-defs/sv-benchmarks/java/properties/no-runtime-exception.prp	true	['../bench-defs/sv-benchmarks/java/common', '../bench-defs/sv-benchmarks/java/jpf-regression/ExSymExe7_true']	3f4ea15c1ce096781c1c02673b782753cb9703522cc8d056a0dd72adea2d9bf7
../bench-defs/sv-benchmarks/java/jpf-regression/ExSymExe8_false.yml	../bench-defs/sv-benchmarks/java/properties/no-runtime-exception.prp	true	['../bench-defs/sv-benchmarks/java/common', '../bench-defs/sv-benchmarks/java/jpf-regression/ExSymExe8_false']	f43ac46f7a1b090d7146c029403b5a1ad36aa6f65ac3ace6c86860f395676caf
../bench-defs/sv-benchmarks/java/jpf-regression/ExSymExe8_true.yml	../bench-defs/sv-benchmarks/java/properties/no-runtime-exception.prp	true	['../bench-defs/sv-benchmarks/java/common', '../bench-defs/sv-benchmarks/java/jpf-regression/ExSymExe8_true']	4173e33a776e4767c7ac55ac2c528181668808229ee1a3fb10e8b37ff63fbef4
../bench-defs/sv-benchmarks/java/jpf-regression/ExSymExe9_false.yml	../bench-defs/sv-benchmarks/java/properties/no-runtime-exception.prp	true	['../bench-defs/sv-benchmarks/java/common', '../bench-defs/sv-benchmarks/java/jpf-regression/ExSymExe9_false']	7072939562a6820d1b8ec0cc748effe7972126202ee3a0e8578f51c4bc770665
../bench-defs/sv-benchmarks/java/jpf-regression/ExSymExe9_true.yml	../bench-defs/sv-benchmarks/java/properties/no-runtime-exception.prp	true	['../bench-defs/sv-benchmarks/java/common', '../bench-defs/sv-benchmarks/java/jpf-regression/ExSymExe9_true']	4762b10177223ef95956b81d1834e1e2327cb945b69b83e4db8db4c6175bc245
../bench-defs/sv-benchmarks/java/jpf-regression/ExSymExeArrays_false.yml	../bench-defs/sv-benchmarks/java/properties/no-runtime-exception.prp	true	['../bench-defs/sv-benchmarks/java/common', '../bench-defs/sv-benchmarks/java/jpf-regression/ExSymExeArrays_false']	4fc59a7e9d772315f42c58271f43d247056fcf0b80e871f242e3e68c12f710a3
../bench-defs/sv-benchmarks/java/jpf-regression/ExSymExeArrays_true.yml	../bench-defs/sv-benchmarks/java/properties/no-runtime-exception.prp	true	['../bench-defs/sv-benchmarks/java/common', '../bench-defs/sv-benchmarks/java/jpf-regression/ExSymExeArrays_true']	6d9558ed59e6b5d2ae3223855fce3eb93bbbb00669dafc8c21480bb74a38fd23
../bench-defs/sv-benchmarks/java/jpf-regression/ExSymExeBool_false.yml	../bench-defs/sv-benchmarks/java/properties/no-runtime-exception.prp	true	['../bench-defs/sv-benchmarks/java/common', '../bench-defs/sv-benchmarks/java/jpf-regression/ExSymExeBool_false']	d2890370f9a48d9692b228067bce00c8c0ee0e1ffd62e26cdc3670b3b7031ecc
../bench-defs/sv-benchmarks/java/jpf-regression/ExSymExeBool_true.yml	../bench-defs/sv-benchmarks/java/properties/no-runtime-exception.prp	true	['../bench-defs/sv-benchmarks/java/common', '../bench-defs/sv-benchmarks/java/jpf-regression/ExSymExeBool_true']	d892907fbbdaf29e99d05008d728b35939e0f3e422f25c684a624bdccab28cca
../bench-defs/sv-benchmarks/java/jpf-regression/ExSymExeComplexMath_false.yml	../bench-defs/sv-benchmarks/java/properties/no-runtime-exception.prp	true	['../bench-defs/sv-benchmarks/java/common', '../bench-defs/sv-benchmarks/java/jpf-regression/ExSymExeComplexMath_false']	fcc6a64c3f2a703e412bd009c6e705e3d49761a3e2449cff6ee44b18cab1a253
../bench-defs/sv-benchmarks/java/jpf-regression/ExSymExeComplexMath_true.yml	../bench-defs/sv-benchmarks/java/properties/no-runtime-exception.prp	true	['../bench-defs/sv-benchmarks/java/common', '../bench-defs/sv-benchmarks/java/jpf-regression/ExSymExeComplexMath_true']	3cc4a106d185e50b73bc04e4f90b8e31b2f3478bf414c6bac08443a1272f79c3
../bench-defs/sv-benchmarks/java/jpf-regression/ExSymExeD2I_false.yml	../bench-defs/sv-benchmarks/java/properties/no-runtime-exception.prp	true	['../bench-defs/sv-benchmarks/java/common', '../bench-defs/sv-benchmarks/java/jpf-regression/ExSymExeD2I_false']	08948b0558791d05735dca448621b3a65a14875a22a1ed87e0c15f8cc7490a72
../bench-defs/sv-benchmarks/java/jpf-regression/ExSymExeD2I_true.yml	../bench-defs/sv-benchmarks/java/properties/no-runtime-exception.prp	true	['../bench-defs/sv-benchmarks/java/common', '../bench-defs/sv-benchmarks/java/jpf-regression/ExSymExeD2I_true']	63051168d5537ed3f4bdc531b77b9fb2f385ff580c2cf1f71f1d9646509c7435
../bench-defs/sv-benchmarks/java/jpf-regression/ExSymExeD2L_false.yml	../bench-defs/sv-benchmarks/java/properties/no-runtime-exception.prp	true	['../bench-defs/sv-benchmarks/java/common', '../bench-defs/sv-benchmarks/java/jpf-regression/ExSymExeD2L_false']	ed3b9398d61101e607a84e2210503cf7b8ce90330558bd10992a3f26af51dbe4
../bench-defs/sv-benchmarks/java/jpf-regression/ExSymExeD2L_true.yml	../bench-defs/sv-benchmarks/java/properties/no-runtime-exception.prp	true	['../bench-defs/sv-benchmarks/java/common', '../bench-defs/sv-benchmarks/java/jpf-regression/ExSymExeD2L_true']	76b60147c9c5e89791601f66e2ee6097d7890e4a3ec5192743a45cf13b2e2a07
../bench-defs/sv-benchmarks/java/jpf-regression/ExSymExeF2I_false.yml	../bench-defs/sv-benchmarks/java/properties/no-runtime-exception.prp	true	['../bench-defs/sv-benchmarks/java/common', '../bench-defs/sv-benchmarks/java/jpf-regression/ExSymExeF2I_false']	dd8b1481ae34e847cbf739aa4cd4be57805fc0bc46509b4217132c7ef5778ab3
../bench-defs/sv-benchmarks/java/jpf-regression/ExSymExeF2I_true.yml	../bench-defs/sv-benchmarks/java/properties/no-runtime-exception.prp	true	['../bench-defs/sv-benchmarks/java/common', '../bench-defs/sv-benchmarks/java/jpf-regression/ExSymExeF2I_true']	7cd6700fdaffb27421e587dbe4e8e78f500018901665bb19ae3a51be4619b16e
../bench-defs/sv-benchmarks/java/jpf-regression/ExSymExeF2L_false.yml	../bench-defs/sv-benchmarks/java/properties/no-runtime-exception.prp	true	['../bench-defs/sv-benchmarks/java/common', '../bench-defs/sv-benchmarks/java/jpf-regression/ExSymExeF2L_false']	f0078fae538019b6d2c26ddc7c2d21ff16fb1e16f6b5ecfb93e91c2801634c6f
../bench-defs/sv-benchmarks/java/jpf-regression/ExSymExeF2L_true.yml	../bench-defs/sv-benchmarks/java/properties/no-runtime-exception.prp	true	['../bench-defs/sv-benchmarks/java/common', '../bench-defs/sv-benchmarks/java/jpf-regression/ExSymExeF2L_true']	1af08811caaaaac8e1a863752ebbdc4ce27cc28616c96c609126cd5dbc4d3b38
../bench-defs/sv-benchmarks/java/jpf-regression/ExSymExeFNEG_false.yml	../bench-defs/sv-benchmarks/java/properties/no-runtime-exception.prp	true	['../bench-defs/sv-benchmarks/java/common', '../bench-defs/sv-benchmarks/java/jpf-regression/ExSymExeFNEG_false']	87998c441af989850a5c78cbcad4c531c97e3c5586b1f2a47c779e1c350cb6b8
../bench-defs/sv-benchmarks/java/jpf-regression/ExSymExeFNEG_true.yml	../bench-defs/sv-benchmarks/java/properties/no-runtime-exception.prp	true	['../bench-defs/sv-benchmarks/java/common', '../bench-defs/sv-benchmarks/java/jpf-regression/ExSymExeFNEG_true']	a613687f2b1fdb8b6e1469072fa7136a42c2f0bb5923769d9f42aca105e8f3e3
../bench-defs/sv-benchmarks/java/jpf-regression/ExSymExeGetStatic_false.yml	../bench-defs/sv-benchmarks/java/properties/no-runtime-exception.prp	true	['../bench-defs/sv-benchmarks/java/common', '../bench-defs/sv-benchmarks/java/jpf-regression/ExSymExeGetStatic_false']	7e78f37cb9c09a631a04cf7784ac756c484be97952ec542124031c73c20616b1
../bench-defs/sv-benchmarks/java/jpf-regression/ExSymExeGetStatic_true.yml	../bench-defs/sv-benchmarks/java/properties/no-runtime-exception.prp	true	['../bench-defs/sv-benchmarks/java/common', '../bench-defs/sv-benchmarks/java/jpf-regression/ExSymExeGetStatic_true']	a1e41b17883e7d5055c05f41d9560b61f950886431ae02f9e1fe00d49b124be1
../bench-defs/sv-benchmarks/java/jpf-regression/ExSymExeI2D_false.yml	../bench-defs/sv-benchmarks/java/properties/no-runtime-exception.prp	true	['../bench-defs/sv-benchmarks/java/common', '../bench-defs/sv-benchmarks/java/jpf-regression/ExSymExeI2D_false']	9a2124dc8c7bbfd1e767b6d7788c2cb46fcfab93f39fc73d18673970ecc8ad62
../bench-defs/sv-benchmarks/java/jpf-regression/ExSymExeI2D_true.yml	../bench-defs/sv-benchmarks/java/properties/no-runtime-exception.prp	true	['../bench-defs/sv-benchmarks/java/common', '../bench-defs/sv-benchmarks/java/jpf-regression/ExSymExeI2D_true']	9c8eaa1a267f9c9979973f3efeb33a70cb212cab5402acf1566a14536c4e1f25
../bench-defs/sv-benchmarks/java/jpf-regression/ExSymExeI2F_false.yml	../bench-defs/sv-benchmarks/java/properties/no-runtime-exception.prp	true	['../bench-defs/sv-benchmarks/java/common', '../bench-defs/sv-benchmarks/java/jpf-regression/ExSymExeI2F_false']	68c0a8f1fdbd9adda4638df219d6ed9b8c5766e74c46fcf20822bec2072da5d0
../bench-defs/sv-benchmarks/java/jpf-regression/ExSymExeI2F_true.yml	../bench-defs/sv-benchmarks/java/properties/no-runtime-exception.prp	true	['../bench-defs/sv-benchmarks/java/common', '../bench-defs/sv-benchmarks/java/jpf-regression/ExSymExeI2F_true']	df1e682ef941c55ea514fd04fd0a8f8bc9eb5ba7eb1d6d3712385333c1dcca8b
../bench-defs/sv-benchmarks/java/jpf-regression/ExSymExeLCMP_false.yml	../bench-defs/sv-benchmarks/java/properties/no-runtime-exception.prp	true	['../bench-defs/sv-benchmarks/java/common', '../bench-defs/sv-benchmarks/java/jpf-regression/ExSymExeLCMP_false']	63c328d2cd64d56cfb7cede518cde33bc1897360710bcfea88422507903aa798
../bench-defs/sv-benchmarks/java/jpf-regression/ExSymExeLCMP_true.yml	../bench-defs/sv-benchmarks/java/properties/no-runtime-exception.prp	true	['../bench-defs/sv-benchmarks/java/common', '../bench-defs/sv-benchmarks/java/jpf-regression/ExSymExeLCMP_true']	75eed8746d3b60d238e25abd02761bd117487ddf1fff404271e408944baa928c
../bench-defs/sv-benchmarks/java/jpf-regression/ExSymExeLongBytecodes_false.yml	../bench-defs/sv-benchmarks/java/properties/no-runtime-exception.prp	true	['../bench-defs/sv-benchmarks/java/common', '../bench-defs/sv-benchmarks/java/jpf-regression/ExSymExeLongBytecodes_false']	bf4ce5afeb8d263068114880ced031d3587b1d8109a0c6a2832f24ffb3151bba
../bench-defs/sv-benchmarks/java/jpf-regression/ExSymExeLongBytecodes_true.yml	../bench-defs/sv-benchmarks/java/properties/no-runtime-exception.prp	true	['../bench-defs/sv-benchmarks/java/common', '../bench-defs/sv-benchmarks/java/jpf-regression/ExSymExeLongBytecodes_true']	a82ebc82c5948ade408317eba229f3ce6a280d377285389a0e9b6d75bf0c85df
../bench-defs/sv-benchmarks/java/jpf-regression/ExSymExeResearch_false.yml	../bench-defs/sv-benchmarks/java/properties/no-runtime-exception.prp	true	['../bench-defs/sv-benchmarks/java/common', '../bench-defs/sv-benchmarks/java/jpf-regression/ExSymExeResearch_false']	92a139347319eb50d8a1e8211decae592a7f41c357f9be946e97539e37501d27
../bench-defs/sv-benchmarks/java/jpf-regression/ExSymExeResearch_true.yml	../bench-defs/sv-benchmarks/java/properties/no-runtime-exception.prp	true	['../bench-defs/sv-benchmarks/java/common', '../bench-defs/sv-benchmarks/java/jpf-regression/ExSymExeResearch_true']	befe28c957bdffe4618b8c16ceef33500f22af2bf6a5e34bebc866a253c8c448
../bench-defs/sv-benchmarks/java/jpf-regression/ExSymExeSimple_false.yml	../bench-defs/sv-benchmarks/java/properties/no-runtime-exception.prp	true	['../bench-defs/sv-benchmarks/java/common', '../bench-defs/sv-benchmarks/java/jpf-regression/ExSymExeSimple_false']	d4c2f9ff6166768d90021585827f9108efbd78b7b26b7a7b3b3279fe713bb3fc
../bench-defs/sv-benchmarks/java/jpf-regression/ExSymExeSimple_true.yml	../bench-defs/sv-benchmarks/java/properties/no-runtime-exception.prp	true	['../bench-defs/sv-benchmarks/java/common', '../bench-defs/sv-benchmarks/java/jpf-regression/ExSymExeSimple_true']	2cb74ebf626b18a8aebfcb7f271e31c984915be606632028c6489268492b6b02
../bench-defs/sv-benchmarks/java/jpf-regression/ExSymExeSuzette_false.yml	../bench-defs/sv-benchmarks/java/properties/no-runtime-exception.prp	true	['../bench-defs/sv-benchmarks/java/common', '../bench-defs/sv-benchmarks/java/jpf-regression/ExSymExeSuzette_false']	c0a919b20efbf1476cc83d106ba4399cdb3629855c2d92c2c266fd0db9b652f2
../bench-defs/sv-benchmarks/java/jpf-regression/ExSymExeSuzette_true.yml	../bench-defs/sv-benchmarks/java/properties/no-runtime-exception.prp	true	['../bench-defs/sv-benchmarks/java/common', '../bench-defs/sv-benchmarks/java/jpf-regression/ExSymExeSuzette_true']	0722e957768be62cbab5cb64c7522e54f070606c8c99dbade139b20314e27627
../bench-defs/sv-benchmarks/java/jpf-regression/ExSymExeSwitch_false.yml	../bench-defs/sv-benchmarks/java/properties/no-runtime-exception.prp	true	['../bench-defs/sv-benchmarks/java/common', '../bench-defs/sv-benchmarks/java/jpf-regression/ExSymExeSwitch_false']	d5b8c282b30e2cf78fd5be7eb5dc9cd2b53f00ae9d59f58a0e8fc4161e0951c1
../bench-defs/sv-benchmarks/java/jpf-regression/ExSymExeSwitch_true.yml	../bench-defs/sv-benchmarks/java/properties/no-runtime-exception.prp	true	['../bench-defs/sv-benchmarks/java/common', '../bench-defs/sv-benchmarks/java/jpf-regression/ExSymExeSwitch_true']	1ff2d7c7adf32d098ce7a9c7be871036272ed000722d4aad5c1022c59c50049e
../bench-defs/sv-benchmarks/java/jpf-regression/ExSymExeTestAssignments_false.yml	../bench-defs/sv-benchmarks/java/properties/no-runtime-exception.prp	true	['../bench-defs/sv-benchmarks/java/common', '../bench-defs/sv-benchmarks/java/jpf-regression/ExSymExeTestAssignments_false']	b6900da66a6483a4ccdf07d7f26b47cb12d3ecfbfd405e0b10941c4ca6c6953b
../bench-defs/sv-benchmarks/java/jpf-regression/ExSymExeTestAssignments_true.yml	../bench-defs/sv-benchmarks/java/properties/no-runtime-exception.prp	true	['../bench-defs/sv-benchmarks/java/common', '../bench-defs/sv-benchmarks/java/jpf-regression/ExSymExeTestAssignments_true']	9767716b3434b6327b15e47a6f50d799334b5dfd2b2487ffdaf8631a7fe948f9
../bench-defs/sv-benchmarks/java/jpf-regression/ExSymExeTestClassFields_false.yml	../bench-defs/sv-benchmarks/java/properties/no-runtime-exception.prp	true	['../bench-defs/sv-benchmarks/java/common', '../bench-defs/sv-benchmarks/java/jpf-regression/ExSymExeTestClassFields_false']	146b578dc90d22401adcf8a1049d0f6638ed77d5b0a5542f6de0e253d62503cb
../bench-defs/sv-benchmarks/java/jpf-regression/ExSymExeTestClassFields_true.yml	../bench-defs/sv-benchmarks/java/properties/no-runtime-exception.prp	true	['../bench-defs/sv-benchmarks/java/common', '../bench-defs/sv-benchmarks/java/jpf-regression/ExSymExeTestClassFields_true']	befcc78eea8e3d8b33417b1c5ce0b4c4617c52c9b021a64a287f18079763d924
../bench-defs/sv-benchmarks/java/jpf-regression/ExSymExe_false.yml	../bench-defs/sv-benchmarks/java/properties/no-runtime-exception.prp	true	['../bench-defs/sv-benchmarks/java/common', '../bench-defs/sv-benchmarks/java/jpf-regression/ExSymExe_false']	5c73d6113ef914c962daf403ae6863f295492e7a47e1b1390c1c25fd79e8ff81
../bench-defs/sv-benchmarks/java/jpf-regression/ExSymExe_true.yml	../bench-defs/sv-benchmarks/java/properties/no-runtime-exception.prp	true	['../bench-defs/sv-benchmarks/java/common', '../bench-defs/sv-benchmarks/java/jpf-regression/ExSymExe_true']	888795520917274dedf202fb0b4ab0a4f08c5c2c5be9acf5186f7eeab2d82ad7
../bench-defs/sv-benchmarks/java/jpf-regression/TestLazy_false.yml	../bench-defs/sv-benchmarks/java/properties/no-runtime-exception.prp	true	['../bench-defs/sv-benchmarks/java/common', '../bench-defs/sv-benchmarks/java/jpf-regression/TestLazy_false']	e7c6e133edf9dded7e7293b80e2241a495ee5ea55da6e02f28206ced9b256dc2
../bench-defs/sv-benchmarks/java/jpf-regression/TestLazy_true.yml	../bench-defs/sv-benchmarks/java/properties/no-runtime-exception.prp	true	['../bench-defs/sv-benchmarks/java/common', '../bench-defs/sv-benchmarks/java/jpf-regression/TestLazy_true']	dcca71801bb2b314a87b85a902b9fa3adaa37cb54c977201ad83637d4326e5d9
../bench-defs/sv-benchmarks/java/java-ranger-regression/TCAS_prop1.yml	../bench-defs/sv-benchmarks/java/properties/no-runtime-exception.prp	true	['../bench-defs/sv-benchmarks/java/common', '../bench-defs/sv-benchmarks/java/java-ranger-regression/TCAS_prop1']	dd7cfc0447b9f33f2076ed161d135524c99bae78ec2ac4dfee2eef029e185842
../bench-defs/sv-benchmarks/java/java-ranger-regression/TCAS_prop2.yml	../bench-defs/sv-benchmarks/java/properties/no-runtime-exception.prp	true	['../bench-defs/sv-benchmarks/java/common', '../bench-defs/sv-benchmarks/java/java-ranger-regression/TCAS_prop2']	2c480ae034859870dcf8d6b37451ebd1b05084f9b92266e2a6032ff35bac586d
../bench-defs/sv-benchmarks/java/java-ranger-regression/TCAS_prop3.yml	../bench-defs/sv-benchmarks/java/properties/no-runtime-exception.prp	true	['../bench-defs/sv-benchmarks/java/common', '../bench-defs/sv-benchmarks/java/java-ranger-regression/TCAS_prop3']	ddd63f26ae00a1e6e113ef792dd17b03937d203a7eabc997cc3848a2ae8a037a
../bench-defs/sv-benchmarks/java/java-ranger-regression/apachecli_eqchk.yml	../bench-defs/sv-benchmarks/java/properties/no-runtime-exception.prp	true	['../bench-defs/sv-benchmarks/java/common', '../bench-defs/sv-benchmarks/java/java-ranger-regression/apachecli_eqchk']	2d57612b273c4c17b3590fb39c988a677c94ce3a7d42640677de911b9a9ad583
../bench-defs/sv-benchmarks/java/java-ranger-regression/schedule_eqchk.yml	../bench-defs/sv-benchmarks/java/properties/no-runtime-exception.prp	true	['../bench-defs/sv-benchmarks/java/common', '../bench-defs/sv-benchmarks/java/java-ranger-regression/schedule_eqchk']	ac72d724926e46d9c4e7c4de330a48033fc47514152359dd9d09ab6eca58fd05
../bench-defs/sv-benchmarks/java/java-ranger-regression/WBS/WBS_prop1.yml	../bench-defs/sv-benchmarks/java/properties/no-runtime-exception.prp	true	['../bench-defs/sv-benchmarks/java/common', '../bench-defs/sv-benchmarks/java/java-ranger-regression/WBS/impl', '../bench-defs/sv-benchmarks/java/java-ranger-regression/WBS/prop1']	a3c2898727dd9e39966abd86ea7b2c993939ce2af17b66aec7e9919c30e07067
../bench-defs/sv-benchmarks/java/java-ranger-regression/WBS/WBS_prop2.yml	../bench-defs/sv-benchmarks/java/properties/no-runtime-exception.prp	true	['../bench-defs/sv-benchmarks/java/common', '../bench-defs/sv-benchmarks/java/java-ranger-regression/WBS/impl', '../bench-defs/sv-benchmarks/java/java-ranger-regression/WBS/prop2']	1b9e7395d8fa40958e599363f2b0a3806fbed951bef18878fc2831257d4ebdea
../bench-defs/sv-benchmarks/java/java-ranger-regression/WBS/WBS_prop3.yml	../bench-defs/sv-benchmarks/java/properties/no-runtime-exception.prp	true	['../bench-defs/sv-benchmarks/java/common', '../bench-defs/sv-benchmarks/java/java-ranger-regression/WBS/impl', '../bench-defs/sv-benchmarks/java/java-ranger-regression/WBS/prop3']	ddde6754747336aabdba08ec82b53b00ad10b8fd1b1f81d976683c2ebf067e73
../bench-defs/sv-benchmarks/java/java-ranger-regression/WBS/WBS_prop4.yml	../bench-defs/sv-benchmarks/java/properties/no-runtime-exception.prp	true	['../bench-defs/sv-benchmarks/java/common', '../bench-defs/sv-benchmarks/java/java-ranger-regression/WBS/impl', '../bench-defs/sv-benchmarks/java/java-ranger-regression/WBS/prop4']	a379a9132b7adb64f7f2262036638b485290a45a2447890fe618738eec93eb46
../bench-defs/sv-benchmarks/java/java-ranger-regression/alarm/Alarm_prop1.yml	../bench-defs/sv-benchmarks/java/properties/no-runtime-exception.prp	true	['../bench-defs/sv-benchmarks/java/common', '../bench-defs/sv-benchmarks/java/java-ranger-regression/alarm/impl', '../bench-defs/sv-benchmarks/java/java-ranger-regression/alarm/prop1']	a47421ff3e51060201e2030ef0e38c4646b3c71d44947bcb2430cf358fd452b5
../bench-defs/sv-benchmarks/java/java-ranger-regression/alarm/Alarm_prop10.yml	../bench-defs/sv-benchmarks/java/properties/no-runtime-exception.prp	true	['../bench-defs/sv-benchmarks/java/common', '../bench-defs/sv-benchmarks/java/java-ranger-regression/alarm/impl', '../bench-defs/sv-benchmarks/java/java-ranger-regression/alarm/prop10']	d05eaf945347d27de53fcc1e56872f5ec444c7b2df42b888cdc55ff48f517f4d
../bench-defs/sv-benchmarks/java/java-ranger-regression/alarm/Alarm_prop2.yml	../bench-defs/sv-benchmarks/java/properties/no-runtime-exception.prp	true	['../bench-defs/sv-benchmarks/java/common', '../bench-defs/sv-benchmarks/java/java-ranger-regression/alarm/impl', '../bench-defs/sv-benchmarks/java/java-ranger-regression/alarm/prop2']	c1515f8e08862c96e5ee35e8a4113379bc1d472b36dd51262b05d69a2ef702f4
../bench-defs/sv-benchmarks/java/java-ranger-regression/alarm/Alarm_prop3.yml	../bench-defs/sv-benchmarks/java/properties/no-runtime-exception.prp	true	['../bench-defs/sv-benchmarks/java/common', '../bench-defs/sv-benchmarks/java/java-ranger-regression/alarm/impl', '../bench-defs/sv-benchmarks/java/java-ranger-regression/alarm/prop3']	25473fcfeacca1635c3b4c7182fe300c2e7d9ad2b573fb4228041fa42adcc8a4
../bench-defs/sv-benchmarks/java/java-ranger-regression/alarm/Alarm_prop4.yml	../bench-defs/sv-benchmarks/java/properties/no-runtime-exception.prp	true	['../bench-defs/sv-benchmarks/java/common', '../bench-defs/sv-benchmarks/java/java-ranger-regression/alarm/impl', '../bench-defs/sv-benchmarks/java/java-ranger-regression/alarm/prop4']	30287e88ea466e85d7d7eb730decb66173ce9f8eacf87374a9e68b65417f0da6
../bench-defs/sv-benchmarks/java/java-ranger-regression/alarm/Alarm_prop5.yml	../bench-defs/sv-benchmarks/java/properties/no-runtime-exception.prp	true	['../bench-defs/sv-benchmarks/java/common', '../bench-defs/sv-benchmarks/java/java-ranger-regression/alarm/impl', '../bench-defs/sv-benchmarks/java/java-ranger-regression/alarm/prop5']	7d61aa557bc3903810f31ce71f6c727ae1bb4a65606e19f652ffea39cb595a13
../bench-defs/sv-benchmarks/java/java-ranger-regression/alarm/Alarm_prop6.yml	../bench-defs/sv-benchmarks/java/properties/no-runtime-exception.prp	true	['../bench-defs/sv-benchmarks/java/common', '../bench-defs/sv-benchmarks/java/java-ranger-regression/alarm/impl', '../bench-defs/sv-benchmarks/java/java-ranger-regression/alarm/prop6']	2e6416ee3e198528e8db647d37e19070ee60df28baf354fb7c42bf73af68a197
../bench-defs/sv-benchmarks/java/java-ranger-regression/alarm/Alarm_prop8.yml	../bench-defs/sv-benchmarks/java/properties/no-runtime-exception.prp	true	['../bench-defs/sv-benchmarks/java/common', '../bench-defs/sv-benchmarks/java/java-ranger-regression/alarm/impl', '../bench-defs/sv-benchmarks/java/java-ranger-regression/alarm/prop8']	24e0664c4f7983332e72e152d19462ba65d01073cbe9ff76f661689f9e8798c3
../bench-defs/sv-benchmarks/java/java-ranger-regression/alarm/Alarm_prop9.yml	../bench-defs/sv-benchmarks/java/properties/no-runtime-exception.prp	true	['../bench-defs/sv-benchmarks/java/common', '../bench-defs/sv-benchmarks/java/java-ranger-regression/alarm/impl', '../bench-defs/sv-benchmarks/java/java-ranger-regression/alarm/prop9']	ffd9d9b21ba1405a3077731844775a0314a084dd6cc4f69338085776536333e9
../bench-defs/sv-benchmarks/java/java-ranger-regression/infusion/Infusion_prop1.yml	../bench-defs/sv-benchmarks/java/properties/no-runtime-exception.prp	true	['../bench-defs/sv-benchmarks/java/common', '../bench-defs/sv-benchmarks/java/java-ranger-regression/infusion/impl', '../bench-defs/sv-benchmarks/java/java-ranger-regression/infusion/prop1']	92d4ae520f269ba5e8c16bb06f844537290bbdfeccd48e3575e60478300ddaff
../bench-defs/sv-benchmarks/java/java-ranger-regression/infusion/Infusion_prop10.yml	../bench-defs/sv-benchmarks/java/properties/no-runtime-exception.prp	true	['../bench-defs/sv-benchmarks/java/common', '../bench-defs/sv-benchmarks/java/java-ranger-regression/infusion/impl', '../bench-defs/sv-benchmarks/java/java-ranger-regression/infusion/prop10']	4db79b659ea5e7a617f3d478dc4a16ff296018df9397bb7bdc03aa3f3298f0ea
../bench-defs/sv-benchmarks/java/java-ranger-regression/infusion/Infusion_prop11.yml	../bench-defs/sv-benchmarks/java/properties/no-runtime-exception.prp	true	['../bench-defs/sv-benchmarks/java/common', '../bench-defs/sv-benchmarks/java/java-ranger-regression/infusion/impl', '../bench-defs/sv-benchmarks/java/java-ranger-regression/infusion/prop11']	d3e13588294be1a4b659e971c7bc221d910cf4af3ecbe804c79da81b0bd8231e
../bench-defs/sv-benchmarks/java/java-ranger-regression/infusion/Infusion_prop12.yml	../bench-defs/sv-benchmarks/java/properties/no-runtime-exception.prp	true	['../bench-defs/sv-benchmarks/java/common', '../bench-defs/sv-benchmarks/java/java-ranger-regression/infusion/impl', '../bench-defs/sv-benchmarks/java/java-ranger-regression/infusion/prop12']	7a1fe3586279e780b4e5e6b3773786b9c8de2d01154a2e49ac0b9a3b1dfd5a5c
../bench-defs/sv-benchmarks/java/java-ranger-regression/infusion/Infusion_prop13.yml	../bench-defs/sv-benchmarks/java/properties/no-runtime-exception.prp	true	['../bench-defs/sv-benchmarks/java/common', '../bench-defs/sv-benchmarks/java/java-ranger-regression/infusion/impl', '../bench-defs/sv-benchmarks/java/java-ranger-regression/infusion/prop13']	955367a2cb547767ea4ff313f1f2d6c90037c4bf4696e9283d9193bb919c9111
../bench-defs/sv-benchmarks/java/java-ranger-regression/infusion/Infusion_prop2.yml	../bench-defs/sv-benchmarks/java/properties/no-runtime-exception.prp	true	['../bench-defs/sv-benchmarks/java/common', '../bench-defs/sv-benchmarks/java/java-ranger-regression/infusion/impl', '../bench-defs/sv-benchmarks/java/java-ranger-regression/infusion/prop2']	663aa1cab5f6652ffae9df2a4772aeb66e04405e731bb99be68a1ac2465b620e
../bench-defs/sv-benchmarks/java/java-ranger-regression/infusion/Infusion_prop3.yml	../bench-defs/sv-benchmarks/java/properties/no-runtime-exception.prp	true	['../bench-defs/sv-benchmarks/java/common', '../bench-defs/sv-benchmarks/java/java-ranger-regression/infusion/impl', '../bench-defs/sv-benchmarks/java/java-ranger-regression/infusion/prop3']	a33bbd3c135c68d26382da32a84051a50a5c0b2fb29a2de8dc812e518c5469c5
../bench-defs/sv-benchmarks/java/java-ranger-regression/infusion/Infusion_prop4.yml	../bench-defs/sv-benchmarks/java/properties/no-runtime-exception.prp	true	['../bench-defs/sv-benchmarks/java/common', '../bench-defs/sv-benchmarks/java/java-ranger-regression/infusion/impl', '../bench-defs/sv-benchmarks/java/java-ranger-regression/infusion/prop4']	2f4375c64701e0e8e3a2b0e459dae1e9210e946c29415b2f5788cde32f3cc5fd
../bench-defs/sv-benchmarks/java/java-ranger-regression/infusion/Infusion_prop5.yml	../bench-defs/sv-benchmarks/java/properties/no-runtime-exception.prp	true	['../bench-defs/sv-benchmarks/java/common', '../bench-defs/sv-benchmarks/java/java-ranger-regression/infusion/impl', '../bench-defs/sv-benchmarks/java/java-ranger-regression/infusion/prop5']	2b375dffce66ca165a22b32e434d37bdfad5ba18874eabcad5e771b9265abfc8
../bench-defs/sv-benchmarks/java/java-ranger-regression/infusion/Infusion_prop6.yml	../bench-defs/sv-benchmarks/java/properties/no-runtime-exception.prp	true	['../bench-defs/sv-benchmarks/java/common', '../bench-defs/sv-benchmarks/java/java-ranger-regression/infusion/impl', '../bench-defs/sv-benchmarks/java/java-ranger-regression/infusion/prop6']	0b704c6534097111c6117e4b93dc5a5b0b6a1a0112d65349037d9d7373da5477
../bench-defs/sv-benchmarks/java/java-ranger-regression/infusion/Infusion_prop7.yml	../bench-defs/sv-benchmarks/java/properties/no-runtime-exception.prp	true	['../bench-defs/sv-benchmarks/java/common', '../bench-defs/sv-benchmarks/java/java-ranger-regression/infusion/impl', '../bench-defs/sv-benchmarks/java/java-ranger-regression/infusion/prop7']	c444b19b112c74c760a7674ab537f955390dcbddf4f36523554e5e6d727d4972
../bench-defs/sv-benchmarks/java/java-ranger-regression/infusion/Infusion_prop8.yml	../bench-defs/sv-benchmarks/java/properties/no-runtime-exception.prp	true	['../bench-defs/sv-benchmarks/java/common', '../bench-defs/sv-benchmarks/java/java-ranger-regression/infusion/impl', '../bench-defs/sv-benchmarks/java/java-ranger-regression/infusion/prop8']	823420bdf3088d7fb247851cdf76279fb95ebf4bf1c5c24dd7c69c7f40588483
../bench-defs/sv-benchmarks/java/java-ranger-regression/infusion/Infusion_prop9.yml	../bench-defs/sv-benchmarks/java/properties/no-runtime-exception.prp	true	['../bench-defs/sv-benchmarks/java/common', '../bench-defs/sv-benchmarks/java/java-ranger-regression/infusion/impl', '../bench-defs/sv-benchmarks/java/java-ranger-regression/infusion/prop9']	39f1d328f529fb3018300eb8473a62f444504aa59e928270944d08655778745f
../bench-defs/sv-benchmarks/java/java-ranger-regression/siena_eqchk/siena_prop1.yml	../bench-defs/sv-benchmarks/java/properties/no-runtime-exception.prp	true	['../bench-defs/sv-benchmarks/java/common', '../bench-defs/sv-benchmarks/java/java-ranger-regression/siena_eqchk/impl', '../bench-defs/sv-benchmarks/java/java-ranger-regression/siena_eqchk/prop1']	d6ed9c57a14409950a8feb932529fa88e0ad62e95265f84cae02c39de9b52280
../bench-defs/sv-benchmarks/java/java-ranger-regression/siena_eqchk/siena_prop2.yml	../bench-defs/sv-benchmarks/java/properties/no-runtime-exception.prp	true	['../bench-defs/sv-benchmarks/java/common', '../bench-defs/sv-benchmarks/java/java-ranger-regression/siena_eqchk/impl', '../bench-defs/sv-benchmarks/java/java-ranger-regression/siena_eqchk/prop2']	c8f16068f8ae2fa8ec78455841cec23a11890dc4640ab25b39cf7bb23afdcbd4
../bench-defs/sv-benchmarks/java/java-ranger-regression/replace5_eqchk/replace5_prop1.yml	../bench-defs/sv-benchmarks/java/properties/no-runtime-exception.prp	true	['../bench-defs/sv-benchmarks/java/common', '../bench-defs/sv-benchmarks/java/java-ranger-regression/replace5_eqchk/impl', '../bench-defs/sv-benchmarks/java/java-ranger-regression/replace5_eqchk/prop1']	78efbf9f02ada6fb8e49aa15e61e8601772860cb85c2e2de362af1f76af85c0f
../bench-defs/sv-benchmarks/java/java-ranger-regression/replace5_eqchk/replace5_prop2.yml	../bench-defs/sv-benchmarks/java/properties/no-runtime-exception.prp	true	['../bench-defs/sv-benchmarks/java/common', '../bench-defs/sv-benchmarks/java/java-ranger-regression/replace5_eqchk/impl', '../bench-defs/sv-benchmarks/java/java-ranger-regression/replace5_eqchk/prop2']	9d2bd8a82bbd3f378d07b9552746624d0acd9a963cfb771b04220c36f65347ab
../bench-defs/sv-benchmarks/java/java-ranger-regression/nanoxml_eqchk/nanoxml_prop1.yml	../bench-defs/sv-benchmarks/java/properties/no-runtime-exception.prp	false	['../bench-defs/sv-benchmarks/java/common', '../bench-defs/sv-benchmarks/java/java-ranger-regression/nanoxml_eqchk/impl', '../bench-defs/sv-benchmarks/java/java-ranger-regression/nanoxml_eqchk/prop1']	cea3454ed803cac129d70705fd8771cd08e49baf413a5252beac37ab1bea60af
../bench-defs/sv-benchmarks/java/java-ranger-regression/nanoxml_eqchk/nanoxml_prop2.yml	../bench-defs/sv-benchmarks/java/properties/no-runtime-exception.prp	false	['../bench-defs/sv-benchmarks/java/common', '../bench-defs/sv-benchmarks/java/java-ranger-regression/nanoxml_eqchk/impl', '../bench-defs/sv-benchmarks/java/java-ranger-regression/nanoxml_eqchk/prop2']	771f72c8c563c0e20a8d60b601cb293bb5f318178518132ebcb0d826bb0d06cf
../bench-defs/sv-benchmarks/java/java-ranger-regression/nanoxml_eqchk/nanoxml_prop3.yml	../bench-defs/sv-benchmarks/java/properties/no-runtime-exception.prp	false	['../bench-defs/sv-benchmarks/java/common', '../bench-defs/sv-benchmarks/java/java-ranger-regression/nanoxml_eqchk/impl', '../bench-defs/sv-benchmarks/java/java-ranger-regression/nanoxml_eqchk/prop3']	5a6ba9aa5e7656b9712801e0d5d968477206dd35d995ae532758508014f7e234
../bench-defs/sv-benchmarks/java/java-ranger-regression/printtokens_eqchk/printtokens_prop1.yml	../bench-defs/sv-benchmarks/java/properties/no-runtime-exception.prp	true	['../bench-defs/sv-benchmarks/java/common', '../bench-defs/sv-benchmarks/java/java-ranger-regression/printtokens_eqchk/impl', '../bench-defs/sv-benchmarks/java/java-ranger-regression/printtokens_eqchk/prop1']	1668a36928ba6a3e0bc4173eb7a899de827bdc810ef2f94151154bf7d48afe61
../bench-defs/sv-benchmarks/java/java-ranger-regression/printtokens_eqchk/printtokens_prop2.yml	../bench-defs/sv-benchmarks/java/properties/no-runtime-exception.prp	true	['../bench-defs/sv-benchmarks/java/common', '../bench-defs/sv-benchmarks/java/java-ranger-regression/printtokens_eqchk/impl', '../bench-defs/sv-benchmarks/java/java-ranger-regression/printtokens_eqchk/prop2']	3b71baa1b2d8f82e16ba66573a31d20e121d39d7f79dc91acba791b37118461a
../bench-defs/sv-benchmarks/java/MinePump/spec1-5_product1.yml	../bench-defs/sv-benchmarks/java/properties/no-runtime-exception.prp	true	['../bench-defs/sv-benchmarks/java/common', '../bench-defs/sv-benchmarks/java/MinePump/spec1-5_product1']	794b935c943738f8eb89f4cdacb2b0db88b5618021fda87fab6268e3198c39ad
../bench-defs/sv-benchmarks/java/MinePump/spec1-5_product10.yml	../bench-defs/sv-benchmarks/java/properties/no-runtime-exception.prp	true	['../bench-defs/sv-benchmarks/java/common', '../bench-defs/sv-benchmarks/java/MinePump/spec1-5_product10']	120e04058cca20ef24ac8caff47fef6fbd853620cbd5339eaddd6d3f38e4a6d0
../bench-defs/sv-benchmarks/java/MinePump/spec1-5_product11.yml	../bench-defs/sv-benchmarks/java/properties/no-runtime-exception.prp	true	['../bench-defs/sv-benchmarks/java/common', '../bench-defs/sv-benchmarks/java/MinePump/spec1-5_product11']	8fa874f6bc31518c08b788d17eb90cb3b71c7ca7a91c97c19cae03a68435cc51
../bench-defs/sv-benchmarks/java/MinePump/spec1-5_product12.yml	../bench-defs/sv-benchmarks/java/properties/no-runtime-exception.prp	true	['../bench-defs/sv-benchmarks/java/common', '../bench-defs/sv-benchmarks/java/MinePump/spec1-5_product12']	87f9de3164618584bcd660584a962896e1b2f14832625a2e92b247a86ce8d66a
../bench-defs/sv-benchmarks/java/MinePump/spec1-5_product13.yml	../bench-defs/sv-benchmarks/java/properties/no-runtime-exception.prp	true	['../bench-defs/sv-benchmarks/java/common', '../bench-defs/sv-benchmarks/java/MinePump/spec1-5_product13']	2e7eec755a1d9e1e2748f1be427c0ee6e522c2105f7ae2057eeb8c4f6e70e3e7
../bench-defs/sv-benchmarks/java/MinePump/spec1-5_product14.yml	../bench-defs/sv-benchmarks/java/properties/no-runtime-exception.prp	true	['../bench-defs/sv-benchmarks/java/common', '../bench-defs/sv-benchmarks/java/MinePump/spec1-5_product14']	906da1ea981e292d4d76196721628301f2eb59d2eab7de3c33067a98fcb40d1a
../bench-defs/sv-benchmarks/java/MinePump/spec1-5_product15.yml	../bench-defs/sv-benchmarks/java/properties/no-runtime-exception.prp	true	['../bench-defs/sv-benchmarks/java/common', '../bench-defs/sv-benchmarks/java/MinePump/spec1-5_product15']	6f9e5cf440fc831dd047e92a00560a182fa7c2b28e5cf0d442c66174362b7a4c
../bench-defs/sv-benchmarks/java/MinePump/spec1-5_product16.yml	../bench-defs/sv-benchmarks/java/properties/no-runtime-exception.prp	true	['../bench-defs/sv-benchmarks/java/common', '../bench-defs/sv-benchmarks/java/MinePump/spec1-5_product16']	9ed93a187758fb7cc6f514523a29f936f4edf6491975ae97eb9b5d86e993e0cc
../bench-defs/sv-benchmarks/java/MinePump/spec1-5_product17.yml	../bench-defs/sv-benchmarks/java/properties/no-runtime-exception.prp	true	['../bench-defs/sv-benchmarks/java/common', '../bench-defs/sv-benchmarks/java/MinePump/spec1-5_product17']	e2d8a4ed70c86dd32036fb7f609009ce6d1a7cf328d64c53f91ffe1e71987e27
../bench-defs/sv-benchmarks/java/MinePump/spec1-5_product18.yml	../bench-defs/sv-benchmarks/java/properties/no-runtime-exception.prp	true	['../bench-defs/sv-benchmarks/java/common', '../bench-defs/sv-benchmarks/java/MinePump/spec1-5_product18']	1b18e9fdab17d438c68a477f90d6e49567ac02a7741d9297f4823073ab6cfee6
../bench-defs/sv-benchmarks/java/MinePump/spec1-5_product19.yml	../bench-defs/sv-benchmarks/java/properties/no-runtime-exception.prp	true	['../bench-defs/sv-benchmarks/java/common', '../bench-defs/sv-benchmarks/java/MinePump/spec1-5_product19']	4377c2e49a526ce3efcc7d21c7976f037e8c9c59426bde46cfd89e3c03180df4
../bench-defs/sv-benchmarks/java/MinePump/spec1-5_product2.yml	../bench-defs/sv-benchmarks/java/properties/no-runtime-exception.prp	true	['../bench-defs/sv-benchmarks/java/common', '../bench-defs/sv-benchmarks/java/MinePump/spec1-5_product2']	da87f1c3372f7ce77608a68e8ff552be5e0d9b796a0afb20d0782c10521feb16
../bench-defs/sv-benchmarks/java/MinePump/spec1-5_product20.yml	../bench-defs/sv-benchmarks/java/properties/no-runtime-exception.prp	true	['../bench-defs/sv-benchmarks/java/common', '../bench-defs/sv-benchmarks/java/MinePump/spec1-5_product20']	063df12f626531eef0adc6d85c3f75058769561f031b4433f66f97d63c16b809
../bench-defs/sv-benchmarks/java/MinePump/spec1-5_product21.yml	../bench-defs/sv-benchmarks/java/properties/no-runtime-exception.prp	true	['../bench-defs/sv-benchmarks/java/common', '../bench-defs/sv-benchmarks/java/MinePump/spec1-5_product21']	2fcf146748b6c902695bbee14bfd1e1ac9a4b98b8f48e6e9768d174e8535d481
../bench-defs/sv-benchmarks/java/MinePump/spec1-5_product22.yml	../bench-defs/sv-benchmarks/java/properties/no-runtime-exception.prp	true	['../bench-defs/sv-benchmarks/java/common', '../bench-defs/sv-benchmarks/java/MinePump/spec1-5_product22']	7e6c3d621dcab9be75aa301c532c214e5b7441ce07c0218339ca3ce9fa548bad
../bench-defs/sv-benchmarks/java/MinePump/spec1-5_product23.yml	../bench-defs/sv-benchmarks/java/properties/no-runtime-exception.prp	true	['../bench-defs/sv-benchmarks/java/common', '../bench-defs/sv-benchmarks/java/MinePump/spec1-5_product23']	1bbcf3b16cbcc3341b48b5e8c7030275a7c91bd3e4d397b706b7ffedc89b2715
../bench-defs/sv-benchmarks/java/MinePump/spec1-5_product24.yml	../bench-defs/sv-benchmarks/java/properties/no-runtime-exception.prp	true	['../bench-defs/sv-benchmarks/java/common', '../bench-defs/sv-benchmarks/java/MinePump/spec1-5_product24']	990956d3d993da6defa749bb5283dc48c2309cafd0f7d5b75e27ded9b1eb5e62
../bench-defs/sv-benchmarks/java/MinePump/spec1-5_product25.yml	../bench-defs/sv-benchmarks/java/properties/no-runtime-exception.prp	true	['../bench-defs/sv-benchmarks/java/common', '../bench-defs/sv-benchmarks/java/MinePump/spec1-5_product25']	694949226fe9eac0ebf235358981ce0667bf40ed4f8aeea7ed631a782761bb3a
../bench-defs/sv-benchmarks/java/MinePump/spec1-5_product26.yml	../bench-defs/sv-benchmarks/java/properties/no-runtime-exception.prp	true	['../bench-defs/sv-benchmarks/java/common', '../bench-defs/sv-benchmarks/java/MinePump/spec1-5_product26']	11023b4c8f9c3886d4237ff91786330ce362c4f8e49e516f8a7df95798698aa6
../bench-defs/sv-benchmarks/java/MinePump/spec1-5_product27.yml	../bench-defs/sv-benchmarks/java/properties/no-runtime-exception.prp	true	['../bench-defs/sv-benchmarks/java/common', '../bench-defs/sv-benchmarks/java/MinePump/spec1-5_product27']	cd070bda2474c8753665927573ce2668d931c95b765d266cc001c69d9419077d
../bench-defs/sv-benchmarks/java/MinePump/spec1-5_product28.yml	../bench-defs/sv-benchmarks/java/properties/no-runtime-exception.prp	true	['../bench-defs/sv-benchmarks/java/common', '../bench-defs/sv-benchmarks/java/MinePump/spec1-5_product28']	a189bf2da89b6585bad7dc7ce858298e779044a3aac125dd3982b7742035af42
../bench-defs/sv-benchmarks/java/MinePump/spec1-5_product29.yml	../bench-defs/sv-benchmarks/java/properties/no-runtime-exception.prp	true	['../bench-defs/sv-benchmarks/java/common', '../bench-defs/sv-benchmarks/java/MinePump/spec1-5_product29']	2835a909cab6e9a009acbffd3e81188c12092c54ca1c003c8348fc121c91aa3c
../bench-defs/sv-benchmarks/java/MinePump/spec1-5_product3.yml	../bench-defs/sv-benchmarks/java/properties/no-runtime-exception.prp	true	['../bench-defs/sv-benchmarks/java/common', '../bench-defs/sv-benchmarks/java/MinePump/spec1-5_product3']	cd89d17b6160dcd7a0f136eb597d108131b316735c376f2c1bb9259139b4e681
../bench-defs/sv-benchmarks/java/MinePump/spec1-5_product30.yml	../bench-defs/sv-benchmarks/java/properties/no-runtime-exception.prp	true	['../bench-defs/sv-benchmarks/java/common', '../bench-defs/sv-benchmarks/java/MinePump/spec1-5_product30']	4ba23c3e2fde930cda9d007a514ebe59001e9a734f9975448799d8aceef7bbf2
../bench-defs/sv-benchmarks/java/MinePump/spec1-5_product31.yml	../bench-defs/sv-benchmarks/java/properties/no-runtime-exception.prp	true	['../bench-defs/sv-benchmarks/java/common', '../bench-defs/sv-benchmarks/java/MinePump/spec1-5_product31']	c26d85525c263b206556a8e8d6ea023718f9f3706ea8be4a19c166dc5198330a
../bench-defs/sv-benchmarks/java/MinePump/spec1-5_product32.yml	../bench-defs/sv-benchmarks/java/properties/no-runtime-exception.prp	true	['../bench-defs/sv-benchmarks/java/common', '../bench-defs/sv-benchmarks/java/MinePump/spec1-5_product32']	9944de25fe800ddfda397ce0c71ac331c2bef9d4f271c4af5928a93cc596d763
../bench-defs/sv-benchmarks/java/MinePump/spec1-5_product33.yml	../bench-defs/sv-benchmarks/java/properties/no-runtime-exception.prp	true	['../bench-defs/sv-benchmarks/java/common', '../bench-defs/sv-benchmarks/java/MinePump/spec1-5_product33']	e33a5871d9e65bee1f92e8cf8029fdcb580eeef23e7611f896bf7b1acaa284d1
../bench-defs/sv-benchmarks/java/MinePump/spec1-5_product34.yml	../bench-defs/sv-benchmarks/java/properties/no-runtime-exception.prp	true	['../bench-defs/sv-benchmarks/java/common', '../bench-defs/sv-benchmarks/java/MinePump/spec1-5_product34']	364ad0c7e44ccc0d99b90736cecddda395b65e7ceedf67a935f252f576c95313
../bench-defs/sv-benchmarks/java/MinePump/spec1-5_product35.yml	../bench-defs/sv-benchmarks/java/properties/no-runtime-exception.prp	true	['../bench-defs/sv-benchmarks/java/common', '../bench-defs/sv-benchmarks/java/MinePump/spec1-5_product35']	b0837bc3e875e012f02b507d1c24248d839f66b6cceb35aa9c05f513ae1cda41
../bench-defs/sv-benchmarks/java/MinePump/spec1-5_product36.yml	../bench-defs/sv-benchmarks/java/properties/no-runtime-exception.prp	true	['../bench-defs/sv-benchmarks/java/common', '../bench-defs/sv-benchmarks/java/MinePump/spec1-5_product36']	e72d4558c3cc869bb171fd298ba020e0f3c637931c2921bc4a0317c25cf65c84
../bench-defs/sv-benchmarks/java/MinePump/spec1-5_product37.yml	../bench-defs/sv-benchmarks/java/properties/no-runtime-exception.prp	true	['../bench-defs/sv-benchmarks/java/common', '../bench-defs/sv-benchmarks/java/MinePump/spec1-5_product37']	0ba52c7e34ff4831ce03c75d1238f44545641c7f5f4c816d564fa69146d23aad
../bench-defs/sv-benchmarks/java/MinePump/spec1-5_product38.yml	../bench-defs/sv-benchmarks/java/properties/no-runtime-exception.prp	true	['../bench-defs/sv-benchmarks/java/common', '../bench-defs/sv-benchmarks/java/MinePump/spec1-5_product38']	32dc5004e89a46710c5f6aacec2092dcac99dd059bdb5133ba41d294a4520198
../bench-defs/sv-benchmarks/java/MinePump/spec1-5_product39.yml	../bench-defs/sv-benchmarks/java/properties/no-runtime-exception.prp	true	['../bench-defs/sv-benchmarks/java/common', '../bench-defs/sv-benchmarks/java/MinePump/spec1-5_product39']	9cd8cb1bfbdd8414480c7579309d493afce8fe446656ff535a2433c68c1819e9
../bench-defs/sv-benchmarks/java/MinePump/spec1-5_product4.yml	../bench-defs/sv-benchmarks/java/properties/no-runtime-exception.prp	true	['../bench-defs/sv-benchmarks/java/common', '../bench-defs/sv-benchmarks/java/MinePump/spec1-5_product4']	9b9bde4d437c0ae675fcc16ae65c4c86f654dc5a384dc362713d0e50579dd81e
../bench-defs/sv-benchmarks/java/MinePump/spec1-5_product40.yml	../bench-defs/sv-benchmarks/java/properties/no-runtime-exception.prp	true	['../bench-defs/sv-benchmarks/java/common', '../bench-defs/sv-benchmarks/java/MinePump/spec1-5_product40']	7ff948854afd6545d0ab0157dfcf8fe80a0426ae70b7167cc15a51c81a785de8
../bench-defs/sv-benchmarks/java/MinePump/spec1-5_product41.yml	../bench-defs/sv-benchmarks/java/properties/no-runtime-exception.prp	true	['../bench-defs/sv-benchmarks/java/common', '../bench-defs/sv-benchmarks/java/MinePump/spec1-5_product41']	3df5ae0db6ca587855d59adc506f2c7415e6c0d4baffd32ce94b648fa1621074
../bench-defs/sv-benchmarks/java/MinePump/spec1-5_product42.yml	../bench-defs/sv-benchmarks/java/properties/no-runtime-exception.prp	true	['../bench-defs/sv-benchmarks/java/common', '../bench-defs/sv-benchmarks/java/MinePump/spec1-5_product42']	4eb9f0a91599372aaaf7dbddd0a92a029a4d68978ac446d965322979a1aea110
../bench-defs/sv-benchmarks/java/MinePump/spec1-5_product43.yml	../bench-defs/sv-benchmarks/java/properties/no-runtime-exception.prp	true	['../bench-defs/sv-benchmarks/java/common', '../bench-defs/sv-benchmarks/java/MinePump/spec1-5_product43']	06c220abd34d1e3d547ca3a981ad16072fbef8288930f5d8f395c935919c1fdd
../bench-defs/sv-benchmarks/java/MinePump/spec1-5_product44.yml	../bench-defs/sv-benchmarks/java/properties/no-runtime-exception.prp	true	['../bench-defs/sv-benchmarks/java/common', '../bench-defs/sv-benchmarks/java/MinePump/spec1-5_product44']	5e788cea0754d76830dc39ca98445a1dfb307ec2b63c49aed54dc9e115287768
../bench-defs/sv-benchmarks/java/MinePump/spec1-5_product45.yml	../bench-defs/sv-benchmarks/java/properties/no-runtime-exception.prp	true	['../bench-defs/sv-benchmarks/java/common', '../bench-defs/sv-benchmarks/java/MinePump/spec1-5_product45']	3fc01f5cb0a2744231721252db89b2f1046cf64e2b37a6e3f6b86af22f25a430
../bench-defs/sv-benchmarks/java/MinePump/spec1-5_product46.yml	../bench-defs/sv-benchmarks/java/properties/no-runtime-exception.prp	true	['../bench-defs/sv-benchmarks/java/common', '../bench-defs/sv-benchmarks/java/MinePump/spec1-5_product46']	1e2072aeca0b5c7a08c750be8ec475b9654d1f8ed21236052ed341a431a27381
../bench-defs/sv-benchmarks/java/MinePump/spec1-5_product47.yml	../bench-defs/sv-benchmarks/java/properties/no-runtime-exception.prp	true	['../bench-defs/sv-benchmarks/java/common', '../bench-defs/sv-benchmarks/java/MinePump/spec1-5_product47']	c8372420360fba5636e3de3e254f7b6625361145e5e87a9519fedd41b038ee28
../bench-defs/sv-benchmarks/java/MinePump/spec1-5_product48.yml	../bench-defs/sv-benchmarks/java/properties/no-runtime-exception.prp	true	['../bench-defs/sv-benchmarks/java/common', '../bench-defs/sv-benchmarks/java/MinePump/spec1-5_product48']	e604eab0a3d651830af9de601ff0dfdd686cfa18120dac73a7adf78d1fcbc1ff
../bench-defs/sv-benchmarks/java/MinePump/spec1-5_product49.yml	../bench-defs/sv-benchmarks/java/properties/no-runtime-exception.prp	true	['../bench-defs/sv-benchmarks/java/common', '../bench-defs/sv-benchmarks/java/MinePump/spec1-5_product49']	897fd6261a5b7b4477968485f677e2d6396152bd07900ff3f67440b76812bf8a
../bench-defs/sv-benchmarks/java/MinePump/spec1-5_product5.yml	../bench-defs/sv-benchmarks/java/properties/no-runtime-exception.prp	true	['../bench-defs/sv-benchmarks/java/common', '../bench-defs/sv-benchmarks/java/MinePump/spec1-5_product5']	29f27a0c8b018c8f30a0ec5041ef7a13313228a72ae3e3dccd1547b5fb61fbb4
../bench-defs/sv-benchmarks/java/MinePump/spec1-5_product50.yml	../bench-defs/sv-benchmarks/java/properties/no-runtime-exception.prp	true	['../bench-defs/sv-benchmarks/java/common', '../bench-defs/sv-benchmarks/java/MinePump/spec1-5_product50']	d04bb55391210886a70e0702af8036977df2289cb00b831f603467310353d4f1
../bench-defs/sv-benchmarks/java/MinePump/spec1-5_product51.yml	../bench-defs/sv-benchmarks/java/properties/no-runtime-exception.prp	true	['../bench-defs/sv-benchmarks/java/common', '../bench-defs/sv-benchmarks/java/MinePump/spec1-5_product51']	974e5a97871433f351f3a8e2ac6362abdf1c6e76e4185ef1cfe3a398d7b67751
../bench-defs/sv-benchmarks/java/MinePump/spec1-5_product52.yml	../bench-defs/sv-benchmarks/java/properties/no-runtime-exception.prp	true	['../bench-defs/sv-benchmarks/java/common', '../bench-defs/sv-benchmarks/java/MinePump/spec1-5_product52']	b1c50dec3a66ae08833a4a38b733f7c3662c2bfc8d59ee7f74c84100ffe00a4b
../bench-defs/sv-benchmarks/java/MinePump/spec1-5_product53.yml	../bench-defs/sv-benchmarks/java/properties/no-runtime-exception.prp	true	['../bench-defs/sv-benchmarks/java/common', '../bench-defs/sv-benchmarks/java/MinePump/spec1-5_product53']	47683466253261690fb7c3d354eabf66d12369871899e6ef4fa86fc4afc53ad6
../bench-defs/sv-benchmarks/java/MinePump/spec1-5_product54.yml	../bench-defs/sv-benchmarks/java/properties/no-runtime-exception.prp	true	['../bench-defs/sv-benchmarks/java/common', '../bench-defs/sv-benchmarks/java/MinePump/spec1-5_product54']	50f34913f90a90720d1961188f5b98bdb5c9feba0fb2d9220a0f4633d52169ea
../bench-defs/sv-benchmarks/java/MinePump/spec1-5_product55.yml	../bench-defs/sv-benchmarks/java/properties/no-runtime-exception.prp	true	['../bench-defs/sv-benchmarks/java/common', '../bench-defs/sv-benchmarks/java/MinePump/spec1-5_product55']	f540a5e17d1a8821f9c28f470ac2ee1f051ba73204181e1c7fd173e6ddf2a1b7
../bench-defs/sv-benchmarks/java/MinePump/spec1-5_product56.yml	../bench-defs/sv-benchmarks/java/properties/no-runtime-exception.prp	true	['../bench-defs/sv-benchmarks/java/common', '../bench-defs/sv-benchmarks/java/MinePump/spec1-5_product56']	1d3f6fccea8105b629365a34874a3d60019dd6fd645948d2066d5c88df568522
../bench-defs/sv-benchmarks/java/MinePump/spec1-5_product57.yml	../bench-defs/sv-benchmarks/java/properties/no-runtime-exception.prp	true	['../bench-defs/sv-benchmarks/java/common', '../bench-defs/sv-benchmarks/java/MinePump/spec1-5_product57']	c871c9b0e4e173ed3e5cf46758cc29cd70ecfe18b8c7a013cfa4944eb1a420b1
../bench-defs/sv-benchmarks/java/MinePump/spec1-5_product58.yml	../bench-defs/sv-benchmarks/java/properties/no-runtime-exception.prp	true	['../bench-defs/sv-benchmarks/java/common', '../bench-defs/sv-benchmarks/java/MinePump/spec1-5_product58']	31ca3881e221fe4785800264f103788cbcb8d13def4a1f652def6d0c21645949
../bench-defs/sv-benchmarks/java/MinePump/spec1-5_product59.yml	../bench-defs/sv-benchmarks/java/properties/no-runtime-exception.prp	true	['../bench-defs/sv-benchmarks/java/common', '../bench-defs/sv-benchmarks/java/MinePump/spec1-5_product59']	75c6178d7946bf3e1258446f1a7c79e1df0f9f2ea7c05a7936d88c221b2ace06
../bench-defs/sv-benchmarks/java/MinePump/spec1-5_product6.yml	../bench-defs/sv-benchmarks/java/properties/no-runtime-exception.prp	true	['../bench-defs/sv-benchmarks/java/common', '../bench-defs/sv-benchmarks/java/MinePump/spec1-5_product6']	98415ddee257133cdcb6065ae5f9ecba0c2d41dd724ce6e0191448b02a26fdb8
../bench-defs/sv-benchmarks/java/MinePump/spec1-5_product60.yml	../bench-defs/sv-benchmarks/java/properties/no-runtime-exception.prp	true	['../bench-defs/sv-benchmarks/java/common', '../bench-defs/sv-benchmarks/java/MinePump/spec1-5_product60']	7f06e428c4923a84ab30cd116eae115adc2fafbeb1dd10fd3b7ef9fc52bde9c7
../bench-defs/sv-benchmarks/java/MinePump/spec1-5_product61.yml	../bench-defs/sv-benchmarks/java/properties/no-runtime-exception.prp	true	['../bench-defs/sv-benchmarks/java/common', '../bench-defs/sv-benchmarks/java/MinePump/spec1-5_product61']	991d79aafd2a71317483328ffb9ac8d9c27cdc9d99d92c4feb03b39b69d32420
../bench-defs/sv-benchmarks/java/MinePump/spec1-5_product62.yml	../bench-defs/sv-benchmarks/java/properties/no-runtime-exception.prp	true	['../bench-defs/sv-benchmarks/java/common', '../bench-defs/sv-benchmarks/java/MinePump/spec1-5_product62']	b6643d28bb6277d03465c86c0ccb0bf99053b70f79c2b614d7c9706ffedced0e
../bench-defs/sv-benchmarks/java/MinePump/spec1-5_product63.yml	../bench-defs/sv-benchmarks/java/properties/no-runtime-exception.prp	true	['../bench-defs/sv-benchmarks/java/common', '../bench-defs/sv-benchmarks/java/MinePump/spec1-5_product63']	001456459e6b21687cb523cc3adab468b652ba32558e559e1fa30846aec7f3f6
../bench-defs/sv-benchmarks/java/MinePump/spec1-5_product64.yml	../bench-defs/sv-benchmarks/java/properties/no-runtime-exception.prp	true	['../bench-defs/sv-benchmarks/java/common', '../bench-defs/sv-benchmarks/java/MinePump/spec1-5_product64']	3874fc0ab8e25b1e380acaeec418ec9b01e1a03ae7706f1eeec2366de458c8bd
../bench-defs/sv-benchmarks/java/MinePump/spec1-5_product7.yml	../bench-defs/sv-benchmarks/java/properties/no-runtime-exception.prp	true	['../bench-defs/sv-benchmarks/java/common', '../bench-defs/sv-benchmarks/java/MinePump/spec1-5_product7']	ce28ec4d992fab4df2186a54e17a48a3f1545460d53c0222aa88b1f8c3489b31
../bench-defs/sv-benchmarks/java/MinePump/spec1-5_product8.yml	../bench-defs/sv-benchmarks/java/properties/no-runtime-exception.prp	true	['../bench-defs/sv-benchmarks/java/common', '../bench-defs/sv-benchmarks/java/MinePump/spec1-5_product8']	40a8ba00aca61e334610d4126aa3180dba88265c66ba92c5855bc9b5264b663a
../bench-defs/sv-benchmarks/java/MinePump/spec1-5_product9.yml	../bench-defs/sv-benchmarks/java/properties/no-runtime-exception.prp	true	['../bench-defs/sv-benchmarks/java/common', '../bench-defs/sv-benchmarks/java/MinePump/spec1-5_product9']	6581d3900f3ee6c12aff3710b5ab64ee9b8695b8aff850e75c335cf37cb57cd7
../bench-defs/sv-benchmarks/java/algorithms/BellmanFord-FunSat01.yml	../bench-defs/sv-benchmarks/java/properties/no-runtime-exception.prp	true	['../bench-defs/sv-benchmarks/java/common', '../bench-defs/sv-benchmarks/java/algorithms/BellmanFord-FunSat01']	331bfeb1513c2e0ad1ffda25874d7325dc0d916b1b27d52e7a466c22a21ac824
../bench-defs/sv-benchmarks/java/algorithms/BellmanFord-FunSat02.yml	../bench-defs/sv-benchmarks/java/properties/no-runtime-exception.prp	true	['../bench-defs/sv-benchmarks/java/common', '../bench-defs/sv-benchmarks/java/algorithms/BellmanFord-FunSat02']	447df60fbb613f0503288c8886bcccc1c463e9fba7d0056516c94eb621fe454e
../bench-defs/sv-benchmarks/java/algorithms/BellmanFord-FunUnsat01.yml	../bench-defs/sv-benchmarks/java/properties/no-runtime-exception.prp	true	['../bench-defs/sv-benchmarks/java/common', '../bench-defs/sv-benchmarks/java/algorithms/BellmanFord-FunUnsat01']	372402030bd399abd6ec8b4431d5d6afdec39e17e691bb2ccb89e46080dfdd2d
../bench-defs/sv-benchmarks/java/algorithms/BellmanFord-FunUnsat02.yml	../bench-defs/sv-benchmarks/java/properties/no-runtime-exception.prp	true	['../bench-defs/sv-benchmarks/java/common', '../bench-defs/sv-benchmarks/java/algorithms/BellmanFord-FunUnsat02']	9e5aab9658739e05f91c3fdb4189f2175c98932f9941cf0537e8091bad313cb6
../bench-defs/sv-benchmarks/java/algorithms/BellmanFord-MemSat01.yml	../bench-defs/sv-benchmarks/java/properties/no-runtime-exception.prp	true	['../bench-defs/sv-benchmarks/java/common', '../bench-defs/sv-benchmarks/java/algorithms/BellmanFord-MemSat01']	23815b75e69dedff943ea46db9db0684fdc220166433f6a61349d6458dfb4a19
../bench-defs/sv-benchmarks/java/algorithms/BellmanFord-MemSat02.yml	../bench-defs/sv-benchmarks/java/properties/no-runtime-exception.prp	true	['../bench-defs/sv-benchmarks/java/common', '../bench-defs/sv-benchmarks/java/algorithms/BellmanFord-MemSat02']	27fd7f103928b9b266ca7b039bd85d69e737b1fbef2ba774b7939dd6cba0e176
../bench-defs/sv-benchmarks/java/algorithms/BellmanFord-MemUnsat01.yml	../bench-defs/sv-benchmarks/java/properties/no-runtime-exception.prp	true	['../bench-defs/sv-benchmarks/java/common', '../bench-defs/sv-benchmarks/java/algorithms/BellmanFord-MemUnsat01']	b9f007575444abc1e8297dcdb555cbadcf54e8154558552707d7ee5027e23c42
../bench-defs/sv-benchmarks/java/algorithms/BellmanFord-MemUnsat02.yml	../bench-defs/sv-benchmarks/java/properties/no-runtime-exception.prp	true	['../bench-defs/sv-benchmarks/java/common', '../bench-defs/sv-benchmarks/java/algorithms/BellmanFord-MemUnsat02']	8d571c3cc20733d41889104f682518f3d369e7365a22097737670e4fcb8f888a
../bench-defs/sv-benchmarks/java/algorithms/BinaryTreeSearch-FunSat01.yml	../bench-defs/sv-benchmarks/java/properties/no-runtime-exception.prp	true	['../bench-defs/sv-benchmarks/java/common', '../bench-defs/sv-benchmarks/java/algorithms/BinaryTreeSearch-FunSat01']	8860edb3e21e5df8fbe7dcdc95a189d49ae3890ee17fda7375962fd51dbacab0
../bench-defs/sv-benchmarks/java/algorithms/BinaryTreeSearch-FunUnsat01.yml	../bench-defs/sv-benchmarks/java/properties/no-runtime-exception.prp	true	['../bench-defs/sv-benchmarks/java/common', '../bench-defs/sv-benchmarks/java/algorithms/BinaryTreeSearch-FunUnsat01']	e6d401e677ecad3d962c805c47b289f6f2ad5212a3419be7f1d0b4cf99766a32
../bench-defs/sv-benchmarks/java/algorithms/BinaryTreeSearch-MemSat01.yml	../bench-defs/sv-benchmarks/java/properties/no-runtime-exception.prp	true	['../bench-defs/sv-benchmarks/java/common', '../bench-defs/sv-benchmarks/java/algorithms/BinaryTreeSearch-MemSat01']	b2bac9c2978c6d58ff302a46f96cd6c52ea261ba372a2ff4b093775be79b42cd
../bench-defs/sv-benchmarks/java/algorithms/BinaryTreeSearch-MemUnsat01.yml	../bench-defs/sv-benchmarks/java/properties/no-runtime-exception.prp	true	['../bench-defs/sv-benchmarks/java/common', '../bench-defs/sv-benchmarks/java/algorithms/BinaryTreeSearch-MemUnsat01']	e43dd9869f1bf74ef35973739ca43fa7a592773a5f6baf0a66d8f45c7a2b55ed
../bench-defs/sv-benchmarks/java/algorithms/BinaryTreeSearch-MemUnsat02.yml	../bench-defs/sv-benchmarks/java/properties/no-runtime-exception.prp	true	['../bench-defs/sv-benchmarks/java/common', '../bench-defs/sv-benchmarks/java/algorithms/BinaryTreeSearch-MemUnsat02']	7eea71cd34a2da6d95713372389f7768389a60f7a04d150c5c405c6b4dfb8dfc
../bench-defs/sv-benchmarks/java/algorithms/InsertionSort-FunSat01.yml	../bench-defs/sv-benchmarks/java/properties/no-runtime-exception.prp	true	['../bench-defs/sv-benchmarks/java/common', '../bench-defs/sv-benchmarks/java/algorithms/InsertionSort-FunSat01']	1800f47875a0756491ac58a3f63ce29bcaccabc8bb90afa0d4403e43fe414dbf
../bench-defs/sv-benchmarks/java/algorithms/InsertionSort-FunSat02.yml	../bench-defs/sv-benchmarks/java/properties/no-runtime-exception.prp	true	['../bench-defs/sv-benchmarks/java/common', '../bench-defs/sv-benchmarks/java/algorithms/InsertionSort-FunSat02']	9a003964a26812ae43cc8c5b5162a2f6880325467366439a090ef08251c5f96f
../bench-defs/sv-benchmarks/java/algorithms/InsertionSort-FunUnsat01.yml	../bench-defs/sv-benchmarks/java/properties/no-runtime-exception.prp	true	['../bench-defs/sv-benchmarks/java/common', '../bench-defs/sv-benchmarks/java/algorithms/InsertionSort-FunUnsat01']	af2f0b30b1e172c4b74c54a6a4010b2b1e0bbc28a4f43cec2d8d2902807c7e8c
../bench-defs/sv-benchmarks/java/algorithms/InsertionSort-MemSat01.yml	../bench-defs/sv-benchmarks/java/properties/no-runtime-exception.prp	true	['../bench-defs/sv-benchmarks/java/common', '../bench-defs/sv-benchmarks/java/algorithms/InsertionSort-MemSat01']	4b9f308ed48689861c70fc0d2180ac655625bb4129244736a5f70bcddba434e9
../bench-defs/sv-benchmarks/java/algorithms/InsertionSort-MemUnsat01.yml	../bench-defs/sv-benchmarks/java/properties/no-runtime-exception.prp	true	['../bench-defs/sv-benchmarks/java/common', '../bench-defs/sv-benchmarks/java/algorithms/InsertionSort-MemUnsat01']	24a938defe2383f61d8014411f2a35d100b5a9bb3b9ee82831272460f3d6baf8
../bench-defs/sv-benchmarks/java/algorithms/MergeSortIterative-FunSat01.yml	../bench-defs/sv-benchmarks/java/properties/no-runtime-exception.prp	true	['../bench-defs/sv-benchmarks/java/common', '../bench-defs/sv-benchmarks/java/algorithms/MergeSortIterative-FunSat01']	6f8999de3b89f261c7f0ba002fc6a14abad144c38cf5964d33df997d44baf0c9
../bench-defs/sv-benchmarks/java/algorithms/MergeSortIterative-FunSat02.yml	../bench-defs/sv-benchmarks/java/properties/no-runtime-exception.prp	true	['../bench-defs/sv-benchmarks/java/common', '../bench-defs/sv-benchmarks/java/algorithms/MergeSortIterative-FunSat02']	1c5a4995e5a85f2ae5afe593d21dbee5974ea3e3aef0ea1a1beb0c8bd0fb4545
../bench-defs/sv-benchmarks/java/algorithms/MergeSortIterative-FunUnsat01.yml	../bench-defs/sv-benchmarks/java/properties/no-runtime-exception.prp	true	['../bench-defs/sv-benchmarks/java/common', '../bench-defs/sv-benchmarks/java/algorithms/MergeSortIterative-FunUnsat01']	7a717ec57d78f9560b26ec0f87628fba2ff0365a2d6df4ec4006ce1f6e62bb70
../bench-defs/sv-benchmarks/java/algorithms/MergeSortIterative-MemSat01.yml	../bench-defs/sv-benchmarks/java/properties/no-runtime-exception.prp	true	['../bench-defs/sv-benchmarks/java/common', '../bench-defs/sv-benchmarks/java/algorithms/MergeSortIterative-MemSat01']	a106fbd3d3283012bc72d8adabc4c9aecf7d669e049e61ca12504e4201e35f3d
../bench-defs/sv-benchmarks/java/algorithms/MergeSortIterative-MemUnsat01.yml	../bench-defs/sv-benchmarks/java/properties/no-runtime-exception.prp	true	['../bench-defs/sv-benchmarks/java/common', '../bench-defs/sv-benchmarks/java/algorithms/MergeSortIterative-MemUnsat01']	79083a6cec6681158cc55ef026f1adf76bb04c8c15702ac989a091d4f712d88e
../bench-defs/sv-benchmarks/java/algorithms/RedBlackTree-FunSat01.yml	../bench-defs/sv-benchmarks/java/properties/no-runtime-exception.prp	true	['../bench-defs/sv-benchmarks/java/common', '../bench-defs/sv-benchmarks/java/algorithms/RedBlackTree-FunSat01', '../bench-defs/sv-benchmarks/java/algorithms/RedBlackTree-FunSat01/rbtree']	ff4d2145fc166dc51c8f04796b933c5f52f2df23772825cb175b2e14cc71646c
../bench-defs/sv-benchmarks/java/algorithms/RedBlackTree-FunUnsat01.yml	../bench-defs/sv-benchmarks/java/properties/no-runtime-exception.prp	true	['../bench-defs/sv-benchmarks/java/common', '../bench-defs/sv-benchmarks/java/algorithms/RedBlackTree-FunUnsat01', '../bench-defs/sv-benchmarks/java/algorithms/RedBlackTree-FunUnsat01/rbtree']	bf0d64d6145bb48f9ac56332724cc98a6a4d993e3a9ac33cff517954b50d3cda
../bench-defs/sv-benchmarks/java/algorithms/RedBlackTree-MemSat01.yml	../bench-defs/sv-benchmarks/java/properties/no-runtime-exception.prp	true	['../bench-defs/sv-benchmarks/java/common', '../bench-defs/sv-benchmarks/java/algorithms/RedBlackTree-MemSat01', '../bench-defs/sv-benchmarks/java/algorithms/RedBlackTree-MemSat01/rbtree']	def843913298cf2c38db5ab5f57bbbc4de10a09483adb960fb7c1ecaca1ad3a6
../bench-defs/sv-benchmarks/java/algorithms/RedBlackTree-MemUnsat01.yml	../bench-defs/sv-benchmarks/java/properties/no-runtime-exception.prp	true	['../bench-defs/sv-benchmarks/java/common', '../bench-defs/sv-benchmarks/java/algorithms/RedBlackTree-MemUnsat01', '../bench-defs/sv-benchmarks/java/algorithms/RedBlackTree-MemUnsat01/rbtree']	4430ee57cc4e07dc03a15f1ca1d0d91f463f874dbf385cd9c6e5208b487514bd
../bench-defs/sv-benchmarks/java/algorithms/SortedListInsert-FunSat01.yml	../bench-defs/sv-benchmarks/java/properties/no-runtime-exception.prp	true	['../bench-defs/sv-benchmarks/java/common', '../bench-defs/sv-benchmarks/java/algorithms/SortedListInsert-FunSat01']	fc4353866370ca3d50243898ab345db51fdc32389428393797231a12af1c4aa5
../bench-defs/sv-benchmarks/java/algorithms/SortedListInsert-FunSat02.yml	../bench-defs/sv-benchmarks/java/properties/no-runtime-exception.prp	true	['../bench-defs/sv-benchmarks/java/common', '../bench-defs/sv-benchmarks/java/algorithms/SortedListInsert-FunSat02']	6deb774597602bd5b1d9c347c4cbe9b1cb7d382c1f384581664859a0c35e4581
../bench-defs/sv-benchmarks/java/algorithms/SortedListInsert-FunUnsat01.yml	../bench-defs/sv-benchmarks/java/properties/no-runtime-exception.prp	true	['../bench-defs/sv-benchmarks/java/common', '../bench-defs/sv-benchmarks/java/algorithms/SortedListInsert-FunUnsat01']	d3ff92be411b04d64c0da92f469bcebc2c00f4d99622cc73d32366fecd6d273b
../bench-defs/sv-benchmarks/java/algorithms/SortedListInsert-MemSat01.yml	../bench-defs/sv-benchmarks/java/properties/no-runtime-exception.prp	true	['../bench-defs/sv-benchmarks/java/common', '../bench-defs/sv-benchmarks/java/algorithms/SortedListInsert-MemSat01']	7edb76fa7b8fd2cf9d8912661195cc71a0e10877500d48d4eeac9d1f6a72a2be
../bench-defs/sv-benchmarks/java/algorithms/SortedListInsert-MemUnsat01.yml	../bench-defs/sv-benchmarks/java/properties/no-runtime-exception.prp	true	['../bench-defs/sv-benchmarks/java/common', '../bench-defs/sv-benchmarks/java/algorithms/SortedListInsert-MemUnsat01']	6254d6da142fb86d994cd7c52014363d99bb0c68c494025127d9c772d88f9884
../bench-defs/sv-benchmarks/java/algorithms/Trie-FunSat01.yml	../bench-defs/sv-benchmarks/java/properties/no-runtime-exception.prp	true	['../bench-defs/sv-benchmarks/java/common', '../bench-defs/sv-benchmarks/java/algorithms/Trie-FunSat01']	ab03e9590a7c7b8da020b527524526bba8867e15e7bcb7875c81ef16beadead6
../bench-defs/sv-benchmarks/java/algorithms/Trie-FunUnsat01.yml	../bench-defs/sv-benchmarks/java/properties/no-runtime-exception.prp	true	['../bench-defs/sv-benchmarks/java/common', '../bench-defs/sv-benchmarks/java/algorithms/Trie-FunUnsat01']	461d11240f46b7e65b742ffe27de789396932d8c1317fb5dc9392af910509115
../bench-defs/sv-benchmarks/java/algorithms/Trie-MemSat01.yml	../bench-defs/sv-benchmarks/java/properties/no-runtime-exception.prp	true	['../bench-defs/sv-benchmarks/java/common', '../bench-defs/sv-benchmarks/java/algorithms/Trie-MemSat01']	7fa0b4ecde59e19135d9a0facb002b677c84c853a5aa783ce648cd6f0d948e06
../bench-defs/sv-benchmarks/java/algorithms/Trie-MemUnsat01.yml	../bench-defs/sv-benchmarks/java/properties/no-runtime-exception.prp	true	['../bench-defs/sv-benchmarks/java/common', '../bench-defs/sv-benchmarks/java/algorithms/Trie-MemUnsat01']	1f969294d407288fb8788c3862d88df5a70eb07d1bc7951875d2f0e10a11efed
../bench-defs/sv-benchmarks/java/algorithms/Tsp-FunSat01.yml	../bench-defs/sv-benchmarks/java/properties/no-runtime-exception.prp	true	['../bench-defs/sv-benchmarks/java/common', '../bench-defs/sv-benchmarks/java/algorithms/Tsp-FunSat01']	5974e7c2d7605a503cc44669e1e99b0d13bb883d29431010752a479a13c7441f
../bench-defs/sv-benchmarks/java/algorithms/Tsp-FunUnsat01.yml	../bench-defs/sv-benchmarks/java/properties/no-runtime-exception.prp	true	['../bench-defs/sv-benchmarks/java/common', '../bench-defs/sv-benchmarks/java/algorithms/Tsp-FunUnsat01']	55c24c1a4903313601ee25d3f4f6e613e2436ddf4af68688786fdf4375deaf49
../bench-defs/sv-benchmarks/java/algorithms/Tsp-MemSat01.yml	../bench-defs/sv-benchmarks/java/properties/no-runtime-exception.prp	true	['../bench-defs/sv-benchmarks/java/common', '../bench-defs/sv-benchmarks/java/algorithms/Tsp-MemSat01']	10589f63b183002f806578efaebfa765962f001efdff43fc3a72eae56453ff9a
../bench-defs/sv-benchmarks/java/algorithms/Tsp-MemUnsat01.yml	../bench-defs/sv-benchmarks/java/properties/no-runtime-exception.prp	true	['../bench-defs/sv-benchmarks/java/common', '../bench-defs/sv-benchmarks/java/algorithms/Tsp-MemUnsat01']	8f907eb83988d1365710614eb1aee520b1e94d6c52e366ea579a2f61bfd64d28
../bench-defs/sv-benchmarks/java/juliet-java/CWE369_Divide_by_Zero__float_connect_tcp_divide_01_bad.yml	../bench-defs/sv-benchmarks/java/properties/no-runtime-exception.prp	true	['../bench-defs/sv-benchmarks/java/common', '../bench-defs/sv-benchmarks/java/juliet-java/testcasesupport', '../bench-defs/sv-benchmarks/java/juliet-java/CWE369_Divide_by_Zero__float_connect_tcp_divide_01_bad']	86c00695305aae00df0d401cbbedc9bcb24888e10fbe4190da01e9494c41f7cd
../bench-defs/sv-benchmarks/java/juliet-java/CWE369_Divide_by_Zero__float_connect_tcp_divide_01_bad_version2.yml	../bench-defs/sv-benchmarks/java/properties/no-runtime-exception.prp	true	['../bench-defs/sv-benchmarks/java/common', '../bench-defs/sv-benchmarks/java/juliet-java/testcasesupport', '../bench-defs/sv-benchmarks/java/juliet-java/CWE369_Divide_by_Zero__float_connect_tcp_divide_01_bad_version2']	f1055d2f9f4b57f11223699058b51f45cb721d0800b16a2dfece9e74799f31d2
../bench-defs/sv-benchmarks/java/juliet-java/CWE369_Divide_by_Zero__float_connect_tcp_divide_01_good.yml	../bench-defs/sv-benchmarks/java/properties/no-runtime-exception.prp	true	['../bench-defs/sv-benchmarks/java/common', '../bench-defs/sv-benchmarks/java/juliet-java/testcasesupport', '../bench-defs/sv-benchmarks/java/juliet-java/CWE369_Divide_by_Zero__float_connect_tcp_divide_01_good']	0a67f74df5f650d2a19d481fe74b4df779d04d4263a92863022d3539736c32c5
../bench-defs/sv-benchmarks/java/juliet-java/CWE369_Divide_by_Zero__float_connect_tcp_divide_81a_bad.yml	../bench-defs/sv-benchmarks/java/properties/no-runtime-exception.prp	true	['../bench-defs/sv-benchmarks/java/common', '../bench-defs/sv-benchmarks/java/juliet-java/testcasesupport', '../bench-defs/sv-benchmarks/java/juliet-java/CWE369_Divide_by_Zero__float_connect_tcp_divide_81a_bad']	31c724e3bb79c164183115961d245baeea03f7955742195e216ec1bac3f5494e
../bench-defs/sv-benchmarks/java/juliet-java/CWE369_Divide_by_Zero__float_connect_tcp_divide_81a_bad_version2.yml	../bench-defs/sv-benchmarks/java/properties/no-runtime-exception.prp	true	['../bench-defs/sv-benchmarks/java/common', '../bench-defs/sv-benchmarks/java/juliet-java/testcasesupport', '../bench-defs/sv-benchmarks/java/juliet-java/CWE369_Divide_by_Zero__float_connect_tcp_divide_81a_bad_version2']	1f7cdab4aa73a9399650aba5985c08ed10f2886215cfcaf5d74bc8e50ef0c552
../bench-defs/sv-benchmarks/java/juliet-java/CWE369_Divide_by_Zero__float_connect_tcp_divide_81a_good.yml	../bench-defs/sv-benchmarks/java/properties/no-runtime-exception.prp	true	['../bench-defs/sv-benchmarks/java/common', '../bench-defs/sv-benchmarks/java/juliet-java/testcasesupport', '../bench-defs/sv-benchmarks/java/juliet-java/CWE369_Divide_by_Zero__float_connect_tcp_divide_81a_good']	bf5e86b2b1c92c33af8b9d286019ececea4141ea84582fed027eafb39468b790
../bench-defs/sv-benchmarks/java/juliet-java/CWE369_Divide_by_Zero__float_console_readLine_divide_54_bad.yml	../bench-defs/sv-benchmarks/java/properties/no-runtime-exception.prp	true	['../bench-defs/sv-benchmarks/java/common', '../bench-defs/sv-benchmarks/java/juliet-java/testcasesupport', '../bench-defs/sv-benchmarks/java/juliet-java/CWE369_Divide_by_Zero__float_console_readLine_divide_54_bad']	9b29c810523113296eb11296fe0e7838d8f6f2e031117c1dc437f0b524971bfa
../bench-defs/sv-benchmarks/java/juliet-java/CWE369_Divide_by_Zero__float_console_readLine_divide_54_bad_version2.yml	../bench-defs/sv-benchmarks/java/properties/no-runtime-exception.prp	true	['../bench-defs/sv-benchmarks/java/common', '../bench-defs/sv-benchmarks/java/juliet-java/testcasesupport', '../bench-defs/sv-benchmarks/java/juliet-java/CWE369_Divide_by_Zero__float_console_readLine_divide_54_bad_version2']	3fe9e561632d01cb200617e066e9fb1b27b35146433218ffdadf54c1021db49f
../bench-defs/sv-benchmarks/java/juliet-java/CWE369_Divide_by_Zero__float_console_readLine_divide_54_good.yml	../bench-defs/sv-benchmarks/java/properties/no-runtime-exception.prp	true	['../bench-defs/sv-benchmarks/java/common', '../bench-defs/sv-benchmarks/java/juliet-java/testcasesupport', '../bench-defs/sv-benchmarks/java/juliet-java/CWE369_Divide_by_Zero__float_console_readLine_divide_54_good']	ee8ba18d3fda13062a520125a994f562bd67d7646f4a1942226ccb38936d2a44
../bench-defs/sv-benchmarks/java/jdart-regression/OverapproximationString01.yml	../bench-defs/sv-benchmarks/java/properties/no-runtime-exception.prp	true	['../bench-defs/sv-benchmarks/java/common', '../bench-defs/sv-benchmarks/java/jdart-regression/OverapproximationString01']	55fe78f89a647ba73712c859956666ba315999494897a8b69e5812c927ddbc80
../bench-defs/sv-benchmarks/java/jdart-regression/URLDecoder01.yml	../bench-defs/sv-benchmarks/java/properties/no-runtime-exception.prp	false	['../bench-defs/sv-benchmarks/java/common', '../bench-defs/sv-benchmarks/java/jdart-regression/URLDecoder01']	dd51a55739c2baf856bb8747c71997e29076fc7292cdc423779c27ef8375418c
../bench-defs/sv-benchmarks/java/jdart-regression/URLDecoder02.yml	../bench-defs/sv-benchmarks/java/properties/no-runtime-exception.prp	false	['../bench-defs/sv-benchmarks/java/common', '../bench-defs/sv-benchmarks/java/jdart-regression/URLDecoder02']	28e28eb046187079db894a8707dc6d9bcd27064f530bc35f45ac860272de74ce
../bench-defs/sv-benchmarks/java/jdart-regression/addition01.yml	../bench-defs/sv-benchmarks/java/properties/no-runtime-exception.prp	true	['../bench-defs/sv-benchmarks/java/common', '../bench-defs/sv-benchmarks/java/jdart-regression/addition01']	e103afebde77515d6269ecebeb6b7208702925fa6f7cb64c94afdf08a6837524
../bench-defs/sv-benchmarks/java/jdart-regression/array-iteration01.yml	../bench-defs/sv-benchmarks/java/properties/no-runtime-exception.prp	true	['../bench-defs/sv-benchmarks/java/common', '../bench-defs/sv-benchmarks/java/jdart-regression/array-iteration01']	e36d87890b36c1810219eec730a3523898ed7c0be619a2d254d831c2f421d267
../bench-defs/sv-benchmarks/java/jdart-regression/boundcheck100.yml	../bench-defs/sv-benchmarks/java/properties/no-runtime-exception.prp	true	['../bench-defs/sv-benchmarks/java/common', '../bench-defs/sv-benchmarks/java/jdart-regression/boundcheck100']	4b560c538788a13d49354ebf2da6441ecee1bb3eec1378d297aed33d48d5cd83
../bench-defs/sv-benchmarks/java/jdart-regression/boundcheck200.yml	../bench-defs/sv-benchmarks/java/properties/no-runtime-exception.prp	true	['../bench-defs/sv-benchmarks/java/common', '../bench-defs/sv-benchmarks/java/jdart-regression/boundcheck200']	64d3d9cf3750faa3d7d9360574f3d6b848d47ad49aa861de327be99117c9ce5c
../bench-defs/sv-benchmarks/java/jdart-regression/boundcheck30.yml	../bench-defs/sv-benchmarks/java/properties/no-runtime-exception.prp	true	['../bench-defs/sv-benchmarks/java/common', '../bench-defs/sv-benchmarks/java/jdart-regression/boundcheck30']	1a0d8015ed651c681c86b55b21bde044c3fe51647c905eb60f8691103afcdfa9
../bench-defs/sv-benchmarks/java/jdart-regression/double2long.yml	../bench-defs/sv-benchmarks/java/properties/no-runtime-exception.prp	true	['../bench-defs/sv-benchmarks/java/common', '../bench-defs/sv-benchmarks/java/jdart-regression/double2long']	e6b61ac9567cfc36bc05e24ab83b24311c45f17685780ea3438c99a381e2c8bd
../bench-defs/sv-benchmarks/java/jdart-regression/float.yml	../bench-defs/sv-benchmarks/java/properties/no-runtime-exception.prp	true	['../bench-defs/sv-benchmarks/java/common', '../bench-defs/sv-benchmarks/java/jdart-regression/float']	1a33b526465deccff0dd1a57a1c7b70c3b06a3b41b8aba427c60c6485ffead63
../bench-defs/sv-benchmarks/java/jdart-regression/list2.yml	../bench-defs/sv-benchmarks/java/properties/no-runtime-exception.prp	true	['../bench-defs/sv-benchmarks/java/common', '../bench-defs/sv-benchmarks/java/jdart-regression/list2']	93fd0dba6c6f66120e9de9842b657328cdab029f594fc30d21406f9f1d6dd4dd
../bench-defs/sv-benchmarks/java/jdart-regression/radians.yml	../bench-defs/sv-benchmarks/java/properties/no-runtime-exception.prp	true	['../bench-defs/sv-benchmarks/java/common', '../bench-defs/sv-benchmarks/java/jdart-regression/radians']	f264b16eac36d5136ec289c9a5b2cba2d27b5b2a26383265ba8deced7823f7a8
../bench-defs/sv-benchmarks/java/jdart-regression/shifting.yml	../bench-defs/sv-benchmarks/java/properties/no-runtime-exception.prp	true	['../bench-defs/sv-benchmarks/java/common', '../bench-defs/sv-benchmarks/java/jdart-regression/shifting']	caf3b4ceedf92c78f10cd65aa4f9ed35f3ffdd593235155ddfcd91aab2877af2
../bench-defs/sv-benchmarks/java/jdart-regression/shifting2.yml	../bench-defs/sv-benchmarks/java/properties/no-runtime-exception.prp	true	['../bench-defs/sv-benchmarks/java/common', '../bench-defs/sv-benchmarks/java/jdart-regression/shifting2']	3f839628a0de7dd33cd2c8dd7046b2e8f6f8064f40e45fb41a8d55823dcfccad
../bench-defs/sv-benchmarks/java/jdart-regression/shifting3.yml	../bench-defs/sv-benchmarks/java/properties/no-runtime-exception.prp	true	['../bench-defs/sv-benchmarks/java/common', '../bench-defs/sv-benchmarks/java/jdart-regression/shifting3']	321dbce3178a73438d94a82cf0bcaa14199da938c4ef4e6f6a89aa34ca8ff89a
../bench-defs/sv-benchmarks/java/jdart-regression/startswith.yml	../bench-defs/sv-benchmarks/java/properties/no-runtime-exception.prp	true	['../bench-defs/sv-benchmarks/java/common', '../bench-defs/sv-benchmarks/java/jdart-regression/startswith']	d557938a377287a9e4f1c9386375fe7d5fba37392d63cdc1c807e23df7bf364b
../bench-defs/sv-benchmarks/java/securibench/Aliasing1.yml	../bench-defs/sv-benchmarks/java/properties/no-runtime-exception.prp	true	['../bench-defs/sv-benchmarks/java/common', '../bench-defs/sv-benchmarks/java/securibench/micro', '../bench-defs/sv-benchmarks/java/securibench/Aliasing1']	5d623684cbcc5100defd36487a40917eb9f837813f794b8897793b13748a36bf
../bench-defs/sv-benchmarks/java/securibench/Aliasing2.yml	../bench-defs/sv-benchmarks/java/properties/no-runtime-exception.prp	true	['../bench-defs/sv-benchmarks/java/common', '../bench-defs/sv-benchmarks/java/securibench/micro', '../bench-defs/sv-benchmarks/java/securibench/Aliasing2']	03ba6efbe93106e154f2aa1e80c632f9e61c167e3b1da13457f117f08f58db92
../bench-defs/sv-benchmarks/java/securibench/Aliasing3.yml	../bench-defs/sv-benchmarks/java/properties/no-runtime-exception.prp	true	['../bench-defs/sv-benchmarks/java/common', '../bench-defs/sv-benchmarks/java/securibench/micro', '../bench-defs/sv-benchmarks/java/securibench/Aliasing3']	97ae20c71ae3bb631b0668eed4e2c50e6b021f8ca33566211782bdfca0408333
../bench-defs/sv-benchmarks/java/securibench/Aliasing4.yml	../bench-defs/sv-benchmarks/java/properties/no-runtime-exception.prp	true	['../bench-defs/sv-benchmarks/java/common', '../bench-defs/sv-benchmarks/java/securibench/micro', '../bench-defs/sv-benchmarks/java/securibench/Aliasing4']	fbef0129d03e4436055624b3f1748ac74c3d4a2c74f68e1047db6aa0db30592b
../bench-defs/sv-benchmarks/java/securibench/Aliasing5.yml	../bench-defs/sv-benchmarks/java/properties/no-runtime-exception.prp	true	['../bench-defs/sv-benchmarks/java/common', '../bench-defs/sv-benchmarks/java/securibench/micro', '../bench-defs/sv-benchmarks/java/securibench/Aliasing5']	39f8a3b4b53cdc959230fec0855c3f4cdaf8e909b10b42b9a77e2cba9149ab1d
../bench-defs/sv-benchmarks/java/securibench/Aliasing6.yml	../bench-defs/sv-benchmarks/java/properties/no-runtime-exception.prp	true	['../bench-defs/sv-benchmarks/java/common', '../bench-defs/sv-benchmarks/java/securibench/micro', '../bench-defs/sv-benchmarks/java/securibench/Aliasing6']	cb475ce4cb54f33c87241f8bbc9545e7bbda27aec34afb3ff12c39130d9e5ec8
../bench-defs/sv-benchmarks/java/securibench/Arrays1.yml	../bench-defs/sv-benchmarks/java/properties/no-runtime-exception.prp	true	['../bench-defs/sv-benchmarks/java/common', '../bench-defs/sv-benchmarks/java/securibench/micro', '../bench-defs/sv-benchmarks/java/securibench/Arrays1']	93c5e341f33e851d27cc8d68681151e36a044c223ce10bf9ba71f32a42939bdb
../bench-defs/sv-benchmarks/java/securibench/Arrays10.yml	../bench-defs/sv-benchmarks/java/properties/no-runtime-exception.prp	false	['../bench-defs/sv-benchmarks/java/common', '../bench-defs/sv-benchmarks/java/securibench/micro', '../bench-defs/sv-benchmarks/java/securibench/Arrays10']	5c97249a4744aa49a5cfedbdd3b334956973beeeb923ddccdbfda54bcdf73d88
../bench-defs/sv-benchmarks/java/securibench/Arrays2.yml	../bench-defs/sv-benchmarks/java/properties/no-runtime-exception.prp	true	['../bench-defs/sv-benchmarks/java/common', '../bench-defs/sv-benchmarks/java/securibench/micro', '../bench-defs/sv-benchmarks/java/securibench/Arrays2']	bc2dad3f46518415035743b767f2908a5523923735c7661827aec818c530f7b8
../bench-defs/sv-benchmarks/java/securibench/Arrays3.yml	../bench-defs/sv-benchmarks/java/properties/no-runtime-exception.prp	true	['../bench-defs/sv-benchmarks/java/common', '../bench-defs/sv-benchmarks/java/securibench/micro', '../bench-defs/sv-benchmarks/java/securibench/Arrays3']	f5bf45b8760991ee7b9bbd6a627fb8ea24615356ed31984c66dba7c39b222fe5
../bench-defs/sv-benchmarks/java/securibench/Arrays4.yml	../bench-defs/sv-benchmarks/java/properties/no-runtime-exception.prp	true	['../bench-defs/sv-benchmarks/java/common', '../bench-defs/sv-benchmarks/java/securibench/micro', '../bench-defs/sv-benchmarks/java/securibench/Arrays4']	92e6cb03685f1b40addd5544277668fe4e6065f35b208317674c7375a9d67f32
../bench-defs/sv-benchmarks/java/securibench/Arrays5.yml	../bench-defs/sv-benchmarks/java/properties/no-runtime-exception.prp	true	['../bench-defs/sv-benchmarks/java/common', '../bench-defs/sv-benchmarks/java/securibench/micro', '../bench-defs/sv-benchmarks/java/securibench/Arrays5']	a1c93f516aafa0b8945b31f38a850a43ead94c057a0a6f296e62f9261eb2f16f
../bench-defs/sv-benchmarks/java/securibench/Arrays6.yml	../bench-defs/sv-benchmarks/java/properties/no-runtime-exception.prp	true	['../bench-defs/sv-benchmarks/java/common', '../bench-defs/sv-benchmarks/java/securibench/micro', '../bench-defs/sv-benchmarks/java/securibench/Arrays6']	2e14d8424482a180bf285078b5b4d90cd9b115384ed1ebf06c2a278654be3186
../bench-defs/sv-benchmarks/java/securibench/Arrays7.yml	../bench-defs/sv-benchmarks/java/properties/no-runtime-exception.prp	true	['../bench-defs/sv-benchmarks/java/common', '../bench-defs/sv-benchmarks/java/securibench/micro', '../bench-defs/sv-benchmarks/java/securibench/Arrays7']	1ed31072fcfbf076926ba07a16ad2aa24767da4f41d521f9e19f128538daaaf8
../bench-defs/sv-benchmarks/java/securibench/Arrays8.yml	../bench-defs/sv-benchmarks/java/properties/no-runtime-exception.prp	true	['../bench-defs/sv-benchmarks/java/common', '../bench-defs/sv-benchmarks/java/securibench/micro', '../bench-defs/sv-benchmarks/java/securibench/Arrays8']	58c8ea2b48c640ab6758d5b97b504e15ef93f7f731523a32025ff544bc7db4eb
../bench-defs/sv-benchmarks/java/securibench/Arrays9.yml	../bench-defs/sv-benchmarks/java/properties/no-runtime-exception.prp	true	['../bench-defs/sv-benchmarks/java/common', '../bench-defs/sv-benchmarks/java/securibench/micro', '../bench-defs/sv-benchmarks/java/securibench/Arrays9']	aa1d0972718781aa6adfea1b25b47591ebd9a8b068d3419f8cc7f7e4f8c56e24
../bench-defs/sv-benchmarks/java/securibench/Basic1.yml	../bench-defs/sv-benchmarks/java/properties/no-runtime-exception.prp	true	['../bench-defs/sv-benchmarks/java/common', '../bench-defs/sv-benchmarks/java/securibench/micro', '../bench-defs/sv-benchmarks/java/securibench/Basic1']	7eb4cc82cfcf9afcc4cfb7d7d34abd9d3e9378b0628d46170e9f10676714c037
../bench-defs/sv-benchmarks/java/securibench/Basic10.yml	../bench-defs/sv-benchmarks/java/properties/no-runtime-exception.prp	true	['../bench-defs/sv-benchmarks/java/common', '../bench-defs/sv-benchmarks/java/securibench/micro', '../bench-defs/sv-benchmarks/java/securibench/Basic10']	69e3a93e135f86388648b78ff5dede160b03b5dbf616ccd521f04fa5d4b92c40
../bench-defs/sv-benchmarks/java/securibench/Basic11.yml	../bench-defs/sv-benchmarks/java/properties/no-runtime-exception.prp	true	['../bench-defs/sv-benchmarks/java/common', '../bench-defs/sv-benchmarks/java/securibench/micro', '../bench-defs/sv-benchmarks/java/securibench/Basic11']	cc15e53cfe658aedcae61b53940d6aa9c351d0a959fbbfd83463041ddcae1b02
../bench-defs/sv-benchmarks/java/securibench/Basic12.yml	../bench-defs/sv-benchmarks/java/properties/no-runtime-exception.prp	true	['../bench-defs/sv-benchmarks/java/common', '../bench-defs/sv-benchmarks/java/securibench/micro', '../bench-defs/sv-benchmarks/java/securibench/Basic12']	9356d165519c013fd2cec8b4ce155ec85095027e2f233b0bfd0b5476fe071c4f
../bench-defs/sv-benchmarks/java/securibench/Basic15.yml	../bench-defs/sv-benchmarks/java/properties/no-runtime-exception.prp	true	['../bench-defs/sv-benchmarks/java/common', '../bench-defs/sv-benchmarks/java/securibench/micro', '../bench-defs/sv-benchmarks/java/securibench/Basic15']	dc0002e778d5a0031d0150fa80f9f78e237f8d7986bd35f57e5141b5eed467fd
../bench-defs/sv-benchmarks/java/securibench/Basic16.yml	../bench-defs/sv-benchmarks/java/properties/no-runtime-exception.prp	true	['../bench-defs/sv-benchmarks/java/common', '../bench-defs/sv-benchmarks/java/securibench/micro', '../bench-defs/sv-benchmarks/java/securibench/Basic16']	cbabe24648c0e419c84afa771e40884944cbdb4378526de97cee96cc7dd9c38d
../bench-defs/sv-benchmarks/java/securibench/Basic17.yml	../bench-defs/sv-benchmarks/java/properties/no-runtime-exception.prp	true	['../bench-defs/sv-benchmarks/java/common', '../bench-defs/sv-benchmarks/java/securibench/micro', '../bench-defs/sv-benchmarks/java/securibench/Basic17']	083058f193057a6de2f367c94b1f49f2d49ec259f2d661b28cd1f9d5db44d5d7
../bench-defs/sv-benchmarks/java/securibench/Basic18.yml	../bench-defs/sv-benchmarks/java/properties/no-runtime-exception.prp	true	['../bench-defs/sv-benchmarks/java/common', '../bench-defs/sv-benchmarks/java/securibench/micro', '../bench-defs/sv-benchmarks/java/securibench/Basic18']	27cc66aead232e3a4b30739489f46c9e3cfa3bdb63b4e206a516ce59ef24692c
../bench-defs/sv-benchmarks/java/securibench/Basic19.yml	../bench-defs/sv-benchmarks/java/properties/no-runtime-exception.prp	true	['../bench-defs/sv-benchmarks/java/common', '../bench-defs/sv-benchmarks/java/securibench/micro', '../bench-defs/sv-benchmarks/java/securibench/Basic19']	88d166aaab3f133304fed0aeff0affbd50852c41af92c852bba6d5e3e9f46510
../bench-defs/sv-benchmarks/java/securibench/Basic2.yml	../bench-defs/sv-benchmarks/java/properties/no-runtime-exception.prp	true	['../bench-defs/sv-benchmarks/java/common', '../bench-defs/sv-benchmarks/java/securibench/micro', '../bench-defs/sv-benchmarks/java/securibench/Basic2']	27dba7ab81bec5ffc3ac2489c77ba13885f1594e71fda77a80bdd20b8d9f1386
../bench-defs/sv-benchmarks/java/securibench/Basic20.yml	../bench-defs/sv-benchmarks/java/properties/no-runtime-exception.prp	true	['../bench-defs/sv-benchmarks/java/common', '../bench-defs/sv-benchmarks/java/securibench/micro', '../bench-defs/sv-benchmarks/java/securibench/Basic20']	483dd6b7bbc4fdf84ad1c5a50708d830f5adb61d5a13812e8c8c40c44e46482c
../bench-defs/sv-benchmarks/java/securibench/Basic21.yml	../bench-defs/sv-benchmarks/java/properties/no-runtime-exception.prp	true	['../bench-defs/sv-benchmarks/java/common', '../bench-defs/sv-benchmarks/java/securibench/micro', '../bench-defs/sv-benchmarks/java/securibench/Basic21']	1c5759fbabb73afdd456bee4bb887fa4d8282da67a5c600e1e00988531e27166
../bench-defs/sv-benchmarks/java/securibench/Basic24.yml	../bench-defs/sv-benchmarks/java/properties/no-runtime-exception.prp	true	['../bench-defs/sv-benchmarks/java/common', '../bench-defs/sv-benchmarks/java/securibench/micro', '../bench-defs/sv-benchmarks/java/securibench/Basic24']	ac69e5b81cbe0b7314a4175a353b222bff4a61a000d155576c737e5387ad87eb
../bench-defs/sv-benchmarks/java/securibench/Basic25.yml	../bench-defs/sv-benchmarks/java/properties/no-runtime-exception.prp	true	['../bench-defs/sv-benchmarks/java/common', '../bench-defs/sv-benchmarks/java/securibench/micro', '../bench-defs/sv-benchmarks/java/securibench/Basic25']	7894043e3f7ab37a51cde1feee68d78809e8b47bad6e91ec39681e5118627917
../bench-defs/sv-benchmarks/java/securibench/Basic26.yml	../bench-defs/sv-benchmarks/java/properties/no-runtime-exception.prp	true	['../bench-defs/sv-benchmarks/java/common', '../bench-defs/sv-benchmarks/java/securibench/micro', '../bench-defs/sv-benchmarks/java/securibench/Basic26']	4ebb571a2f4d72b39d684a2693269855e7704be1b7d481fe65cb63c19746f9ed
../bench-defs/sv-benchmarks/java/securibench/Basic27.yml	../bench-defs/sv-benchmarks/java/properties/no-runtime-exception.prp	true	['../bench-defs/sv-benchmarks/java/common', '../bench-defs/sv-benchmarks/java/securibench/micro', '../bench-defs/sv-benchmarks/java/securibench/Basic27']	89053dbdf09d3fd76e34218720290f676252a0edf1da53211b2e5f4c145bf59c
../bench-defs/sv-benchmarks/java/securibench/Basic28.yml	../bench-defs/sv-benchmarks/java/properties/no-runtime-exception.prp	true	['../bench-defs/sv-benchmarks/java/common', '../bench-defs/sv-benchmarks/java/securibench/micro', '../bench-defs/sv-benchmarks/java/securibench/Basic28']	b3c009424f860d483847e5bfb7e00fb5111325ce2a69358db314e6dc822e4db1
../bench-defs/sv-benchmarks/java/securibench/Basic29.yml	../bench-defs/sv-benchmarks/java/properties/no-runtime-exception.prp	true	['../bench-defs/sv-benchmarks/java/common', '../bench-defs/sv-benchmarks/java/securibench/micro', '../bench-defs/sv-benchmarks/java/securibench/Basic29']	599d99d037f5b704f9dc4de2c57d27788ea7f6e39e85c0d7967faab83f9dc2f4
../bench-defs/sv-benchmarks/java/securibench/Basic3.yml	../bench-defs/sv-benchmarks/java/properties/no-runtime-exception.prp	true	['../bench-defs/sv-benchmarks/java/common', '../bench-defs/sv-benchmarks/java/securibench/micro', '../bench-defs/sv-benchmarks/java/securibench/Basic3']	112d039756cc340a45eedfd5224c9f969fef02046616872933210acec5f2c359
../bench-defs/sv-benchmarks/java/securibench/Basic30.yml	../bench-defs/sv-benchmarks/java/properties/no-runtime-exception.prp	true	['../bench-defs/sv-benchmarks/java/common', '../bench-defs/sv-benchmarks/java/securibench/micro', '../bench-defs/sv-benchmarks/java/securibench/Basic30']	e684cda164bbfd7ff466eba188c7bb4e383fba4729deed3488e9c83504ce3f6e
../bench-defs/sv-benchmarks/java/securibench/Basic31.yml	../bench-defs/sv-benchmarks/java/properties/no-runtime-exception.prp	true	['../bench-defs/sv-benchmarks/java/common', '../bench-defs/sv-benchmarks/java/securibench/micro', '../bench-defs/sv-benchmarks/java/securibench/Basic31']	52e6b6fdafb67a99f360b87f04f6cc4d2d4ce02b99f3b0f124955009c3fb11ab
../bench-defs/sv-benchmarks/java/securibench/Basic32.yml	../bench-defs/sv-benchmarks/java/properties/no-runtime-exception.prp	true	['../bench-defs/sv-benchmarks/java/common', '../bench-defs/sv-benchmarks/java/securibench/micro', '../bench-defs/sv-benchmarks/java/securibench/Basic32']	5bb8505d552f5f484ee658ee1ac87c1ce4adc5a52eb3336903bb2888e3a09dce
../bench-defs/sv-benchmarks/java/securibench/Basic33.yml	../bench-defs/sv-benchmarks/java/properties/no-runtime-exception.prp	true	['../bench-defs/sv-benchmarks/java/common', '../bench-defs/sv-benchmarks/java/securibench/micro', '../bench-defs/sv-benchmarks/java/securibench/Basic33']	9b1dae1ea048f71d89a59382e797f35ca99deceb1350fed36a157c749fa7e905
../bench-defs/sv-benchmarks/java/securibench/Basic34.yml	../bench-defs/sv-benchmarks/java/properties/no-runtime-exception.prp	true	['../bench-defs/sv-benchmarks/java/common', '../bench-defs/sv-benchmarks/java/securibench/micro', '../bench-defs/sv-benchmarks/java/securibench/Basic34']	ab5c91d2d09170bf041e9c9b14a4c99f1fc1cb734fad178a3053e583ffb7462c
../bench-defs/sv-benchmarks/java/securibench/Basic35.yml	../bench-defs/sv-benchmarks/java/properties/no-runtime-exception.prp	true	['../bench-defs/sv-benchmarks/java/common', '../bench-defs/sv-benchmarks/java/securibench/micro', '../bench-defs/sv-benchmarks/java/securibench/Basic35']	d2ad3ef94b1f1369eea4a9bdfc039e8d19f25e4e7aee9d7d3b8d1dbb9b9e93a2
../bench-defs/sv-benchmarks/java/securibench/Basic37.yml	../bench-defs/sv-benchmarks/java/properties/no-runtime-exception.prp	true	['../bench-defs/sv-benchmarks/java/common', '../bench-defs/sv-benchmarks/java/securibench/micro', '../bench-defs/sv-benchmarks/java/securibench/Basic37']	fbb86f3c1b1d337fbd0d191ee17eb3e946dc53726bd8453beb85469d81826e35
../bench-defs/sv-benchmarks/java/securibench/Basic38.yml	../bench-defs/sv-benchmarks/java/properties/no-runtime-exception.prp	true	['../bench-defs/sv-benchmarks/java/common', '../bench-defs/sv-benchmarks/java/securibench/micro', '../bench-defs/sv-benchmarks/java/securibench/Basic38']	4eb35dc2c127fc67e2ec91a31ebdc204a2bb6c58e904195894eda8aa714f66d6
../bench-defs/sv-benchmarks/java/securibench/Basic39.yml	../bench-defs/sv-benchmarks/java/properties/no-runtime-exception.prp	true	['../bench-defs/sv-benchmarks/java/common', '../bench-defs/sv-benchmarks/java/securibench/micro', '../bench-defs/sv-benchmarks/java/securibench/Basic39']	c14f0cedda0b98cc09528ddfdf78eaa54c510e4a56877789439c7820279f33aa
../bench-defs/sv-benchmarks/java/securibench/Basic4.yml	../bench-defs/sv-benchmarks/java/properties/no-runtime-exception.prp	true	['../bench-defs/sv-benchmarks/java/common', '../bench-defs/sv-benchmarks/java/securibench/micro', '../bench-defs/sv-benchmarks/java/securibench/Basic4']	5ef6b3c10418a580ffcab7e27f5f5abfaca7df82e76ce0b52668e64d9145ad6f
../bench-defs/sv-benchmarks/java/securibench/Basic5.yml	../bench-defs/sv-benchmarks/java/properties/no-runtime-exception.prp	true	['../bench-defs/sv-benchmarks/java/common', '../bench-defs/sv-benchmarks/java/securibench/micro', '../bench-defs/sv-benchmarks/java/securibench/Basic5']	9ca02c10bd503f63839731397866b4b4ad26902c006e0a6bd9a45640492485ab
../bench-defs/sv-benchmarks/java/securibench/Basic6.yml	../bench-defs/sv-benchmarks/java/properties/no-runtime-exception.prp	true	['../bench-defs/sv-benchmarks/java/common', '../bench-defs/sv-benchmarks/java/securibench/micro', '../bench-defs/sv-benchmarks/java/securibench/Basic6']	5a08321a34cfc98c818e4cb931d86152607339d92b7ca9cb65cacbfd13be9aac
../bench-defs/sv-benchmarks/java/securibench/Basic7.yml	../bench-defs/sv-benchmarks/java/properties/no-runtime-exception.prp	true	['../bench-defs/sv-benchmarks/java/common', '../bench-defs/sv-benchmarks/java/securibench/micro', '../bench-defs/sv-benchmarks/java/securibench/Basic7']	8b563952013acf80a195d2ae70f25130baa3caee22c303580495829e882fe582
../bench-defs/sv-benchmarks/java/securibench/Basic8.yml	../bench-defs/sv-benchmarks/java/properties/no-runtime-exception.prp	true	['../bench-defs/sv-benchmarks/java/common', '../bench-defs/sv-benchmarks/java/securibench/micro', '../bench-defs/sv-benchmarks/java/securibench/Basic8']	1d408dde698bc1fc36d093e95e41cf82179cdda55f385659a126513bf4799d7f
../bench-defs/sv-benchmarks/java/securibench/Basic9.yml	../bench-defs/sv-benchmarks/java/properties/no-runtime-exception.prp	true	['../bench-defs/sv-benchmarks/java/common', '../bench-defs/sv-benchmarks/java/securibench/micro', '../bench-defs/sv-benchmarks/java/securibench/Basic9']	e63c98ec2b964c1ae51d9a5ecf2f14063c81b540154048c13ceba985a1aabd55
../bench-defs/sv-benchmarks/java/securibench/Collections1.yml	../bench-defs/sv-benchmarks/java/properties/no-runtime-exception.prp	true	['../bench-defs/sv-benchmarks/java/common', '../bench-defs/sv-benchmarks/java/securibench/micro', '../bench-defs/sv-benchmarks/java/securibench/Collections1']	2ccdaaeac006bc31709b0b7192ca4e287d0707da0a70b29ceeac9440730785df
../bench-defs/sv-benchmarks/java/securibench/Collections10.yml	../bench-defs/sv-benchmarks/java/properties/no-runtime-exception.prp	true	['../bench-defs/sv-benchmarks/java/common', '../bench-defs/sv-benchmarks/java/securibench/micro', '../bench-defs/sv-benchmarks/java/securibench/Collections10']	5c5b4c93941bcfd13b0800c5fede5783f9ce70596f630d6e9c014939fbfc700e
../bench-defs/sv-benchmarks/java/securibench/Collections12.yml	../bench-defs/sv-benchmarks/java/properties/no-runtime-exception.prp	true	['../bench-defs/sv-benchmarks/java/common', '../bench-defs/sv-benchmarks/java/securibench/micro', '../bench-defs/sv-benchmarks/java/securibench/Collections12']	57bea5db65c460165bad24690250b503a27e90ac475fb155a2a20e66e534cbc9
../bench-defs/sv-benchmarks/java/securibench/Collections13.yml	../bench-defs/sv-benchmarks/java/properties/no-runtime-exception.prp	true	['../bench-defs/sv-benchmarks/java/common', '../bench-defs/sv-benchmarks/java/securibench/micro', '../bench-defs/sv-benchmarks/java/securibench/Collections13']	c89a3baea76bc32f93af84a1f15a880113bca3a5961abdc9d859f64f369964b5
../bench-defs/sv-benchmarks/java/securibench/Collections14.yml	../bench-defs/sv-benchmarks/java/properties/no-runtime-exception.prp	true	['../bench-defs/sv-benchmarks/java/common', '../bench-defs/sv-benchmarks/java/securibench/micro', '../bench-defs/sv-benchmarks/java/securibench/Collections14']	cc3a90cf6cc870800bbbc21f921576b51cde1c6f1bb0bdd6c562342a4eefd5c4
../bench-defs/sv-benchmarks/java/securibench/Collections2.yml	../bench-defs/sv-benchmarks/java/properties/no-runtime-exception.prp	true	['../bench-defs/sv-benchmarks/java/common', '../bench-defs/sv-benchmarks/java/securibench/micro', '../bench-defs/sv-benchmarks/java/securibench/Collections2']	dffc805bff0ceeffd62d479fece04735bad8c0c5f686b31e859c6ab75f8cb574
../bench-defs/sv-benchmarks/java/securibench/Collections3.yml	../bench-defs/sv-benchmarks/java/properties/no-runtime-exception.prp	true	['../bench-defs/sv-benchmarks/java/common', '../bench-defs/sv-benchmarks/java/securibench/micro', '../bench-defs/sv-benchmarks/java/securibench/Collections3']	f9be9d4ab4505649283c263ff211688a7d757eef3802c4ce1013648b0b617d00
../bench-defs/sv-benchmarks/java/securibench/Collections4.yml	../bench-defs/sv-benchmarks/java/properties/no-runtime-exception.prp	true	['../bench-defs/sv-benchmarks/java/common', '../bench-defs/sv-benchmarks/java/securibench/micro', '../bench-defs/sv-benchmarks/java/securibench/Collections4']	3fc7b544fcc73f914804ae8d11aeeca5afbba7926623e15a5e26924f6d669d32
../bench-defs/sv-benchmarks/java/securibench/Collections5.yml	../bench-defs/sv-benchmarks/java/properties/no-runtime-exception.prp	true	['../bench-defs/sv-benchmarks/java/common', '../bench-defs/sv-benchmarks/java/securibench/micro', '../bench-defs/sv-benchmarks/java/securibench/Collections5']	7f6d061775faf55ddaa7d4fbf787824c94b046460c0f9b8d84eda3fe533bccce
../bench-defs/sv-benchmarks/java/securibench/Collections6.yml	../bench-defs/sv-benchmarks/java/properties/no-runtime-exception.prp	true	['../bench-defs/sv-benchmarks/java/common', '../bench-defs/sv-benchmarks/java/securibench/micro', '../bench-defs/sv-benchmarks/java/securibench/Collections6']	d862f0a3bab0dbec7982d68be98be8ba8b8a38fffcae6498f970875e7250a1a1
../bench-defs/sv-benchmarks/java/securibench/Collections7.yml	../bench-defs/sv-benchmarks/java/properties/no-runtime-exception.prp	true	['../bench-defs/sv-benchmarks/java/common', '../bench-defs/sv-benchmarks/java/securibench/micro', '../bench-defs/sv-benchmarks/java/securibench/Collections7']	0f35bd5fa31b0f8d1df4e466a043b2d777ef8c9be1d88f343c83f37cc4d1a97a
../bench-defs/sv-benchmarks/java/securibench/Collections8.yml	../bench-defs/sv-benchmarks/java/properties/no-runtime-exception.prp	true	['../bench-defs/sv-benchmarks/java/common', '../bench-defs/sv-benchmarks/java/securibench/micro', '../bench-defs/sv-benchmarks/java/securibench/Collections8']	dc6766d779c0964ac622351924201c2ef08553dbf0132fa3214c0698f376b11a
../bench-defs/sv-benchmarks/java/securibench/Collections9.yml	../bench-defs/sv-benchmarks/java/properties/no-runtime-exception.prp	false	['../bench-defs/sv-benchmarks/java/common', '../bench-defs/sv-benchmarks/java/securibench/micro', '../bench-defs/sv-benchmarks/java/securibench/Collections9']	5c4cd7781456b952f14b0d01f3016674711f8585b5768a49d7d0242471c9dbdc
../bench-defs/sv-benchmarks/java/securibench/Datastructures1.yml	../bench-defs/sv-benchmarks/java/properties/no-runtime-exception.prp	true	['../bench-defs/sv-benchmarks/java/common', '../bench-defs/sv-benchmarks/java/securibench/micro', '../bench-defs/sv-benchmarks/java/securibench/Datastructures1']	6dc44e672a83fccb0f8ce82f2416e91da4db95ad31328ab846fbdd8de5de37c3
../bench-defs/sv-benchmarks/java/securibench/Datastructures2.yml	../bench-defs/sv-benchmarks/java/properties/no-runtime-exception.prp	true	['../bench-defs/sv-benchmarks/java/common', '../bench-defs/sv-benchmarks/java/securibench/micro', '../bench-defs/sv-benchmarks/java/securibench/Datastructures2']	4f5923caccb7bb82400ab5f872cfb35f29dcc41dd21874079b5993e24e0b6db8
../bench-defs/sv-benchmarks/java/securibench/Datastructures3.yml	../bench-defs/sv-benchmarks/java/properties/no-runtime-exception.prp	true	['../bench-defs/sv-benchmarks/java/common', '../bench-defs/sv-benchmarks/java/securibench/micro', '../bench-defs/sv-benchmarks/java/securibench/Datastructures3']	9ed8aeb44ffbe37770f47483cb574536c3f52fb0e9232509cac11bdebfa7a42f
../bench-defs/sv-benchmarks/java/securibench/Datastructures4.yml	../bench-defs/sv-benchmarks/java/properties/no-runtime-exception.prp	true	['../bench-defs/sv-benchmarks/java/common', '../bench-defs/sv-benchmarks/java/securibench/micro', '../bench-defs/sv-benchmarks/java/securibench/Datastructures4']	d69c065353686904c617823cbba4b4b5f6e784b24b2170db019c31953385965d
../bench-defs/sv-benchmarks/java/securibench/Datastructures5.yml	../bench-defs/sv-benchmarks/java/properties/no-runtime-exception.prp	true	['../bench-defs/sv-benchmarks/java/common', '../bench-defs/sv-benchmarks/java/securibench/micro', '../bench-defs/sv-benchmarks/java/securibench/Datastructures5']	ca30d7ce82d9a4b758cce57ca1772519d1a58b8787204e6af57b6811c5328e33
../bench-defs/sv-benchmarks/java/securibench/Datastructures6.yml	../bench-defs/sv-benchmarks/java/properties/no-runtime-exception.prp	true	['../bench-defs/sv-benchmarks/java/common', '../bench-defs/sv-benchmarks/java/securibench/micro', '../bench-defs/sv-benchmarks/java/securibench/Datastructures6']	27f606c596d5290d7addabb85c192e658f1cc821e0c724ec3583fd74a175cf56
../bench-defs/sv-benchmarks/java/securibench/Factories1.yml	../bench-defs/sv-benchmarks/java/properties/no-runtime-exception.prp	true	['../bench-defs/sv-benchmarks/java/common', '../bench-defs/sv-benchmarks/java/securibench/micro', '../bench-defs/sv-benchmarks/java/securibench/Factories1']	c1bf3fd366c3f156f3db74c09c4fdf2020d2b36bb202f74143c91149c982f70c
../bench-defs/sv-benchmarks/java/securibench/Factories2.yml	../bench-defs/sv-benchmarks/java/properties/no-runtime-exception.prp	true	['../bench-defs/sv-benchmarks/java/common', '../bench-defs/sv-benchmarks/java/securibench/micro', '../bench-defs/sv-benchmarks/java/securibench/Factories2']	ece1c637313149f6b4174686b993208bf3b51783e391ecd99fe47e159adb37df
../bench-defs/sv-benchmarks/java/securibench/Factories3.yml	../bench-defs/sv-benchmarks/java/properties/no-runtime-exception.prp	true	['../bench-defs/sv-benchmarks/java/common', '../bench-defs/sv-benchmarks/java/securibench/micro', '../bench-defs/sv-benchmarks/java/securibench/Factories3']	1cb08311d150460d0876dbe5f2d2854985e9f7cbb0b2ae7644acb869f2e575de
../bench-defs/sv-benchmarks/java/securibench/Inter1.yml	../bench-defs/sv-benchmarks/java/properties/no-runtime-exception.prp	true	['../bench-defs/sv-benchmarks/java/common', '../bench-defs/sv-benchmarks/java/securibench/micro', '../bench-defs/sv-benchmarks/java/securibench/Inter1']	7574c158f1bf71f98624b2df7e0d67813cf73f8166a00844d0302f1003be4eb6
../bench-defs/sv-benchmarks/java/securibench/Inter10.yml	../bench-defs/sv-benchmarks/java/properties/no-runtime-exception.prp	true	['../bench-defs/sv-benchmarks/java/common', '../bench-defs/sv-benchmarks/java/securibench/micro', '../bench-defs/sv-benchmarks/java/securibench/Inter10']	05a60af93e67cdb74b69bc6fd56654b3ef1c47612380165bec0459b3223f15f8
../bench-defs/sv-benchmarks/java/securibench/Inter11.yml	../bench-defs/sv-benchmarks/java/properties/no-runtime-exception.prp	true	['../bench-defs/sv-benchmarks/java/common', '../bench-defs/sv-benchmarks/java/securibench/micro', '../bench-defs/sv-benchmarks/java/securibench/Inter11']	1b2a6bfa1942cc5c6f6593abd24974f415c91baf6aa2a6a9eec844eb62bd93d0
../bench-defs/sv-benchmarks/java/securibench/Inter12.yml	../bench-defs/sv-benchmarks/java/properties/no-runtime-exception.prp	true	['../bench-defs/sv-benchmarks/java/common', '../bench-defs/sv-benchmarks/java/securibench/micro', '../bench-defs/sv-benchmarks/java/securibench/Inter12']	f07418efcb5185e0c60d082f5cf493db01a0867aaadfce0ff628d5226a22c80c
../bench-defs/sv-benchmarks/java/securibench/Inter13.yml	../bench-defs/sv-benchmarks/java/properties/no-runtime-exception.prp	true	['../bench-defs/sv-benchmarks/java/common', '../bench-defs/sv-benchmarks/java/securibench/micro', '../bench-defs/sv-benchmarks/java/securibench/Inter13']	876cc92517e9da8435a60ec1593c602a55c7bb3d633b2751fc53f6a049ee84d1
../bench-defs/sv-benchmarks/java/securibench/Inter14.yml	../bench-defs/sv-benchmarks/java/properties/no-runtime-exception.prp	true	['../bench-defs/sv-benchmarks/java/common', '../bench-defs/sv-benchmarks/java/securibench/micro', '../bench-defs/sv-benchmarks/java/securibench/Inter14']	caddda98f8adcefe357325b210167a829a490e520228a0ae5c55fbddfab1da7f
../bench-defs/sv-benchmarks/java/securibench/Inter2.yml	../bench-defs/sv-benchmarks/java/properties/no-runtime-exception.prp	true	['../bench-defs/sv-benchmarks/java/common', '../bench-defs/sv-benchmarks/java/securibench/micro', '../bench-defs/sv-benchmarks/java/securibench/Inter2']	5a8be57cd26e4e108bc33dc98856a1ff0a40c2236cd00cc7c9282275ab63230b
../bench-defs/sv-benchmarks/java/securibench/Inter3.yml	../bench-defs/sv-benchmarks/java/properties/no-runtime-exception.prp	true	['../bench-defs/sv-benchmarks/java/common', '../bench-defs/sv-benchmarks/java/securibench/micro', '../bench-defs/sv-benchmarks/java/securibench/Inter3']	a0633f10b71bc9d57dad42e0dd0bff277322efe59a0d5c40fe081be64b3ab2ec
../bench-defs/sv-benchmarks/java/securibench/Inter4.yml	../bench-defs/sv-benchmarks/java/properties/no-runtime-exception.prp	true	['../bench-defs/sv-benchmarks/java/common', '../bench-defs/sv-benchmarks/java/securibench/micro', '../bench-defs/sv-benchmarks/java/securibench/Inter4']	f4f604a1942eff6f4b01513f9ee89341ba3db045e12489b0c50ce755b3e164a0
../bench-defs/sv-benchmarks/java/securibench/Inter5.yml	../bench-defs/sv-benchmarks/java/properties/no-runtime-exception.prp	true	['../bench-defs/sv-benchmarks/java/common', '../bench-defs/sv-benchmarks/java/securibench/micro', '../bench-defs/sv-benchmarks/java/securibench/Inter5']	ecef4af1aaa2c0f29dfa9450d63d625a6ef93a14799c371b6da47df85e3b07bf
../bench-defs/sv-benchmarks/java/securibench/Inter6.yml	../bench-defs/sv-benchmarks/java/properties/no-runtime-exception.prp	true	['../bench-defs/sv-benchmarks/java/common', '../bench-defs/sv-benchmarks/java/securibench/micro', '../bench-defs/sv-benchmarks/java/securibench/Inter6']	49d541a853e8fe398597d927ab596fccabe34ba68de7f588f3f8c0769578b00d
../bench-defs/sv-benchmarks/java/securibench/Inter7.yml	../bench-defs/sv-benchmarks/java/properties/no-runtime-exception.prp	true	['../bench-defs/sv-benchmarks/java/common', '../bench-defs/sv-benchmarks/java/securibench/micro', '../bench-defs/sv-benchmarks/java/securibench/Inter7']	be14709d44eef48b825116ca2354550e240ca831bc7ab45599a93eed3e1e9b7e
../bench-defs/sv-benchmarks/java/securibench/Inter8.yml	../bench-defs/sv-benchmarks/java/properties/no-runtime-exception.prp	true	['../bench-defs/sv-benchmarks/java/common', '../bench-defs/sv-benchmarks/java/securibench/micro', '../bench-defs/sv-benchmarks/java/securibench/Inter8']	5dc517d7519cc1a73f28412e3ca602a1ee14a449a52028a91b1c25513da6ebfb
../bench-defs/sv-benchmarks/java/securibench/Inter9.yml	../bench-defs/sv-benchmarks/java/properties/no-runtime-exception.prp	true	['../bench-defs/sv-benchmarks/java/common', '../bench-defs/sv-benchmarks/java/securibench/micro', '../bench-defs/sv-benchmarks/java/securibench/Inter9']	134340b1fbddc849300f53ec5b345eb22a3ddb0c96d6e7068a72fd5cd7d7368a
../bench-defs/sv-benchmarks/java/securibench/Pred1.yml	../bench-defs/sv-benchmarks/java/properties/no-runtime-exception.prp	true	['../bench-defs/sv-benchmarks/java/common', '../bench-defs/sv-benchmarks/java/securibench/micro', '../bench-defs/sv-benchmarks/java/securibench/Pred1']	c23b7c1956573a68e5b6deec22747861b4fe25bbff644f9597178a2554fe868f
../bench-defs/sv-benchmarks/java/securibench/Pred2.yml	../bench-defs/sv-benchmarks/java/properties/no-runtime-exception.prp	true	['../bench-defs/sv-benchmarks/java/common', '../bench-defs/sv-benchmarks/java/securibench/micro', '../bench-defs/sv-benchmarks/java/securibench/Pred2']	0d9ec2899de6556ee7e49be058ccdac642d335a9312cb2e93f32a6cfc807c815
../bench-defs/sv-benchmarks/java/securibench/Pred3.yml	../bench-defs/sv-benchmarks/java/properties/no-runtime-exception.prp	true	['../bench-defs/sv-benchmarks/java/common', '../bench-defs/sv-benchmarks/java/securibench/micro', '../bench-defs/sv-benchmarks/java/securibench/Pred3']	d8ec512c814171a8858d7905f9f7e164a2ea6a1c41a426da71ddb7076adc9b41
../bench-defs/sv-benchmarks/java/securibench/Pred4.yml	../bench-defs/sv-benchmarks/java/properties/no-runtime-exception.prp	true	['../bench-defs/sv-benchmarks/java/common', '../bench-defs/sv-benchmarks/java/securibench/micro', '../bench-defs/sv-benchmarks/java/securibench/Pred4']	bec47e6ff642252796f8d9d7915967ba4022422231679f081b480f0efdcdb3f1
../bench-defs/sv-benchmarks/java/securibench/Pred5.yml	../bench-defs/sv-benchmarks/java/properties/no-runtime-exception.prp	true	['../bench-defs/sv-benchmarks/java/common', '../bench-defs/sv-benchmarks/java/securibench/micro', '../bench-defs/sv-benchmarks/java/securibench/Pred5']	d9ed74478640d86ad604a0663029f00539a053a25e7a9d6580ef6d37f33aac61
../bench-defs/sv-benchmarks/java/securibench/Pred6.yml	../bench-defs/sv-benchmarks/java/properties/no-runtime-exception.prp	true	['../bench-defs/sv-benchmarks/java/common', '../bench-defs/sv-benchmarks/java/securibench/micro', '../bench-defs/sv-benchmarks/java/securibench/Pred6']	b16f476c0f3b0daa97e4b0eda866dc64e566c7da6cf068293998e4f2a59cd9db
../bench-defs/sv-benchmarks/java/securibench/Pred7.yml	../bench-defs/sv-benchmarks/java/properties/no-runtime-exception.prp	true	['../bench-defs/sv-benchmarks/java/common', '../bench-defs/sv-benchmarks/java/securibench/micro', '../bench-defs/sv-benchmarks/java/securibench/Pred7']	86ade22326b2d2a4bee60ac7a8d85ff060b9ee362c6508cfe90c8a881e462e04
../bench-defs/sv-benchmarks/java/securibench/Pred8.yml	../bench-defs/sv-benchmarks/java/properties/no-runtime-exception.prp	true	['../bench-defs/sv-benchmarks/java/common', '../bench-defs/sv-benchmarks/java/securibench/micro', '../bench-defs/sv-benchmarks/java/securibench/Pred8']	cb8a7cc46caa3edcee22ffe2ee9b67263eebce91d6080829aee0922fdbfbb533
../bench-defs/sv-benchmarks/java/securibench/Pred9.yml	../bench-defs/sv-benchmarks/java/properties/no-runtime-exception.prp	true	['../bench-defs/sv-benchmarks/java/common', '../bench-defs/sv-benchmarks/java/securibench/micro', '../bench-defs/sv-benchmarks/java/securibench/Pred9']	66d3d2dd4bef07616f792e18ddcdfcbecce395a2efb7d5075714f174b022d12a
../bench-defs/sv-benchmarks/java/securibench/Refl1.yml	../bench-defs/sv-benchmarks/java/properties/no-runtime-exception.prp	true	['../bench-defs/sv-benchmarks/java/common', '../bench-defs/sv-benchmarks/java/securibench/micro', '../bench-defs/sv-benchmarks/java/securibench/Refl1']	4fa7d8ad3954f3d9bdbb2484009452b032e98bc23c35af3942eb959209e61272
../bench-defs/sv-benchmarks/java/securibench/Refl2.yml	../bench-defs/sv-benchmarks/java/properties/no-runtime-exception.prp	true	['../bench-defs/sv-benchmarks/java/common', '../bench-defs/sv-benchmarks/java/securibench/micro', '../bench-defs/sv-benchmarks/java/securibench/Refl2']	59f7df8056143f23160b488ed73d7e5c3f84ab1f63816ca7a6fe98181712aaaf
../bench-defs/sv-benchmarks/java/securibench/Refl3.yml	../bench-defs/sv-benchmarks/java/properties/no-runtime-exception.prp	true	['../bench-defs/sv-benchmarks/java/common', '../bench-defs/sv-benchmarks/java/securibench/micro', '../bench-defs/sv-benchmarks/java/securibench/Refl3']	54bac41ae8d3fcce1e67c6d1adb8db1b122b4b196fb95bc82e6e1bfb722ebf35
../bench-defs/sv-benchmarks/java/securibench/Refl4.yml	../bench-defs/sv-benchmarks/java/properties/no-runtime-exception.prp	true	['../bench-defs/sv-benchmarks/java/common', '../bench-defs/sv-benchmarks/java/securibench/micro', '../bench-defs/sv-benchmarks/java/securibench/Refl4']	00cfd875bbec92c94110f368defc48bf9c83cbab222855401b911cf06c0230f8
../bench-defs/sv-benchmarks/java/securibench/Sanitizers1.yml	../bench-defs/sv-benchmarks/java/properties/no-runtime-exception.prp	true	['../bench-defs/sv-benchmarks/java/common', '../bench-defs/sv-benchmarks/java/securibench/micro', '../bench-defs/sv-benchmarks/java/securibench/Sanitizers1']	b9ef7e336b59530ff9741c7584b5a77e284cb767843b9bb77471ae9d687c7b1e
../bench-defs/sv-benchmarks/java/securibench/Sanitizers2.yml	../bench-defs/sv-benchmarks/java/properties/no-runtime-exception.prp	true	['../bench-defs/sv-benchmarks/java/common', '../bench-defs/sv-benchmarks/java/securibench/micro', '../bench-defs/sv-benchmarks/java/securibench/Sanitizers2']	91030f7b7b1281b34f6527c1bdceface262f200520f97c71e15b90ae6642ddad
../bench-defs/sv-benchmarks/java/securibench/Sanitizers3.yml	../bench-defs/sv-benchmarks/java/properties/no-runtime-exception.prp	true	['../bench-defs/sv-benchmarks/java/common', '../bench-defs/sv-benchmarks/java/securibench/micro', '../bench-defs/sv-benchmarks/java/securibench/Sanitizers3']	315a04aeb1f4793304348035f909a3a3781018cde89c3db4e4604a5d35296c36
../bench-defs/sv-benchmarks/java/securibench/Sanitizers4.yml	../bench-defs/sv-benchmarks/java/properties/no-runtime-exception.prp	true	['../bench-defs/sv-benchmarks/java/common', '../bench-defs/sv-benchmarks/java/securibench/micro', '../bench-defs/sv-benchmarks/java/securibench/Sanitizers4']	40424b0e81839d9a7840bf9f4d8d51b19c0546ce0bc9744617a3cb38428a0249
../bench-defs/sv-benchmarks/java/securibench/Sanitizers5.yml	../bench-defs/sv-benchmarks/java/properties/no-runtime-exception.prp	true	['../bench-defs/sv-benchmarks/java/common', '../bench-defs/sv-benchmarks/java/securibench/micro', '../bench-defs/sv-benchmarks/java/securibench/Sanitizers5']	ba0edd00c230a404539cb95eae6eef80c77a0e5c04a6ab5bf63202fef5d9423f
../bench-defs/sv-benchmarks/java/securibench/Sanitizers6.yml	../bench-defs/sv-benchmarks/java/properties/no-runtime-exception.prp	true	['../bench-defs/sv-benchmarks/java/common', '../bench-defs/sv-benchmarks/java/securibench/micro', '../bench-defs/sv-benchmarks/java/securibench/Sanitizers6']	6025a813c91d3acb6060f746ce0078abfa31bf3806f296d9868dd6cfc37103cf
../bench-defs/sv-benchmarks/java/securibench/Session1.yml	../bench-defs/sv-benchmarks/java/properties/no-runtime-exception.prp	true	['../bench-defs/sv-benchmarks/java/common', '../bench-defs/sv-benchmarks/java/securibench/micro', '../bench-defs/sv-benchmarks/java/securibench/Session1']	5c32d3ee9382e20060063d2ad9db15d0e96d84087f1f0286406ffcabf277e47f
../bench-defs/sv-benchmarks/java/securibench/Session2.yml	../bench-defs/sv-benchmarks/java/properties/no-runtime-exception.prp	true	['../bench-defs/sv-benchmarks/java/common', '../bench-defs/sv-benchmarks/java/securibench/micro', '../bench-defs/sv-benchmarks/java/securibench/Session2']	fcb02b5dc2e8eee9c98ee3e7f3688e2540489d7d3c02ce49b2f8db2de22c3ee2
../bench-defs/sv-benchmarks/java/securibench/Session3.yml	../bench-defs/sv-benchmarks/java/properties/no-runtime-exception.prp	true	['../bench-defs/sv-benchmarks/java/common', '../bench-defs/sv-benchmarks/java/securibench/micro', '../bench-defs/sv-benchmarks/java/securibench/Session3']	3507ceb210197315cb914c1d4a92aba2c5f0bf20e5a80f16f0e6a5970e822476
../bench-defs/sv-benchmarks/java/securibench/StrongUpdates1.yml	../bench-defs/sv-benchmarks/java/properties/no-runtime-exception.prp	true	['../bench-defs/sv-benchmarks/java/common', '../bench-defs/sv-benchmarks/java/securibench/micro', '../bench-defs/sv-benchmarks/java/securibench/StrongUpdates1']	7960b66acc3f4ab9b9242c17894df1151209dd9cfa4eb0b32404c1ca91974367
../bench-defs/sv-benchmarks/java/securibench/StrongUpdates2.yml	../bench-defs/sv-benchmarks/java/properties/no-runtime-exception.prp	true	['../bench-defs/sv-benchmarks/java/common', '../bench-defs/sv-benchmarks/java/securibench/micro', '../bench-defs/sv-benchmarks/java/securibench/StrongUpdates2']	93f4766c178415f2efefe440f7f3a8fdbfa089d8eed1579aff1fc121758b6bdd
../bench-defs/sv-benchmarks/java/securibench/StrongUpdates3.yml	../bench-defs/sv-benchmarks/java/properties/no-runtime-exception.prp	true	['../bench-defs/sv-benchmarks/java/common', '../bench-defs/sv-benchmarks/java/securibench/micro', '../bench-defs/sv-benchmarks/java/securibench/StrongUpdates3']	4398e4e9762b5610663d3b4ce9d741ecb1dfd26905988ef8ef4819a674f1e54e
../bench-defs/sv-benchmarks/java/securibench/StrongUpdates4.yml	../bench-defs/sv-benchmarks/java/properties/no-runtime-exception.prp	true	['../bench-defs/sv-benchmarks/java/common', '../bench-defs/sv-benchmarks/java/securibench/micro', '../bench-defs/sv-benchmarks/java/securibench/StrongUpdates4']	846813632d23abffdbed419c8d634b365084cf91dc804516ff87f5d6ced970c6
../bench-defs/sv-benchmarks/java/securibench/StrongUpdates5.yml	../bench-defs/sv-benchmarks/java/properties/no-runtime-exception.prp	false	['../bench-defs/sv-benchmarks/java/common', '../bench-defs/sv-benchmarks/java/securibench/micro', '../bench-defs/sv-benchmarks/java/securibench/StrongUpdates5']	cdf33ae5f90222d08643bf5324ec1706b181b9e82dbdc91cbc34a614b1cabb61
../bench-defs/sv-benchmarks/java/float_unboundedloop/Adjustable-Inner-Count-Halving.yml	../bench-defs/sv-benchmarks/java/properties/no-runtime-exception.prp	true	['../bench-defs/sv-benchmarks/java/common', '../bench-defs/sv-benchmarks/java/float_unboundedloop/Adjustable-Inner-Count-Halving']	ad04c62ea0a80faa8fb8c4eb4b8204a2ae27ccbc05e2434e4872548ac472ca9a
../bench-defs/sv-benchmarks/java/float_unboundedloop/Alternating-Step-Schedule.yml	../bench-defs/sv-benchmarks/java/properties/no-runtime-exception.prp	true	['../bench-defs/sv-benchmarks/java/common', '../bench-defs/sv-benchmarks/java/float_unboundedloop/Alternating-Step-Schedule']	6a7453f18afbb1fe39360846ccfdb7b3e7d8a1c08b8af127e54b8eccbb250c8a
../bench-defs/sv-benchmarks/java/float_unboundedloop/Batch-Conveyor-Counter.yml	../bench-defs/sv-benchmarks/java/properties/no-runtime-exception.prp	true	['../bench-defs/sv-benchmarks/java/common', '../bench-defs/sv-benchmarks/java/float_unboundedloop/Batch-Conveyor-Counter']	a06484166a50331197acf5f92192da8b3111f9a3baa2c83723bbb8faf12a66e3
../bench-defs/sv-benchmarks/java/float_unboundedloop/Bounded-Proportional-Update.yml	../bench-defs/sv-benchmarks/java/properties/no-runtime-exception.prp	true	['../bench-defs/sv-benchmarks/java/common', '../bench-defs/sv-benchmarks/java/float_unboundedloop/Bounded-Proportional-Update']	1dd3b0b7813a1e210b0dc8a2f3ada994eaa17fa3e2fefdc011504042409fba83
../bench-defs/sv-benchmarks/java/float_unboundedloop/Bounded-Reset-Linear-Growth.yml	../bench-defs/sv-benchmarks/java/properties/no-runtime-exception.prp	true	['../bench-defs/sv-benchmarks/java/common', '../bench-defs/sv-benchmarks/java/float_unboundedloop/Bounded-Reset-Linear-Growth']	62f0f89c3b183a60d1c4a0f740056c7a003ef8917e29cffcce840676d456ebca
../bench-defs/sv-benchmarks/java/float_unboundedloop/Clamped-Triangular-Drift.yml	../bench-defs/sv-benchmarks/java/properties/no-runtime-exception.prp	true	['../bench-defs/sv-benchmarks/java/common', '../bench-defs/sv-benchmarks/java/float_unboundedloop/Clamped-Triangular-Drift']	ce672fdd34156e59678b5bfd67a97b3aec64a4fecc79f67569aaa17fd81a4344
../bench-defs/sv-benchmarks/java/float_unboundedloop/Cyclic-Preset-Inner-ABC.yml	../bench-defs/sv-benchmarks/java/properties/no-runtime-exception.prp	true	['../bench-defs/sv-benchmarks/java/common', '../bench-defs/sv-benchmarks/java/float_unboundedloop/Cyclic-Preset-Inner-ABC']	f0954283e192cb04c3f23b79f24418de2b045b6f5340cc1048cfe586589f8a2c
../bench-defs/sv-benchmarks/java/float_unboundedloop/Fixed-Block-Accumulator.yml	../bench-defs/sv-benchmarks/java/properties/no-runtime-exception.prp	true	['../bench-defs/sv-benchmarks/java/common', '../bench-defs/sv-benchmarks/java/float_unboundedloop/Fixed-Block-Accumulator']	3fb8c8e7f14535b6ad502db41d2b86a7769fee1c261eeb0cc0c1acd831247564
../bench-defs/sv-benchmarks/java/float_unboundedloop/Hysteresis-On-Off-with-Deadband.yml	../bench-defs/sv-benchmarks/java/properties/no-runtime-exception.prp	true	['../bench-defs/sv-benchmarks/java/common', '../bench-defs/sv-benchmarks/java/float_unboundedloop/Hysteresis-On-Off-with-Deadband']	ab5d1b4a52350ec6d7a4baa878c7df52e4eefc0913e972c297f4e9a9192a663a
../bench-defs/sv-benchmarks/java/float_unboundedloop/Inner-Retry-Until-OK.yml	../bench-defs/sv-benchmarks/java/properties/no-runtime-exception.prp	true	['../bench-defs/sv-benchmarks/java/common', '../bench-defs/sv-benchmarks/java/float_unboundedloop/Inner-Retry-Until-OK']	0d7898829bad26e08150e9b245b0145d0683bc94dccc7b80dd943f576c1faa15
../bench-defs/sv-benchmarks/java/float_unboundedloop/Leak-and-Refill.yml	../bench-defs/sv-benchmarks/java/properties/no-runtime-exception.prp	true	['../bench-defs/sv-benchmarks/java/common', '../bench-defs/sv-benchmarks/java/float_unboundedloop/Leak-and-Refill']	d57a19fd41a9ee9c6387512d0a2fc4585ef26165211fcd824668aa854700a18c
../bench-defs/sv-benchmarks/java/float_unboundedloop/Mixed-Phase-AddHalve-with-Slack-Box.yml	../bench-defs/sv-benchmarks/java/properties/no-runtime-exception.prp	true	['../bench-defs/sv-benchmarks/java/common', '../bench-defs/sv-benchmarks/java/float_unboundedloop/Mixed-Phase-AddHalve-with-Slack-Box']	c2c9e9966c292d7a164a65e04d219d675e7876243d44de8332abe00386335d0e
../bench-defs/sv-benchmarks/java/float_unboundedloop/Nested-Drain-Then-Step.yml	../bench-defs/sv-benchmarks/java/properties/no-runtime-exception.prp	true	['../bench-defs/sv-benchmarks/java/common', '../bench-defs/sv-benchmarks/java/float_unboundedloop/Nested-Drain-Then-Step']	dc425d97d360dce64fd0a506572535b60084ba8a89b79b439d785f8a487ad0eb
../bench-defs/sv-benchmarks/java/float_unboundedloop/Nested-MinStep-Regulator.yml	../bench-defs/sv-benchmarks/java/properties/no-runtime-exception.prp	true	['../bench-defs/sv-benchmarks/java/common', '../bench-defs/sv-benchmarks/java/float_unboundedloop/Nested-MinStep-Regulator']	d82ced5562092023232c655563d6aefb2c0e07e7ed9f45f5dabbe2a2de9a3c8c
../bench-defs/sv-benchmarks/java/float_unboundedloop/Nested-PingPong-with-Caps.yml	../bench-defs/sv-benchmarks/java/properties/no-runtime-exception.prp	true	['../bench-defs/sv-benchmarks/java/common', '../bench-defs/sv-benchmarks/java/float_unboundedloop/Nested-PingPong-with-Caps']	da7b0749f65ff08407dbac156a6eb84125b401dc00437c692e6103d70cc104bf
../bench-defs/sv-benchmarks/java/float_unboundedloop/Nested-Saturation-Then-Reset.yml	../bench-defs/sv-benchmarks/java/properties/no-runtime-exception.prp	true	['../bench-defs/sv-benchmarks/java/common', '../bench-defs/sv-benchmarks/java/float_unboundedloop/Nested-Saturation-Then-Reset']	70a3e7073fe0318cc638d810e034a3ed9fddf797149349c09bf2b0ba7991b00d
../bench-defs/sv-benchmarks/java/float_unboundedloop/Nested-Windowed-Add-Remove.yml	../bench-defs/sv-benchmarks/java/properties/no-runtime-exception.prp	true	['../bench-defs/sv-benchmarks/java/common', '../bench-defs/sv-benchmarks/java/float_unboundedloop/Nested-Windowed-Add-Remove']	2210c8cc8b19e12efbe943eaec55bc9dc16c5c797fc839fb6783a944bd18078b
../bench-defs/sv-benchmarks/java/float_unboundedloop/Producer-Consumer-Level.yml	../bench-defs/sv-benchmarks/java/properties/no-runtime-exception.prp	true	['../bench-defs/sv-benchmarks/java/common', '../bench-defs/sv-benchmarks/java/float_unboundedloop/Producer-Consumer-Level']	518342a09a1155ae8ceaea0e66f4a015dbeb3bae07fba8f2ceac2d2ebb826e12
../bench-defs/sv-benchmarks/java/float_unboundedloop/Ramp-and-Hold.yml	../bench-defs/sv-benchmarks/java/properties/no-runtime-exception.prp	true	['../bench-defs/sv-benchmarks/java/common', '../bench-defs/sv-benchmarks/java/float_unboundedloop/Ramp-and-Hold']	59eac06b0c361657d44347a7276b49c437cf7baee2e79af0c3ca0cdb8946556d
../bench-defs/sv-benchmarks/java/float_unboundedloop/Safe-Accumulator-with-Bounded-Noise.yml	../bench-defs/sv-benchmarks/java/properties/no-runtime-exception.prp	true	['../bench-defs/sv-benchmarks/java/common', '../bench-defs/sv-benchmarks/java/float_unboundedloop/Safe-Accumulator-with-Bounded-Noise']	61d74f9725bc070fccfa024d8d87583e2be058b4aeda1c95f3d807ffc4edc5e9
../bench-defs/sv-benchmarks/java/float_unboundedloop/Saturating-Integrator.yml	../bench-defs/sv-benchmarks/java/properties/no-runtime-exception.prp	true	['../bench-defs/sv-benchmarks/java/common', '../bench-defs/sv-benchmarks/java/float_unboundedloop/Saturating-Integrator']	be0fa753a0d18a3ff187e6f3a218b7c2768f03f96c22a42596e825bc30913bee
../bench-defs/sv-benchmarks/java/float_unboundedloop/Slew-Rate-Limiter.yml	../bench-defs/sv-benchmarks/java/properties/no-runtime-exception.prp	true	['../bench-defs/sv-benchmarks/java/common', '../bench-defs/sv-benchmarks/java/float_unboundedloop/Slew-Rate-Limiter']	fea0e1f6f156e8fdd2dfdc1ce56ceef4a02dd391d4115064faf26fc1b90d4e60
../bench-defs/sv-benchmarks/java/float_unboundedloop/Switched-Linear-Plant.yml	../bench-defs/sv-benchmarks/java/properties/no-runtime-exception.prp	true	['../bench-defs/sv-benchmarks/java/common', '../bench-defs/sv-benchmarks/java/float_unboundedloop/Switched-Linear-Plant']	8b5f68187bf846516a681d4b775d9d4b64e2d6c711dc93d22d4803e747ce490f
../bench-defs/sv-benchmarks/java/float_unboundedloop/Two-Band-Piecewise-Linear-Oscillator.yml	../bench-defs/sv-benchmarks/java/properties/no-runtime-exception.prp	true	['../bench-defs/sv-benchmarks/java/common', '../bench-defs/sv-benchmarks/java/float_unboundedloop/Two-Band-Piecewise-Linear-Oscillator']	824f47d31d5eb76b10a297990cfe80fe7d454ab9577400206282b357dc5571ba
../bench-defs/sv-benchmarks/java/float_unboundedloop/Two-Counter-Lexicographic-Small.yml	../bench-defs/sv-benchmarks/java/properties/no-runtime-exception.prp	true	['../bench-defs/sv-benchmarks/java/common', '../bench-defs/sv-benchmarks/java/float_unboundedloop/Two-Counter-Lexicographic-Small']	dccf092c09c58c3f361504f03f8ed6ec020dc2e267a38f455522f5bd222b3207
../bench-defs/sv-benchmarks/java/float_unboundedloop/Two-Level-Nested-Scheduler.yml	../bench-defs/sv-benchmarks/java/properties/no-runtime-exception.prp	true	['../bench-defs/sv-benchmarks/java/common', '../bench-defs/sv-benchmarks/java/float_unboundedloop/Two-Level-Nested-Scheduler']	bfb42092d4566dff8ab37564122ff119b04b66c012afa7050bc79a4d5db265a8
../bench-defs/sv-benchmarks/java/float_unboundedloop/Two-State-FP-Oscillator.yml	../bench-defs/sv-benchmarks/java/properties/no-runtime-exception.prp	true	['../bench-defs/sv-benchmarks/java/common', '../bench-defs/sv-benchmarks/java/float_unboundedloop/Two-State-FP-Oscillator']	c68a3f0379e34df77b782640c8a4ac7abc082665c9682e917a54f67326dfa6bf
../bench-defs/sv-benchmarks/java/float_unboundedloop/Two-Var-Nested-Handshake.yml	../bench-defs/sv-benchmarks/java/properties/no-runtime-exception.prp	true	['../bench-defs/sv-benchmarks/java/common', '../bench-defs/sv-benchmarks/java/float_unboundedloop/Two-Var-Nested-Handshake']	e524d59fa4c62e0991f6ae9a50d497788a922aef79a4dd4808a1eeded9a8e29e
../bench-defs/sv-benchmarks/java/float_unboundedloop/Two-Variable_Averaging_Filter.yml	../bench-defs/sv-benchmarks/java/properties/no-runtime-exception.prp	true	['../bench-defs/sv-benchmarks/java/common', '../bench-defs/sv-benchmarks/java/float_unboundedloop/Two-Variable_Averaging_Filter']	4faf4ecb5474add84164d9f88b0b869b8f74636eec4dddf0f3b05d601843ed0a
../bench-defs/sv-benchmarks/java/float_unboundedloop/Unbounded-Outer-Inner-Safety-Gate.yml	../bench-defs/sv-benchmarks/java/properties/no-runtime-exception.prp	true	['../bench-defs/sv-benchmarks/java/common', '../bench-defs/sv-benchmarks/java/float_unboundedloop/Unbounded-Outer-Inner-Safety-Gate']	31ec19c98d6eabfe1a3ccbe3f54f68398552b21db30f64320db98d50f8ac22af
../bench-defs/sv-benchmarks/java/float-nonlinear-calculation/Bessel.yml	../bench-defs/sv-benchmarks/java/properties/no-runtime-exception.prp	true	['../bench-defs/sv-benchmarks/java/common', '../bench-defs/sv-benchmarks/java/float-nonlinear-calculation/Bessel']	826c025f8be0ea267730b1f0cb739b3270b5707b06340ab649fd551ad0388abd
../bench-defs/sv-benchmarks/java/float-nonlinear-calculation/Conflict.yml	../bench-defs/sv-benchmarks/java/properties/no-runtime-exception.prp	true	['../bench-defs/sv-benchmarks/java/common', '../bench-defs/sv-benchmarks/java/float-nonlinear-calculation/Conflict']	88dfd067bc41f31c18c71ea70da3706544599da2d27e102d62d3474c2432ee7c
../bench-defs/sv-benchmarks/java/float-nonlinear-calculation/EulerMethod.yml	../bench-defs/sv-benchmarks/java/properties/no-runtime-exception.prp	true	['../bench-defs/sv-benchmarks/java/common', '../bench-defs/sv-benchmarks/java/float-nonlinear-calculation/EulerMethod']	7a9c710295ea16f5b4d27751e14674c85b1738da5603e1fa346f913854d6ee27
../bench-defs/sv-benchmarks/java/float-nonlinear-calculation/MathSin.yml	../bench-defs/sv-benchmarks/java/properties/no-runtime-exception.prp	true	['../bench-defs/sv-benchmarks/java/common', '../bench-defs/sv-benchmarks/java/float-nonlinear-calculation/MathSin', '../bench-defs/sv-benchmarks/java/float-nonlinear-calculation/common']	8ccf41a278bb04970e1d705b2ac9aec5bea1878c28162a70d2940be425344ca8
../bench-defs/sv-benchmarks/java/float-nonlinear-calculation/Optimization1.yml	../bench-defs/sv-benchmarks/java/properties/no-runtime-exception.prp	true	['../bench-defs/sv-benchmarks/java/common', '../bench-defs/sv-benchmarks/java/float-nonlinear-calculation/Optimization1', '../bench-defs/sv-benchmarks/java/float-nonlinear-calculation/common']	a733abf22e13db82b8223d2fa0a4aad292f8dd255f9f768fef52e348a8c35cc9
../bench-defs/sv-benchmarks/java/float-nonlinear-calculation/Optimization2.yml	../bench-defs/sv-benchmarks/java/properties/no-runtime-exception.prp	true	['../bench-defs/sv-benchmarks/java/common', '../bench-defs/sv-benchmarks/java/float-nonlinear-calculation/Optimization2', '../bench-defs/sv-benchmarks/java/float-nonlinear-calculation/common']	1f39feea431b5f3e6bcb109725bf299a2da72482f5cdafad753bf4a95cafbbf2
../bench-defs/sv-benchmarks/java/float-nonlinear-calculation/Optimization3.yml	../bench-defs/sv-benchmarks/java/properties/no-runtime-exception.prp	true	['../bench-defs/sv-benchmarks/java/common', '../bench-defs/sv-benchmarks/java/float-nonlinear-calculation/Optimization3', '../bench-defs/sv-benchmarks/java/float-nonlinear-calculation/common']	0043f3786b5d6cfa90c80c6b6c8344c38fc292c19b381c51acef92be4ef0cb23
../bench-defs/sv-benchmarks/java/float-nonlinear-calculation/Optimization4.yml	../bench-defs/sv-benchmarks/java/properties/no-runtime-exception.prp	true	['../bench-defs/sv-benchmarks/java/common', '../bench-defs/sv-benchmarks/java/float-nonlinear-calculation/Optimization4', '../bench-defs/sv-benchmarks/java/float-nonlinear-calculation/common']	2edbf00387d61851cd114126e2fbefe1179430f50227f309b51386093aeb8772
../bench-defs/sv-benchmarks/java/float-nonlinear-calculation/Optimization5.yml	../bench-defs/sv-benchmarks/java/properties/no-runtime-exception.prp	true	['../bench-defs/sv-benchmarks/java/common', '../bench-defs/sv-benchmarks/java/float-nonlinear-calculation/Optimization5', '../bench-defs/sv-benchmarks/java/float-nonlinear-calculation/common']	371e88ee09c1f47c4317d5942304d70c0ae6081f445c33db4ecdbfbf189ca0b7
../bench-defs/sv-benchmarks/java/float-nonlinear-calculation/Optimization6.yml	../bench-defs/sv-benchmarks/java/properties/no-runtime-exception.prp	true	['../bench-defs/sv-benchmarks/java/common', '../bench-defs/sv-benchmarks/java/float-nonlinear-calculation/Optimization6', '../bench-defs/sv-benchmarks/java/float-nonlinear-calculation/common']	b0670e99b83abdaf92e4d4e9eae6eed7cd5b6e43035bf497649d0eb5da23aa4c
../bench-defs/sv-benchmarks/java/float-nonlinear-calculation/PartitionEx.yml	../bench-defs/sv-benchmarks/java/properties/no-runtime-exception.prp	true	['../bench-defs/sv-benchmarks/java/common', '../bench-defs/sv-benchmarks/java/float-nonlinear-calculation/PartitionEx']	d67c5be832fbe4e9bc267649afbceb7ff5f4035c575188d0f164daa7e09aa386
../bench-defs/sv-benchmarks/java/float-nonlinear-calculation/TurnLogic.yml	../bench-defs/sv-benchmarks/java/properties/no-runtime-exception.prp	true	['../bench-defs/sv-benchmarks/java/common', '../bench-defs/sv-benchmarks/java/float-nonlinear-calculation/TurnLogic']	0de5e352b8b2aaf4a91fe37630bda275b693ac83399b9adc750a4b3ac7db6995
../bench-defs/sv-benchmarks/java/float-nonlinear-calculation/coral1.yml	../bench-defs/sv-benchmarks/java/properties/no-runtime-exception.prp	true	['../bench-defs/sv-benchmarks/java/common', '../bench-defs/sv-benchmarks/java/float-nonlinear-calculation/coral1', '../bench-defs/sv-benchmarks/java/float-nonlinear-calculation/common']	eb901fc466d0fd4cbf1885052c7069e7a7e652d9b432d1d7521a90fa18c72746
../bench-defs/sv-benchmarks/java/float-nonlinear-calculation/coral10.yml	../bench-defs/sv-benchmarks/java/properties/no-runtime-exception.prp	true	['../bench-defs/sv-benchmarks/java/common', '../bench-defs/sv-benchmarks/java/float-nonlinear-calculation/coral10', '../bench-defs/sv-benchmarks/java/float-nonlinear-calculation/common']	62cf95dff919d39c026997d775ede235a90323d1a8c344fed08d347c7341f3a2
../bench-defs/sv-benchmarks/java/float-nonlinear-calculation/coral11.yml	../bench-defs/sv-benchmarks/java/properties/no-runtime-exception.prp	true	['../bench-defs/sv-benchmarks/java/common', '../bench-defs/sv-benchmarks/java/float-nonlinear-calculation/coral11', '../bench-defs/sv-benchmarks/java/float-nonlinear-calculation/common']	bcc315d82d354172f8fe3d6fedcf12e85052d51e1e26e8b1730e06f9af09fe41
../bench-defs/sv-benchmarks/java/float-nonlinear-calculation/coral12.yml	../bench-defs/sv-benchmarks/java/properties/no-runtime-exception.prp	true	['../bench-defs/sv-benchmarks/java/common', '../bench-defs/sv-benchmarks/java/float-nonlinear-calculation/coral12', '../bench-defs/sv-benchmarks/java/float-nonlinear-calculation/common']	6f1c483f715730979f827b0745787c455f94ce8d94113f6b2b08f40a745f2f5e
../bench-defs/sv-benchmarks/java/float-nonlinear-calculation/coral13.yml	../bench-defs/sv-benchmarks/java/properties/no-runtime-exception.prp	true	['../bench-defs/sv-benchmarks/java/common', '../bench-defs/sv-benchmarks/java/float-nonlinear-calculation/coral13', '../bench-defs/sv-benchmarks/java/float-nonlinear-calculation/common']	f04b3a0cfb424b5464796e6b9651f534404b841b8b9dc44b8e700e6b14cc3ef4
../bench-defs/sv-benchmarks/java/float-nonlinear-calculation/coral14.yml	../bench-defs/sv-benchmarks/java/properties/no-runtime-exception.prp	true	['../bench-defs/sv-benchmarks/java/common', '../bench-defs/sv-benchmarks/java/float-nonlinear-calculation/coral14', '../bench-defs/sv-benchmarks/java/float-nonlinear-calculation/common']	85e7baebe379a29b25ccd540b5c0047c698c65fa72fe5efbf129387a764a479f
../bench-defs/sv-benchmarks/java/float-nonlinear-calculation/coral15.yml	../bench-defs/sv-benchmarks/java/properties/no-runtime-exception.prp	true	['../bench-defs/sv-benchmarks/java/common', '../bench-defs/sv-benchmarks/java/float-nonlinear-calculation/coral15', '../bench-defs/sv-benchmarks/java/float-nonlinear-calculation/common']	93a1c62c71a384b8c2103619640b7e2ed945d85df2c46bf3893f003a8ebdba7f
../bench-defs/sv-benchmarks/java/float-nonlinear-calculation/coral16.yml	../bench-defs/sv-benchmarks/java/properties/no-runtime-exception.prp	true	['../bench-defs/sv-benchmarks/java/common', '../bench-defs/sv-benchmarks/java/float-nonlinear-calculation/coral16', '../bench-defs/sv-benchmarks/java/float-nonlinear-calculation/common']	6dc5cda388dac9c9989d1b66c8aff5034eeff2224c45263457edc415ba7966ba
../bench-defs/sv-benchmarks/java/float-nonlinear-calculation/coral17.yml	../bench-defs/sv-benchmarks/java/properties/no-runtime-exception.prp	true	['../bench-defs/sv-benchmarks/java/common', '../bench-defs/sv-benchmarks/java/float-nonlinear-calculation/coral17', '../bench-defs/sv-benchmarks/java/float-nonlinear-calculation/common']	9f65e4a5d0bcb82bef115e92b46cb17c397001a9b1d0987cf4697e29221cb4cf
../bench-defs/sv-benchmarks/java/float-nonlinear-calculation/coral18.yml	../bench-defs/sv-benchmarks/java/properties/no-runtime-exception.prp	true	['../bench-defs/sv-benchmarks/java/common', '../bench-defs/sv-benchmarks/java/float-nonlinear-calculation/coral18', '../bench-defs/sv-benchmarks/java/float-nonlinear-calculation/common']	d0269f98867d07589f703ed6448cb73372404c145843d4655ffa0f3e2a6e9f8e
../bench-defs/sv-benchmarks/java/float-nonlinear-calculation/coral19.yml	../bench-defs/sv-benchmarks/java/properties/no-runtime-exception.prp	true	['../bench-defs/sv-benchmarks/java/common', '../bench-defs/sv-benchmarks/java/float-nonlinear-calculation/coral19', '../bench-defs/sv-benchmarks/java/float-nonlinear-calculation/common']	de0f9ed07c94b80bf20952c99eaa3ccb275a7798fee458c56515d4a362af7712
../bench-defs/sv-benchmarks/java/float-nonlinear-calculation/coral2.yml	../bench-defs/sv-benchmarks/java/properties/no-runtime-exception.prp	true	['../bench-defs/sv-benchmarks/java/common', '../bench-defs/sv-benchmarks/java/float-nonlinear-calculation/coral2', '../bench-defs/sv-benchmarks/java/float-nonlinear-calculation/common']	3b1eec100ce6fd035b572c692ca9025b08d5f9f070395508e2988d37eef8a0ef
../bench-defs/sv-benchmarks/java/float-nonlinear-calculation/coral20.yml	../bench-defs/sv-benchmarks/java/properties/no-runtime-exception.prp	true	['../bench-defs/sv-benchmarks/java/common', '../bench-defs/sv-benchmarks/java/float-nonlinear-calculation/coral20', '../bench-defs/sv-benchmarks/java/float-nonlinear-calculation/common']	798205a486ca28c042b962106d46b24481902f3f293ffe107b83ba06a47ddbf7
../bench-defs/sv-benchmarks/java/float-nonlinear-calculation/coral21.yml	../bench-defs/sv-benchmarks/java/properties/no-runtime-exception.prp	true	['../bench-defs/sv-benchmarks/java/common', '../bench-defs/sv-benchmarks/java/float-nonlinear-calculation/coral21', '../bench-defs/sv-benchmarks/java/float-nonlinear-calculation/common']	a17d7b50479024605744d97f3c8b9f7f0491cf58cfc6a046e49bd52d2af20c4a
../bench-defs/sv-benchmarks/java/float-nonlinear-calculation/coral22.yml	../bench-defs/sv-benchmarks/java/properties/no-runtime-exception.prp	true	['../bench-defs/sv-benchmarks/java/common', '../bench-defs/sv-benchmarks/java/float-nonlinear-calculation/coral22', '../bench-defs/sv-benchmarks/java/float-nonlinear-calculation/common']	9ea1eb0533356f371e31e50b781f2356744d271bfe856a176f667dcf090c7bbb
../bench-defs/sv-benchmarks/java/float-nonlinear-calculation/coral23.yml	../bench-defs/sv-benchmarks/java/properties/no-runtime-exception.prp	true	['../bench-defs/sv-benchmarks/java/common', '../bench-defs/sv-benchmarks/java/float-nonlinear-calculation/coral23', '../bench-defs/sv-benchmarks/java/float-nonlinear-calculation/common']	382d01a01335feb253623578424e08b30b5c22a8348a671d50474d044e6d5758
../bench-defs/sv-benchmarks/java/float-nonlinear-calculation/coral26.yml	../bench-defs/sv-benchmarks/java/properties/no-runtime-exception.prp	true	['../bench-defs/sv-benchmarks/java/common', '../bench-defs/sv-benchmarks/java/float-nonlinear-calculation/coral26', '../bench-defs/sv-benchmarks/java/float-nonlinear-calculation/common']	6ffde0829cd6fdcaca1eaad1fddb527a8f5b7f091b1a8c5a40249fc9bb38bc09
../bench-defs/sv-benchmarks/java/float-nonlinear-calculation/coral27.yml	../bench-defs/sv-benchmarks/java/properties/no-runtime-exception.prp	true	['../bench-defs/sv-benchmarks/java/common', '../bench-defs/sv-benchmarks/java/float-nonlinear-calculation/coral27', '../bench-defs/sv-benchmarks/java/float-nonlinear-calculation/common']	164459a00aebac67df84d75f9f1f859113a7ff845cb3703cbd267414b4979150
../bench-defs/sv-benchmarks/java/float-nonlinear-calculation/coral28.yml	../bench-defs/sv-benchmarks/java/properties/no-runtime-exception.prp	true	['../bench-defs/sv-benchmarks/java/common', '../bench-defs/sv-benchmarks/java/float-nonlinear-calculation/coral28', '../bench-defs/sv-benchmarks/java/float-nonlinear-calculation/common']	7486ec435db6d1811926feac56cf80419d0368ed4181f6a45714024bf76d5ba8
../bench-defs/sv-benchmarks/java/float-nonlinear-calculation/coral29.yml	../bench-defs/sv-benchmarks/java/properties/no-runtime-exception.prp	true	['../bench-defs/sv-benchmarks/java/common', '../bench-defs/sv-benchmarks/java/float-nonlinear-calculation/coral29', '../bench-defs/sv-benchmarks/java/float-nonlinear-calculation/common']	623d3fd22a8333524fb1f05fba220bd2c3151fc8a96cd8f976ab0feff5599c44
../bench-defs/sv-benchmarks/java/float-nonlinear-calculation/coral3.yml	../bench-defs/sv-benchmarks/java/properties/no-runtime-exception.prp	true	['../bench-defs/sv-benchmarks/java/common', '../bench-defs/sv-benchmarks/java/float-nonlinear-calculation/coral3', '../bench-defs/sv-benchmarks/java/float-nonlinear-calculation/common']	e78fe17ee8c44ae7372c9cb9c758fa4ac967a2d305da681bb8beec6a8c5ba6a2
../bench-defs/sv-benchmarks/java/float-nonlinear-calculation/coral30.yml	../bench-defs/sv-benchmarks/java/properties/no-runtime-exception.prp	true	['../bench-defs/sv-benchmarks/java/common', '../bench-defs/sv-benchmarks/java/float-nonlinear-calculation/coral30', '../bench-defs/sv-benchmarks/java/float-nonlinear-calculation/common']	a34052e641c4c20730a621ad63a1ef44f68643d0188a5baae737dd1e5f023309
../bench-defs/sv-benchmarks/java/float-nonlinear-calculation/coral31.yml	../bench-defs/sv-benchmarks/java/properties/no-runtime-exception.prp	true	['../bench-defs/sv-benchmarks/java/common', '../bench-defs/sv-benchmarks/java/float-nonlinear-calculation/coral31', '../bench-defs/sv-benchmarks/java/float-nonlinear-calculation/common']	33c531f22a9a92961f306e4d7cbd2ed2aeb31058f67f9e2a6e118fee6018038b
../bench-defs/sv-benchmarks/java/float-nonlinear-calculation/coral32.yml	../bench-defs/sv-benchmarks/java/properties/no-runtime-exception.prp	true	['../bench-defs/sv-benchmarks/java/common', '../bench-defs/sv-benchmarks/java/float-nonlinear-calculation/coral32', '../bench-defs/sv-benchmarks/java/float-nonlinear-calculation/common']	8abfa78dc12b2d635ec1e222cb40ac36b121360798ab1284832901ad8aee45a9
../bench-defs/sv-benchmarks/java/float-nonlinear-calculation/coral33.yml	../bench-defs/sv-benchmarks/java/properties/no-runtime-exception.prp	true	['../bench-defs/sv-benchmarks/java/common', '../bench-defs/sv-benchmarks/java/float-nonlinear-calculation/coral33', '../bench-defs/sv-benchmarks/java/float-nonlinear-calculation/common']	970a976f013a53c921a9f67306a1341c3a12fec8187a18f43222d47b87f0c32c
../bench-defs/sv-benchmarks/java/float-nonlinear-calculation/coral34.yml	../bench-defs/sv-benchmarks/java/properties/no-runtime-exception.prp	true	['../bench-defs/sv-benchmarks/java/common', '../bench-defs/sv-benchmarks/java/float-nonlinear-calculation/coral34', '../bench-defs/sv-benchmarks/java/float-nonlinear-calculation/common']	9ac033c79063404ad48755a8736264042da213b673ef006bb643906fa0650956
../bench-defs/sv-benchmarks/java/float-nonlinear-calculation/coral35.yml	../bench-defs/sv-benchmarks/java/properties/no-runtime-exception.prp	true	['../bench-defs/sv-benchmarks/java/common', '../bench-defs/sv-benchmarks/java/float-nonlinear-calculation/coral35', '../bench-defs/sv-benchmarks/java/float-nonlinear-calculation/common']	b014ff461139bf05162d29b4b2fc98f4935fc889737c693a3ac35d06c103e719
../bench-defs/sv-benchmarks/java/float-nonlinear-calculation/coral36.yml	../bench-defs/sv-benchmarks/java/properties/no-runtime-exception.prp	true	['../bench-defs/sv-benchmarks/java/common', '../bench-defs/sv-benchmarks/java/float-nonlinear-calculation/coral36', '../bench-defs/sv-benchmarks/java/float-nonlinear-calculation/common']	beb7e97b973e688cb04f03d8576800e687969ba0f3f360a3107de16704236020
../bench-defs/sv-benchmarks/java/float-nonlinear-calculation/coral38.yml	../bench-defs/sv-benchmarks/java/properties/no-runtime-exception.prp	true	['../bench-defs/sv-benchmarks/java/common', '../bench-defs/sv-benchmarks/java/float-nonlinear-calculation/coral38', '../bench-defs/sv-benchmarks/java/float-nonlinear-calculation/common']	611c01f1d21cf4bca71b7a87fdee0d3533b807304b68a010223075b1b44eaed7
../bench-defs/sv-benchmarks/java/float-nonlinear-calculation/coral39.yml	../bench-defs/sv-benchmarks/java/properties/no-runtime-exception.prp	true	['../bench-defs/sv-benchmarks/java/common', '../bench-defs/sv-benchmarks/java/float-nonlinear-calculation/coral39', '../bench-defs/sv-benchmarks/java/float-nonlinear-calculation/common']	b89e49560a5df2b35e9bac7acf05a07fc0a85457419b65bb0e65ff6d68215724
../bench-defs/sv-benchmarks/java/float-nonlinear-calculation/coral4.yml	../bench-defs/sv-benchmarks/java/properties/no-runtime-exception.prp	true	['../bench-defs/sv-benchmarks/java/common', '../bench-defs/sv-benchmarks/java/float-nonlinear-calculation/coral4', '../bench-defs/sv-benchmarks/java/float-nonlinear-calculation/common']	b33d05dd4c4d02796843277c12297e1f71cf6a813c77cea13274c9d6719cb462
../bench-defs/sv-benchmarks/java/float-nonlinear-calculation/coral40.yml	../bench-defs/sv-benchmarks/java/properties/no-runtime-exception.prp	true	['../bench-defs/sv-benchmarks/java/common', '../bench-defs/sv-benchmarks/java/float-nonlinear-calculation/coral40', '../bench-defs/sv-benchmarks/java/float-nonlinear-calculation/common']	63022612d1dfb857ed6b81158a49ee980f6c727c888194c10bfd66a81b4948f0
../bench-defs/sv-benchmarks/java/float-nonlinear-calculation/coral41.yml	../bench-defs/sv-benchmarks/java/properties/no-runtime-exception.prp	true	['../bench-defs/sv-benchmarks/java/common', '../bench-defs/sv-benchmarks/java/float-nonlinear-calculation/coral41', '../bench-defs/sv-benchmarks/java/float-nonlinear-calculation/common']	58133e7b662555fd48514b681170024743498ca433b1cfee91e273f189397057
../bench-defs/sv-benchmarks/java/float-nonlinear-calculation/coral42.yml	../bench-defs/sv-benchmarks/java/properties/no-runtime-exception.prp	true	['../bench-defs/sv-benchmarks/java/common', '../bench-defs/sv-benchmarks/java/float-nonlinear-calculation/coral42', '../bench-defs/sv-benchmarks/java/float-nonlinear-calculation/common']	743f562b01dd259c4c543e2184d409964e40b76e91bd662ea5e2054e65425609
../bench-defs/sv-benchmarks/java/float-nonlinear-calculation/coral43.yml	../bench-defs/sv-benchmarks/java/properties/no-runtime-exception.prp	true	['../bench-defs/sv-benchmarks/java/common', '../bench-defs/sv-benchmarks/java/float-nonlinear-calculation/coral43', '../bench-defs/sv-benchmarks/java/float-nonlinear-calculation/common']	7233c811439f04f08b585a2438eb3a8544c2c704003c676556cbfb4561de733c
../bench-defs/sv-benchmarks/java/float-nonlinear-calculation/coral44.yml	../bench-defs/sv-benchmarks/java/properties/no-runtime-exception.prp	true	['../bench-defs/sv-benchmarks/java/common', '../bench-defs/sv-benchmarks/java/float-nonlinear-calculation/coral44', '../bench-defs/sv-benchmarks/java/float-nonlinear-calculation/common']	916bfea8dad570a4adc04a717cef31ba96d30df10c7cf92a8198007b3f116867
../bench-defs/sv-benchmarks/java/float-nonlinear-calculation/coral45.yml	../bench-defs/sv-benchmarks/java/properties/no-runtime-exception.prp	true	['../bench-defs/sv-benchmarks/java/common', '../bench-defs/sv-benchmarks/java/float-nonlinear-calculation/coral45', '../bench-defs/sv-benchmarks/java/float-nonlinear-calculation/common']	d0e0b00f92146b187f6a2c89a57c4ecab01378c7eb0a857c48f42f118d163c36
../bench-defs/sv-benchmarks/java/float-nonlinear-calculation/coral46.yml	../bench-defs/sv-benchmarks/java/properties/no-runtime-exception.prp	true	['../bench-defs/sv-benchmarks/java/common', '../bench-defs/sv-benchmarks/java/float-nonlinear-calculation/coral46', '../bench-defs/sv-benchmarks/java/float-nonlinear-calculation/common']	622a7c9137d84c9b1fdea2c0f24d58c4d1c30630848ab97b2823598ea797390b
../bench-defs/sv-benchmarks/java/float-nonlinear-calculation/coral48.yml	../bench-defs/sv-benchmarks/java/properties/no-runtime-exception.prp	true	['../bench-defs/sv-benchmarks/java/common', '../bench-defs/sv-benchmarks/java/float-nonlinear-calculation/coral48', '../bench-defs/sv-benchmarks/java/float-nonlinear-calculation/common']	d7c2578dfdcc1c1d70a42315c771c967a85d1bd429d0793c7851641530c850d1
../bench-defs/sv-benchmarks/java/float-nonlinear-calculation/coral49.yml	../bench-defs/sv-benchmarks/java/properties/no-runtime-exception.prp	true	['../bench-defs/sv-benchmarks/java/common', '../bench-defs/sv-benchmarks/java/float-nonlinear-calculation/coral49', '../bench-defs/sv-benchmarks/java/float-nonlinear-calculation/common']	398d8567780a38ddfb2662553f14aea4dde96612196bf65fc7cb6787b6440167
../bench-defs/sv-benchmarks/java/float-nonlinear-calculation/coral5.yml	../bench-defs/sv-benchmarks/java/properties/no-runtime-exception.prp	true	['../bench-defs/sv-benchmarks/java/common', '../bench-defs/sv-benchmarks/java/float-nonlinear-calculation/coral5', '../bench-defs/sv-benchmarks/java/float-nonlinear-calculation/common']	5d30d5568562f16f25c318b24afc473d389292f3ea5cd98e920513354978aac0
../bench-defs/sv-benchmarks/java/float-nonlinear-calculation/coral50.yml	../bench-defs/sv-benchmarks/java/properties/no-runtime-exception.prp	true	['../bench-defs/sv-benchmarks/java/common', '../bench-defs/sv-benchmarks/java/float-nonlinear-calculation/coral50', '../bench-defs/sv-benchmarks/java/float-nonlinear-calculation/common']	9574cd6d21e496858f2854745795f8490f5cfc4fb4e296948faffced0772395d
../bench-defs/sv-benchmarks/java/float-nonlinear-calculation/coral51.yml	../bench-defs/sv-benchmarks/java/properties/no-runtime-exception.prp	true	['../bench-defs/sv-benchmarks/java/common', '../bench-defs/sv-benchmarks/java/float-nonlinear-calculation/coral51', '../bench-defs/sv-benchmarks/java/float-nonlinear-calculation/common']	0b066aa92c1d1c8516210c634ac7a8c9e8db5499df583beb11ea4e6df1a0f2e7
../bench-defs/sv-benchmarks/java/float-nonlinear-calculation/coral52.yml	../bench-defs/sv-benchmarks/java/properties/no-runtime-exception.prp	true	['../bench-defs/sv-benchmarks/java/common', '../bench-defs/sv-benchmarks/java/float-nonlinear-calculation/coral52', '../bench-defs/sv-benchmarks/java/float-nonlinear-calculation/common']	48c288e6e7b3ed84785fcfaf363fc98c44be1c0492b1e37ac62b4ace3a271e31
../bench-defs/sv-benchmarks/java/float-nonlinear-calculation/coral53.yml	../bench-defs/sv-benchmarks/java/properties/no-runtime-exception.prp	true	['../bench-defs/sv-benchmarks/java/common', '../bench-defs/sv-benchmarks/java/float-nonlinear-calculation/coral53', '../bench-defs/sv-benchmarks/java/float-nonlinear-calculation/common']	166c0669ebc9587ba5ed8b99138f0d990c7de002acd0d3f847d6625b76a323fe
../bench-defs/sv-benchmarks/java/float-nonlinear-calculation/coral54.yml	../bench-defs/sv-benchmarks/java/properties/no-runtime-exception.prp	true	['../bench-defs/sv-benchmarks/java/common', '../bench-defs/sv-benchmarks/java/float-nonlinear-calculation/coral54', '../bench-defs/sv-benchmarks/java/float-nonlinear-calculation/common']	b4fd09d6ca5d2e4db81e41e11ec1dde603cbf5660dfa548c4dc2c9b1932584eb
../bench-defs/sv-benchmarks/java/float-nonlinear-calculation/coral55.yml	../bench-defs/sv-benchmarks/java/properties/no-runtime-exception.prp	true	['../bench-defs/sv-benchmarks/java/common', '../bench-defs/sv-benchmarks/java/float-nonlinear-calculation/coral55', '../bench-defs/sv-benchmarks/java/float-nonlinear-calculation/common']	f670955fba37324525a664072c5e58f518b89f22cbd562db84c4c95bf86c43e1
../bench-defs/sv-benchmarks/java/float-nonlinear-calculation/coral56.yml	../bench-defs/sv-benchmarks/java/properties/no-runtime-exception.prp	true	['../bench-defs/sv-benchmarks/java/common', '../bench-defs/sv-benchmarks/java/float-nonlinear-calculation/coral56', '../bench-defs/sv-benchmarks/java/float-nonlinear-calculation/common']	c4752e972601b5dc39142c13a770feb604925a3f03573ff42643d4fbdcb88037
../bench-defs/sv-benchmarks/java/float-nonlinear-calculation/coral57.yml	../bench-defs/sv-benchmarks/java/properties/no-runtime-exception.prp	true	['../bench-defs/sv-benchmarks/java/common', '../bench-defs/sv-benchmarks/java/float-nonlinear-calculation/coral57', '../bench-defs/sv-benchmarks/java/float-nonlinear-calculation/common']	855e080ad490b7699bef8cb6e3fa223926184e1a511d41c2b9f801b2479905d0
../bench-defs/sv-benchmarks/java/float-nonlinear-calculation/coral58.yml	../bench-defs/sv-benchmarks/java/properties/no-runtime-exception.prp	true	['../bench-defs/sv-benchmarks/java/common', '../bench-defs/sv-benchmarks/java/float-nonlinear-calculation/coral58', '../bench-defs/sv-benchmarks/java/float-nonlinear-calculation/common']	ccde24bb8b441ac270e192d6e5498053c5ffa6044168eefb2e7d2d7a845e47ba
../bench-defs/sv-benchmarks/java/float-nonlinear-calculation/coral59.yml	../bench-defs/sv-benchmarks/java/properties/no-runtime-exception.prp	true	['../bench-defs/sv-benchmarks/java/common', '../bench-defs/sv-benchmarks/java/float-nonlinear-calculation/coral59', '../bench-defs/sv-benchmarks/java/float-nonlinear-calculation/common']	3001b52edcd24cae2bc63703c79f8d16bf85c55be8c07a037cfc2fa260dc48b4
../bench-defs/sv-benchmarks/java/float-nonlinear-calculation/coral6.yml	../bench-defs/sv-benchmarks/java/properties/no-runtime-exception.prp	true	['../bench-defs/sv-benchmarks/java/common', '../bench-defs/sv-benchmarks/java/float-nonlinear-calculation/coral6', '../bench-defs/sv-benchmarks/java/float-nonlinear-calculation/common']	5ca1beb9151f68a7ab33d0cfbdd13420766d7d11917624adcca6ed89d3abde4b
../bench-defs/sv-benchmarks/java/float-nonlinear-calculation/coral60.yml	../bench-defs/sv-benchmarks/java/properties/no-runtime-exception.prp	true	['../bench-defs/sv-benchmarks/java/common', '../bench-defs/sv-benchmarks/java/float-nonlinear-calculation/coral60', '../bench-defs/sv-benchmarks/java/float-nonlinear-calculation/common']	de02c32b68a882e7457c85a674e58485fd32e4d0293973caecd4c27d27af07be
../bench-defs/sv-benchmarks/java/float-nonlinear-calculation/coral61.yml	../bench-defs/sv-benchmarks/java/properties/no-runtime-exception.prp	true	['../bench-defs/sv-benchmarks/java/common', '../bench-defs/sv-benchmarks/java/float-nonlinear-calculation/coral61', '../bench-defs/sv-benchmarks/java/float-nonlinear-calculation/common']	19196b5f4e1604ae83a224dfdd5d3bc593babb17baa31082c8b0069af777ddf7
../bench-defs/sv-benchmarks/java/float-nonlinear-calculation/coral62.yml	../bench-defs/sv-benchmarks/java/properties/no-runtime-exception.prp	true	['../bench-defs/sv-benchmarks/java/common', '../bench-defs/sv-benchmarks/java/float-nonlinear-calculation/coral62', '../bench-defs/sv-benchmarks/java/float-nonlinear-calculation/common']	eeca5f6d7c02673c7ccfec97a83a2b6e66d7a0517738b38b5f39ed99fa981b0c
../bench-defs/sv-benchmarks/java/float-nonlinear-calculation/coral63.yml	../bench-defs/sv-benchmarks/java/properties/no-runtime-exception.prp	true	['../bench-defs/sv-benchmarks/java/common', '../bench-defs/sv-benchmarks/java/float-nonlinear-calculation/coral63', '../bench-defs/sv-benchmarks/java/float-nonlinear-calculation/common']	321b1b293fe8237e0d62a4f11a18c7eae4ed464d58d9f8a8e5ab6d5210155cd3
../bench-defs/sv-benchmarks/java/float-nonlinear-calculation/coral64.yml	../bench-defs/sv-benchmarks/java/properties/no-runtime-exception.prp	true	['../bench-defs/sv-benchmarks/java/common', '../bench-defs/sv-benchmarks/java/float-nonlinear-calculation/coral64', '../bench-defs/sv-benchmarks/java/float-nonlinear-calculation/common']	a7d86f0010b7283c4f053ed9831473f870ea023a7a3557db5830aca9b425a4d2
../bench-defs/sv-benchmarks/java/float-nonlinear-calculation/coral65.yml	../bench-defs/sv-benchmarks/java/properties/no-runtime-exception.prp	true	['../bench-defs/sv-benchmarks/java/common', '../bench-defs/sv-benchmarks/java/float-nonlinear-calculation/coral65', '../bench-defs/sv-benchmarks/java/float-nonlinear-calculation/common']	63221d22c8b31a512e8739c44580b8e3ba4c262054a12322ba8744de02e85928
../bench-defs/sv-benchmarks/java/float-nonlinear-calculation/coral66.yml	../bench-defs/sv-benchmarks/java/properties/no-runtime-exception.prp	true	['../bench-defs/sv-benchmarks/java/common', '../bench-defs/sv-benchmarks/java/float-nonlinear-calculation/coral66', '../bench-defs/sv-benchmarks/java/float-nonlinear-calculation/common']	f0be0c4abbe57383d1aa44db0176e6adbab423bf651323f0a164a2782844019f
../bench-defs/sv-benchmarks/java/float-nonlinear-calculation/coral67.yml	../bench-defs/sv-benchmarks/java/properties/no-runtime-exception.prp	true	['../bench-defs/sv-benchmarks/java/common', '../bench-defs/sv-benchmarks/java/float-nonlinear-calculation/coral67', '../bench-defs/sv-benchmarks/java/float-nonlinear-calculation/common']	5c9fb9777e14dcb4d9813b3fac8123b6881fae0bc3f468d77bd98026bc50efe4
../bench-defs/sv-benchmarks/java/float-nonlinear-calculation/coral68.yml	../bench-defs/sv-benchmarks/java/properties/no-runtime-exception.prp	true	['../bench-defs/sv-benchmarks/java/common', '../bench-defs/sv-benchmarks/java/float-nonlinear-calculation/coral68', '../bench-defs/sv-benchmarks/java/float-nonlinear-calculation/common']	2a4080834ae5b2a00bbdab1eca8d4a79d80c3998636e9013160169645153ac8c
../bench-defs/sv-benchmarks/java/float-nonlinear-calculation/coral69.yml	../bench-defs/sv-benchmarks/java/properties/no-runtime-exception.prp	true	['../bench-defs/sv-benchmarks/java/common', '../bench-defs/sv-benchmarks/java/float-nonlinear-calculation/coral69', '../bench-defs/sv-benchmarks/java/float-nonlinear-calculation/common']	549614c3bddc9c84e40251158f505ac22cf36a2dac0cc5bf410aa9e2cfd39e4f
../bench-defs/sv-benchmarks/java/float-nonlinear-calculation/coral71.yml	../bench-defs/sv-benchmarks/java/properties/no-runtime-exception.prp	true	['../bench-defs/sv-benchmarks/java/common', '../bench-defs/sv-benchmarks/java/float-nonlinear-calculation/coral71', '../bench-defs/sv-benchmarks/java/float-nonlinear-calculation/common']	11305f72805385a3dcc6651cde0483c56a4e7ea10b69bc1c5ea6d085a35d7056
../bench-defs/sv-benchmarks/java/float-nonlinear-calculation/coral72.yml	../bench-defs/sv-benchmarks/java/properties/no-runtime-exception.prp	true	['../bench-defs/sv-benchmarks/java/common', '../bench-defs/sv-benchmarks/java/float-nonlinear-calculation/coral72', '../bench-defs/sv-benchmarks/java/float-nonlinear-calculation/common']	46a5c47841b295983a45a7b5b7454ee0eed0b96a5524c4feb10af888639d5f11
../bench-defs/sv-benchmarks/java/float-nonlinear-calculation/coral73.yml	../bench-defs/sv-benchmarks/java/properties/no-runtime-exception.prp	true	['../bench-defs/sv-benchmarks/java/common', '../bench-defs/sv-benchmarks/java/float-nonlinear-calculation/coral73', '../bench-defs/sv-benchmarks/java/float-nonlinear-calculation/common']	72c48d1fa59435294f524c46f9156db7d9cbece03f0831d2fe516338263c2524
../bench-defs/sv-benchmarks/java/float-nonlinear-calculation/coral74.yml	../bench-defs/sv-benchmarks/java/properties/no-runtime-exception.prp	true	['../bench-defs/sv-benchmarks/java/common', '../bench-defs/sv-benchmarks/java/float-nonlinear-calculation/coral74', '../bench-defs/sv-benchmarks/java/float-nonlinear-calculation/common']	ae155058a2007058ee75bc4b20ece718c15f1cd544c63f563677012c6bebbdd6
../bench-defs/sv-benchmarks/java/float-nonlinear-calculation/coral75.yml	../bench-defs/sv-benchmarks/java/properties/no-runtime-exception.prp	true	['../bench-defs/sv-benchmarks/java/common', '../bench-defs/sv-benchmarks/java/float-nonlinear-calculation/coral75', '../bench-defs/sv-benchmarks/java/float-nonlinear-calculation/common']	dfa903854ca83918efae0c30db6642a98f4cba94bd7aa00944a74cd0a9ca0577
../bench-defs/sv-benchmarks/java/float-nonlinear-calculation/coral76.yml	../bench-defs/sv-benchmarks/java/properties/no-runtime-exception.prp	true	['../bench-defs/sv-benchmarks/java/common', '../bench-defs/sv-benchmarks/java/float-nonlinear-calculation/coral76', '../bench-defs/sv-benchmarks/java/float-nonlinear-calculation/common']	37aa112fefb6181b7ebf23a79af751fc9a3f4439163935ba9b5e7f0f39db91dc
../bench-defs/sv-benchmarks/java/float-nonlinear-calculation/coral77.yml	../bench-defs/sv-benchmarks/java/properties/no-runtime-exception.prp	true	['../bench-defs/sv-benchmarks/java/common', '../bench-defs/sv-benchmarks/java/float-nonlinear-calculation/coral77', '../bench-defs/sv-benchmarks/java/float-nonlinear-calculation/common']	b63ace3cb07cb62ce429065f2303db1dbce85b8856f47283cf0fcd1d7768b44c
../bench-defs/sv-benchmarks/java/float-nonlinear-calculation/coral79.yml	../bench-defs/sv-benchmarks/java/properties/no-runtime-exception.prp	true	['../bench-defs/sv-benchmarks/java/common', '../bench-defs/sv-benchmarks/java/float-nonlinear-calculation/coral79', '../bench-defs/sv-benchmarks/java/float-nonlinear-calculation/common']	417249d63363f15614cacabc0fcbc92b82d5c5bef92550415dd0be0e4206d7fc
../bench-defs/sv-benchmarks/java/float-nonlinear-calculation/coral80.yml	../bench-defs/sv-benchmarks/java/properties/no-runtime-exception.prp	true	['../bench-defs/sv-benchmarks/java/common', '../bench-defs/sv-benchmarks/java/float-nonlinear-calculation/coral80', '../bench-defs/sv-benchmarks/java/float-nonlinear-calculation/common']	c3bf8ed5354c8f5bde84a2dd3481e6ca83e02b8d2afbc01e23e012d3e5261031
../bench-defs/sv-benchmarks/java/float-nonlinear-calculation/coral81.yml	../bench-defs/sv-benchmarks/java/properties/no-runtime-exception.prp	true	['../bench-defs/sv-benchmarks/java/common', '../bench-defs/sv-benchmarks/java/float-nonlinear-calculation/coral81', '../bench-defs/sv-benchmarks/java/float-nonlinear-calculation/common']	d175f3fea48487238585f8e0825f0657391757b38eac68fdb8204af083e9bd99
../bench-defs/sv-benchmarks/java/float-nonlinear-calculation/coral84.yml	../bench-defs/sv-benchmarks/java/properties/no-runtime-exception.prp	true	['../bench-defs/sv-benchmarks/java/common', '../bench-defs/sv-benchmarks/java/float-nonlinear-calculation/coral84', '../bench-defs/sv-benchmarks/java/float-nonlinear-calculation/common']	de5f329ca9952e16472575445d2c254a5bca8ab1e9542cbf35b5d9c226e4c34f
../bench-defs/sv-benchmarks/java/float-nonlinear-calculation/coral9.yml	../bench-defs/sv-benchmarks/java/properties/no-runtime-exception.prp	true	['../bench-defs/sv-benchmarks/java/common', '../bench-defs/sv-benchmarks/java/float-nonlinear-calculation/coral9', '../bench-defs/sv-benchmarks/java/float-nonlinear-calculation/common']	cd1f5c32b27e044bef02d00691cc4704a5a774ee77fa026f4381509c261fe063
../bench-defs/sv-benchmarks/java/float-nonlinear-calculation/coral91.yml	../bench-defs/sv-benchmarks/java/properties/no-runtime-exception.prp	true	['../bench-defs/sv-benchmarks/java/common', '../bench-defs/sv-benchmarks/java/float-nonlinear-calculation/coral91', '../bench-defs/sv-benchmarks/java/float-nonlinear-calculation/common']	56a328f53af78f43e3dc8e50f3d85480730f56dc75c4e35355cd8eb7fbb8b4da
../bench-defs/sv-benchmarks/java/argv-tasks/AbstractChart_exceptionless.yml	../bench-defs/sv-benchmarks/java/properties/no-runtime-exception.prp	true	['../bench-defs/sv-benchmarks/java/common', '../bench-defs/sv-benchmarks/java/argv-tasks/AbstractChart_exceptionless']	a67bc11f9e74a39983a0dcac38046d59fbf08f6d2249792963dfb750ecfe2926
../bench-defs/sv-benchmarks/java/argv-tasks/AbstractChart_exceptionprone.yml	../bench-defs/sv-benchmarks/java/properties/no-runtime-exception.prp	false	['../bench-defs/sv-benchmarks/java/common', '../bench-defs/sv-benchmarks/java/argv-tasks/AbstractChart_exceptionprone']	8d134363c6ba4d04751f1f83a184f39f37c63e84ed7f98e78d044f83546cb210
../bench-defs/sv-benchmarks/java/argv-tasks/AbstractSerializationStreamReader_false.yml	../bench-defs/sv-benchmarks/java/properties/no-runtime-exception.prp	true	['../bench-defs/sv-benchmarks/java/common', '../bench-defs/sv-benchmarks/java/argv-tasks/AbstractSerializationStreamReader_false']	f3323f6b0008287293cb48755db894a8a2ef63b442d91a5e6a422935bb62c258
../bench-defs/sv-benchmarks/java/argv-tasks/AbstractSerializationStreamReader_true.yml	../bench-defs/sv-benchmarks/java/properties/no-runtime-exception.prp	true	['../bench-defs/sv-benchmarks/java/common', '../bench-defs/sv-benchmarks/java/argv-tasks/AbstractSerializationStreamReader_true']	e92dc225fe214539cdb57c75fa2d67f0d2c75101f96a72738caf96496b51d445
../bench-defs/sv-benchmarks/java/argv-tasks/AccelerometerListener_false.yml	../bench-defs/sv-benchmarks/java/properties/no-runtime-exception.prp	true	['../bench-defs/sv-benchmarks/java/common', '../bench-defs/sv-benchmarks/java/argv-tasks/AccelerometerListener_false']	da48696a8a3c9c3afcaae98154f0b643202bd4729a32678ce8a81d3487754c92
../bench-defs/sv-benchmarks/java/argv-tasks/AccelerometerListener_true.yml	../bench-defs/sv-benchmarks/java/properties/no-runtime-exception.prp	true	['../bench-defs/sv-benchmarks/java/common', '../bench-defs/sv-benchmarks/java/argv-tasks/AccelerometerListener_true']	1dbddca8e6b0ec0328f8e04980212527bbad59066796a210159e172798170a24
../bench-defs/sv-benchmarks/java/argv-tasks/AlbersProjection_false.yml	../bench-defs/sv-benchmarks/java/properties/no-runtime-exception.prp	true	['../bench-defs/sv-benchmarks/java/common', '../bench-defs/sv-benchmarks/java/argv-tasks/AlbersProjection_false']	b904e7a4a8ee859be0f47d0af92a99cb3f647cfa82c609f645fc96b982055d7e
../bench-defs/sv-benchmarks/java/argv-tasks/AlbersProjection_true.yml	../bench-defs/sv-benchmarks/java/properties/no-runtime-exception.prp	true	['../bench-defs/sv-benchmarks/java/common', '../bench-defs/sv-benchmarks/java/argv-tasks/AlbersProjection_true']	5ee1544efc89103c75152df4bd2a72860b4fb95c50632070c68a1d453cf9ac36
../bench-defs/sv-benchmarks/java/argv-tasks/Constant_false.yml	../bench-defs/sv-benchmarks/java/properties/no-runtime-exception.prp	true	['../bench-defs/sv-benchmarks/java/common', '../bench-defs/sv-benchmarks/java/argv-tasks/Constant_false']	4fa6d78955aa6b54d98943ffbee9c129a532fbbcf88710cdbbf875e01c369702
../bench-defs/sv-benchmarks/java/argv-tasks/Constant_true.yml	../bench-defs/sv-benchmarks/java/properties/no-runtime-exception.prp	true	['../bench-defs/sv-benchmarks/java/common', '../bench-defs/sv-benchmarks/java/argv-tasks/Constant_true']	2d97e9b1a57470a9ed3cb3e6ad942ff0b924f0bb6b05983b38fb8d25cd082e59
../bench-defs/sv-benchmarks/java/argv-tasks/CorrelationUtils_exceptionless.yml	../bench-defs/sv-benchmarks/java/properties/no-runtime-exception.prp	true	['../bench-defs/sv-benchmarks/java/common', '../bench-defs/sv-benchmarks/java/argv-tasks/CorrelationUtils_exceptionless']	5d020b666191f722da1636c7061d86e5d203aeeb1ce527fce5236cedb45f33fe
../bench-defs/sv-benchmarks/java/argv-tasks/CorrelationUtils_exceptionprone.yml	../bench-defs/sv-benchmarks/java/properties/no-runtime-exception.prp	false	['../bench-defs/sv-benchmarks/java/common', '../bench-defs/sv-benchmarks/java/argv-tasks/CorrelationUtils_exceptionprone']	cfa4ed1e2975a202e4d2f945d150b5e72a52c0970a1a2d3283a6d74bb42a73c2
../bench-defs/sv-benchmarks/java/argv-tasks/DistinguishedNameParser.yml	../bench-defs/sv-benchmarks/java/properties/no-runtime-exception.prp	false	['../bench-defs/sv-benchmarks/java/common', '../bench-defs/sv-benchmarks/java/argv-tasks/DistinguishedNameParser']	7a529c07405b3a8a4981c04cde9a0f86f4d87a48e5861257f538a96f3a4ca3fa
../bench-defs/sv-benchmarks/java/argv-tasks/EquidistantConicProjection_false.yml	../bench-defs/sv-benchmarks/java/properties/no-runtime-exception.prp	true	['../bench-defs/sv-benchmarks/java/common', '../bench-defs/sv-benchmarks/java/argv-tasks/EquidistantConicProjection_false']	61b007bcd323e8e78456a191ed7f1cbc19859e9251f0c60a139d95909aa48b54
../bench-defs/sv-benchmarks/java/argv-tasks/EquidistantConicProjection_true.yml	../bench-defs/sv-benchmarks/java/properties/no-runtime-exception.prp	true	['../bench-defs/sv-benchmarks/java/common', '../bench-defs/sv-benchmarks/java/argv-tasks/EquidistantConicProjection_true']	3bfe72ab9b385dc9b132b5ac9293f1651e41323e9069a1b7e7661628c5d84cc6
../bench-defs/sv-benchmarks/java/argv-tasks/FractalTouchHandler_false.yml	../bench-defs/sv-benchmarks/java/properties/no-runtime-exception.prp	true	['../bench-defs/sv-benchmarks/java/common', '../bench-defs/sv-benchmarks/java/argv-tasks/FractalTouchHandler_false']	0fd6351da56b130272875187e8133f613bfe81647834cec5525c3d8327cdb5fb
../bench-defs/sv-benchmarks/java/argv-tasks/FractalTouchHandler_true.yml	../bench-defs/sv-benchmarks/java/properties/no-runtime-exception.prp	true	['../bench-defs/sv-benchmarks/java/common', '../bench-defs/sv-benchmarks/java/argv-tasks/FractalTouchHandler_true']	d4bf6b01b5e9d23bda28a34c47fb2457e0bd00683d68862093972cecaa2e102a
../bench-defs/sv-benchmarks/java/argv-tasks/GaussianGenerator_exceptionless.yml	../bench-defs/sv-benchmarks/java/properties/no-runtime-exception.prp	true	['../bench-defs/sv-benchmarks/java/common', '../bench-defs/sv-benchmarks/java/argv-tasks/GaussianGenerator_exceptionless']	3fc3086fe3407d57c28b5afc891ef9f4ca89b0f6b332608acab2f9275ad2ea4f
../bench-defs/sv-benchmarks/java/argv-tasks/GaussianGenerator_exceptionprone.yml	../bench-defs/sv-benchmarks/java/properties/no-runtime-exception.prp	false	['../bench-defs/sv-benchmarks/java/common', '../bench-defs/sv-benchmarks/java/argv-tasks/GaussianGenerator_exceptionprone']	13653143a858cdca853777e8f4a693337077b249a1081b5e9f33400eae518236
../bench-defs/sv-benchmarks/java/argv-tasks/GraphFragment_false.yml	../bench-defs/sv-benchmarks/java/properties/no-runtime-exception.prp	true	['../bench-defs/sv-benchmarks/java/common', '../bench-defs/sv-benchmarks/java/argv-tasks/GraphFragment_false']	7d9e932de8083428cff8de96cd9e8a77ef857473e4ade3620a219d138800ddf9
../bench-defs/sv-benchmarks/java/argv-tasks/GraphFragment_true.yml	../bench-defs/sv-benchmarks/java/properties/no-runtime-exception.prp	true	['../bench-defs/sv-benchmarks/java/common', '../bench-defs/sv-benchmarks/java/argv-tasks/GraphFragment_true']	7acb4cddedaced740ec11ff1de75187983febae475d5b4364bb4b91c617913a2
../bench-defs/sv-benchmarks/java/argv-tasks/HighlightView_false.yml	../bench-defs/sv-benchmarks/java/properties/no-runtime-exception.prp	true	['../bench-defs/sv-benchmarks/java/common', '../bench-defs/sv-benchmarks/java/argv-tasks/HighlightView_false']	41ee615658e5b13f922e2f3d9b8492183d95c58c4ac4926b2c824206721f72d6
../bench-defs/sv-benchmarks/java/argv-tasks/HighlightView_true.yml	../bench-defs/sv-benchmarks/java/properties/no-runtime-exception.prp	true	['../bench-defs/sv-benchmarks/java/common', '../bench-defs/sv-benchmarks/java/argv-tasks/HighlightView_true']	192b867b77e650189871b40876a5e70e4e8d0f1eda6c9b6723cd1e7ddd5ab772
../bench-defs/sv-benchmarks/java/argv-tasks/HotspotIntegerGenerator_false.yml	../bench-defs/sv-benchmarks/java/properties/no-runtime-exception.prp	true	['../bench-defs/sv-benchmarks/java/common', '../bench-defs/sv-benchmarks/java/argv-tasks/HotspotIntegerGenerator_false']	9f5778754680a0ee1943fd00976b50fd87f77e108268d2c536d89f9e05aa51e1
../bench-defs/sv-benchmarks/java/argv-tasks/HotspotIntegerGenerator_true.yml	../bench-defs/sv-benchmarks/java/properties/no-runtime-exception.prp	true	['../bench-defs/sv-benchmarks/java/common', '../bench-defs/sv-benchmarks/java/argv-tasks/HotspotIntegerGenerator_true']	80db49e70fa13faf7669610863204df51037a84154c9450db433617b540221f0
../bench-defs/sv-benchmarks/java/argv-tasks/JobsExample.yml	../bench-defs/sv-benchmarks/java/properties/no-runtime-exception.prp	false	['../bench-defs/sv-benchmarks/java/common', '../bench-defs/sv-benchmarks/java/argv-tasks/JobsExample']	3d30cd0c445b6e87e730d4fa1bd36f39fd9e292194411a9a7b985cdfc8868021
../bench-defs/sv-benchmarks/java/argv-tasks/MathHelper_false.yml	../bench-defs/sv-benchmarks/java/properties/no-runtime-exception.prp	true	['../bench-defs/sv-benchmarks/java/common', '../bench-defs/sv-benchmarks/java/argv-tasks/MathHelper_false']	5094acbb65c7ce5fef617ef94cf7d8f1cd1ebaa9fb44bcd2d19b5ab72c7a0f6c
../bench-defs/sv-benchmarks/java/argv-tasks/MathHelper_true.yml	../bench-defs/sv-benchmarks/java/properties/no-runtime-exception.prp	true	['../bench-defs/sv-benchmarks/java/common', '../bench-defs/sv-benchmarks/java/argv-tasks/MathHelper_true']	c421a8a6f37cce31905a10022608f174179302807dcccf68883b4b14d4493095
../bench-defs/sv-benchmarks/java/argv-tasks/Pan_exceptionless.yml	../bench-defs/sv-benchmarks/java/properties/no-runtime-exception.prp	true	['../bench-defs/sv-benchmarks/java/common', '../bench-defs/sv-benchmarks/java/argv-tasks/Pan_exceptionless']	ac0d7bb3bb74a29613cb19fe437a71870505797adaf54164ef3594c5257a1acb
../bench-defs/sv-benchmarks/java/argv-tasks/Pan_exceptionprone.yml	../bench-defs/sv-benchmarks/java/properties/no-runtime-exception.prp	false	['../bench-defs/sv-benchmarks/java/common', '../bench-defs/sv-benchmarks/java/argv-tasks/Pan_exceptionprone']	14ef48f5902479908243af04272be7ba374bed3d7e784f6533f09554a041f9db
../bench-defs/sv-benchmarks/java/argv-tasks/PieSegment_false.yml	../bench-defs/sv-benchmarks/java/properties/no-runtime-exception.prp	true	['../bench-defs/sv-benchmarks/java/common', '../bench-defs/sv-benchmarks/java/argv-tasks/PieSegment_false']	fabc5e35eef0fc727b4a69ac749ff7a9b16f71d62476428abff347cae66786a3
../bench-defs/sv-benchmarks/java/argv-tasks/PieSegment_true.yml	../bench-defs/sv-benchmarks/java/properties/no-runtime-exception.prp	true	['../bench-defs/sv-benchmarks/java/common', '../bench-defs/sv-benchmarks/java/argv-tasks/PieSegment_true']	bfac13bb2fe67eb9cdec1c480a622874434aa7a90d66ebe01845e7824c3dbefd
../bench-defs/sv-benchmarks/java/argv-tasks/Piecewise_false.yml	../bench-defs/sv-benchmarks/java/properties/no-runtime-exception.prp	true	['../bench-defs/sv-benchmarks/java/common', '../bench-defs/sv-benchmarks/java/argv-tasks/Piecewise_false']	71f466cc427d2c234a16a242444935196852c5986a00ca0a31b18f6688bf47d3
../bench-defs/sv-benchmarks/java/argv-tasks/Piecewise_true.yml	../bench-defs/sv-benchmarks/java/properties/no-runtime-exception.prp	true	['../bench-defs/sv-benchmarks/java/common', '../bench-defs/sv-benchmarks/java/argv-tasks/Piecewise_true']	54afe4dac57b58ad7f329478acb195c7020ad1b9f2721112418711d08d6de9de
../bench-defs/sv-benchmarks/java/argv-tasks/ProjectionGridRoundTripper_exceptionless.yml	../bench-defs/sv-benchmarks/java/properties/no-runtime-exception.prp	true	['../bench-defs/sv-benchmarks/java/common', '../bench-defs/sv-benchmarks/java/argv-tasks/ProjectionGridRoundTripper_exceptionless']	0d7581292c88efce1f13896e3ac1ee04a3f2a6cd56666745e29bc267b40fa0b8
../bench-defs/sv-benchmarks/java/argv-tasks/ProjectionGridRoundTripper_exceptionprone.yml	../bench-defs/sv-benchmarks/java/properties/no-runtime-exception.prp	false	['../bench-defs/sv-benchmarks/java/common', '../bench-defs/sv-benchmarks/java/argv-tasks/ProjectionGridRoundTripper_exceptionprone']	5533f34e234e2c9cec9aef043a705c1fdd7cf8daa17515913fb770994db7f0e4
../bench-defs/sv-benchmarks/java/argv-tasks/ProjectionMath_exceptionless.yml	../bench-defs/sv-benchmarks/java/properties/no-runtime-exception.prp	true	['../bench-defs/sv-benchmarks/java/common', '../bench-defs/sv-benchmarks/java/argv-tasks/ProjectionMath_exceptionless']	9be0d1126c7b3a34cdf58335ce028086255fabcbf030bb895cfdfadcc3dd6944
../bench-defs/sv-benchmarks/java/argv-tasks/ProjectionMath_exceptionprone.yml	../bench-defs/sv-benchmarks/java/properties/no-runtime-exception.prp	false	['../bench-defs/sv-benchmarks/java/common', '../bench-defs/sv-benchmarks/java/argv-tasks/ProjectionMath_exceptionprone']	01d7a5f8b13ea058bc7585fc04cf4de16a4ebfa30f23b3e79c5f93f1b97e5847
../bench-defs/sv-benchmarks/java/argv-tasks/ReverseInterpolator_false.yml	../bench-defs/sv-benchmarks/java/properties/no-runtime-exception.prp	true	['../bench-defs/sv-benchmarks/java/common', '../bench-defs/sv-benchmarks/java/argv-tasks/ReverseInterpolator_false']	c1c5932444d8d884fca78ec908e3fe7d00695752e8dc010df0aa0dbe8d41e806
../bench-defs/sv-benchmarks/java/argv-tasks/ReverseInterpolator_true.yml	../bench-defs/sv-benchmarks/java/properties/no-runtime-exception.prp	true	['../bench-defs/sv-benchmarks/java/common', '../bench-defs/sv-benchmarks/java/argv-tasks/ReverseInterpolator_true']	8b4d49197b3812dde0d67e24c228a63f815b0ca95505bf5312e29cfb26355d7c
../bench-defs/sv-benchmarks/java/argv-tasks/StdAudio_exceptionless.yml	../bench-defs/sv-benchmarks/java/properties/no-runtime-exception.prp	true	['../bench-defs/sv-benchmarks/java/common', '../bench-defs/sv-benchmarks/java/argv-tasks/StdAudio_exceptionless']	435976a3c9ba9b1e98b08ac507cf3661e3d361ffae44a9b71cd1271b909fa814
../bench-defs/sv-benchmarks/java/argv-tasks/StdAudio_exceptionprone.yml	../bench-defs/sv-benchmarks/java/properties/no-runtime-exception.prp	false	['../bench-defs/sv-benchmarks/java/common', '../bench-defs/sv-benchmarks/java/argv-tasks/StdAudio_exceptionprone']	28ad80c927521b8a93c85d1ab9b5cdc3e39fffbd83ff334858e9c22b7e694a53
../bench-defs/sv-benchmarks/java/argv-tasks/StdRandom_exceptionless.yml	../bench-defs/sv-benchmarks/java/properties/no-runtime-exception.prp	true	['../bench-defs/sv-benchmarks/java/common', '../bench-defs/sv-benchmarks/java/argv-tasks/StdRandom_exceptionless']	9d69643f86fb2160d1bb3c764e134cbaecd79676bc9807fe8116604fed0cd60e
../bench-defs/sv-benchmarks/java/argv-tasks/StdRandom_exceptionprone.yml	../bench-defs/sv-benchmarks/java/properties/no-runtime-exception.prp	false	['../bench-defs/sv-benchmarks/java/common', '../bench-defs/sv-benchmarks/java/argv-tasks/StdRandom_exceptionprone']	534570339c69cc7385866305402725aaf9ac2a868d56a1f6918cf3882834200e
../bench-defs/sv-benchmarks/java/argv-tasks/SunTimes_false.yml	../bench-defs/sv-benchmarks/java/properties/no-runtime-exception.prp	true	['../bench-defs/sv-benchmarks/java/common', '../bench-defs/sv-benchmarks/java/argv-tasks/SunTimes_false']	f4345475bd0896f7ebad6a5d0bd3e0b938a94ffb32f13b985be2e029989e5b62
../bench-defs/sv-benchmarks/java/argv-tasks/SunTimes_true.yml	../bench-defs/sv-benchmarks/java/properties/no-runtime-exception.prp	true	['../bench-defs/sv-benchmarks/java/common', '../bench-defs/sv-benchmarks/java/argv-tasks/SunTimes_true']	d0bd98c65c4aad4c3b34c820fecef0e977ca729e7ae8730c5fca181a35241342
../bench-defs/sv-benchmarks/java/argv-tasks/TallyCounts_false.yml	../bench-defs/sv-benchmarks/java/properties/no-runtime-exception.prp	true	['../bench-defs/sv-benchmarks/java/common', '../bench-defs/sv-benchmarks/java/argv-tasks/TallyCounts_false']	9d2809c2d366c568dd73bd17c4fe84559931ab505a23c917ae65f810f13914d5
../bench-defs/sv-benchmarks/java/argv-tasks/TallyCounts_true.yml	../bench-defs/sv-benchmarks/java/properties/no-runtime-exception.prp	true	['../bench-defs/sv-benchmarks/java/common', '../bench-defs/sv-benchmarks/java/argv-tasks/TallyCounts_true']	9f64419b77bcb19361aefa2834b3efb35769fc33b25279c23f8626150e97d6bb
../bench-defs/sv-benchmarks/java/argv-tasks/WeibullGenerator_exceptionless.yml	../bench-defs/sv-benchmarks/java/properties/no-runtime-exception.prp	true	['../bench-defs/sv-benchmarks/java/common', '../bench-defs/sv-benchmarks/java/argv-tasks/WeibullGenerator_exceptionless']	2bc3a75b2621003f408aeeb8e5ee8dd6c67f8b4ea05cdf6d1d847bb28aee46fc
../bench-defs/sv-benchmarks/java/argv-tasks/WeibullGenerator_exceptionprone.yml	../bench-defs/sv-benchmarks/java/properties/no-runtime-exception.prp	false	['../bench-defs/sv-benchmarks/java/common', '../bench-defs/sv-benchmarks/java/argv-tasks/WeibullGenerator_exceptionprone']	60ca7b376ad39aaa85291a99fe2b13098f85b54d1e64c50e05b7ee74e1597617
../bench-defs/sv-benchmarks/java/objects/objects01.yml	../bench-defs/sv-benchmarks/java/properties/no-runtime-exception.prp	false	['../bench-defs/sv-benchmarks/java/common', '../bench-defs/sv-benchmarks/java/objects/classes', '../bench-defs/sv-benchmarks/java/objects/objects01']	d0cbdbb0de6e2df7289b49e5b8e28b6e2ef8fa18117aa0f725eb51630601bca9
../bench-defs/sv-benchmarks/java/objects/objects02.yml	../bench-defs/sv-benchmarks/java/properties/no-runtime-exception.prp	false	['../bench-defs/sv-benchmarks/java/common', '../bench-defs/sv-benchmarks/java/objects/classes', '../bench-defs/sv-benchmarks/java/objects/objects02']	09d06da71297d53d3f55b616b16d7cb6885c9365b829bab778e7dcab561c1996
../bench-defs/sv-benchmarks/java/objects/objects03.yml	../bench-defs/sv-benchmarks/java/properties/no-runtime-exception.prp	true	['../bench-defs/sv-benchmarks/java/common', '../bench-defs/sv-benchmarks/java/objects/classes', '../bench-defs/sv-benchmarks/java/objects/objects03']	813bdbdfd7fca39033ad913d7362738f9c5ffd74f6eac2191f320dd324d46f47
../bench-defs/sv-benchmarks/java/objects/objects04.yml	../bench-defs/sv-benchmarks/java/properties/no-runtime-exception.prp	true	['../bench-defs/sv-benchmarks/java/common', '../bench-defs/sv-benchmarks/java/objects/classes', '../bench-defs/sv-benchmarks/java/objects/objects04']	e729f90caef6904ec7052727681be556278a962767441bab7f4083dcacb78bb5
../bench-defs/sv-benchmarks/java/objects/objects05.yml	../bench-defs/sv-benchmarks/java/properties/no-runtime-exception.prp	true	['../bench-defs/sv-benchmarks/java/common', '../bench-defs/sv-benchmarks/java/objects/classes', '../bench-defs/sv-benchmarks/java/objects/objects05']	588611f2f8f8a4d06a6ca611c38bf5bc64c9ad485287c8d2fd5933144c94cbff
../bench-defs/sv-benchmarks/java/objects/objects06.yml	../bench-defs/sv-benchmarks/java/properties/no-runtime-exception.prp	true	['../bench-defs/sv-benchmarks/java/common', '../bench-defs/sv-benchmarks/java/objects/classes', '../bench-defs/sv-benchmarks/java/objects/objects06']	504d2355fd43749851ddc7e263fef3a53fde74601e53abedb89275b031af2e7c
../bench-defs/sv-benchmarks/java/objects/objects07.yml	../bench-defs/sv-benchmarks/java/properties/no-runtime-exception.prp	true	['../bench-defs/sv-benchmarks/java/common', '../bench-defs/sv-benchmarks/java/objects/classes', '../bench-defs/sv-benchmarks/java/objects/objects07']	f1e4afcb3517e0d19994d55a6259aaa960a0a00d9e6a8566c5b14038094a5f10
../bench-defs/sv-benchmarks/java/objects/objects08.yml	../bench-defs/sv-benchmarks/java/properties/no-runtime-exception.prp	true	['../bench-defs/sv-benchmarks/java/common', '../bench-defs/sv-benchmarks/java/objects/classes', '../bench-defs/sv-benchmarks/java/objects/objects08']	b5c58b8359a19bf5efb01409982b19f66acd69c2c556008acf31b8ed55d9f48c
../bench-defs/sv-benchmarks/java/objects/objects09.yml	../bench-defs/sv-benchmarks/java/properties/no-runtime-exception.prp	true	['../bench-defs/sv-benchmarks/java/common', '../bench-defs/sv-benchmarks/java/objects/classes', '../bench-defs/sv-benchmarks/java/objects/objects09']	812e099db53f43312c2596ca1523d9ea1ae4ad307183e76527da6ac86d47daff
../bench-defs/sv-benchmarks/java/objects/objects10.yml	../bench-defs/sv-benchmarks/java/properties/no-runtime-exception.prp	true	['../bench-defs/sv-benchmarks/java/common', '../bench-defs/sv-benchmarks/java/objects/classes', '../bench-defs/sv-benchmarks/java/objects/objects10']	210ae6d01e1683c84f2c6914b4c9caf7f01719bcb05d7b6e3d54860748a5d2c1
../bench-defs/sv-benchmarks/java/objects/objects11.yml	../bench-defs/sv-benchmarks/java/properties/no-runtime-exception.prp	true	['../bench-defs/sv-benchmarks/java/common', '../bench-defs/sv-benchmarks/java/objects/classes', '../bench-defs/sv-benchmarks/java/objects/objects11']	70475214a4e261fd328ef9c7f0fdfe260c4e98944d26f35c711418df13aade43
../bench-defs/sv-benchmarks/java/objects/objects12.yml	../bench-defs/sv-benchmarks/java/properties/no-runtime-exception.prp	false	['../bench-defs/sv-benchmarks/java/common', '../bench-defs/sv-benchmarks/java/objects/classes', '../bench-defs/sv-benchmarks/java/objects/objects12']	506e1cc7f5cb9203d4712040f2ade73ffd17d216a798590e481011b4f8e4902b
../bench-defs/sv-benchmarks/java/objects/objects13.yml	../bench-defs/sv-benchmarks/java/properties/no-runtime-exception.prp	false	['../bench-defs/sv-benchmarks/java/common', '../bench-defs/sv-benchmarks/java/objects/classes', '../bench-defs/sv-benchmarks/java/objects/objects13']	66ddb9432964d922a677a5f51c52b08949c4642515cf8fc5329fce5f277e62b6
../bench-defs/sv-benchmarks/java/objects/objects14.yml	../bench-defs/sv-benchmarks/java/properties/no-runtime-exception.prp	false	['../bench-defs/sv-benchmarks/java/common', '../bench-defs/sv-benchmarks/java/objects/classes', '../bench-defs/sv-benchmarks/java/objects/objects14']	033dd48125ca480f361f194c1538c3c83caebcbcea939654c5ff1f0bf6642d6a
